NGX,2026100512,6,2026100518,27,25,2,93
NGX,2026100512,12,2026100600,28,25,3,94
NGX,2026100512,18,2026100606,28,25,3,78
NGX,2026100512,24,2026100612,33,25,8,60
NGX,2026100512,30,2026100618,36,30,6,60
NGX,2026100512,36,2026100700,33,30,3,54
NGX,2026100512,42,2026100706,34,35,-1,72
NGX,2026100512,48,2026100712,32,40,-8,82
NGX,2026100512,54,2026100718,32,50,-18,102
NGX,2026100512,60,2026100800,33,60,-27,144
NGX,2026100512,66,2026100806,42,70,-28,199
NGX,2026100512,72,2026100812,44,75,-31,252
NGX,2026100512,84,2026100900,64,85,-21,315
NGX,2026100512,96,2026100912,70,105,-35,396
CEMN,2026100512,6,2026100518,23,25,-2,66
CEMN,2026100512,12,2026100600,25,25,0,72
DSHP,2026100512,12,2026100600,29,25,4,78
DSHP,2026100512,24,2026100612,27,25,2,129
DSHP,2026100512,36,2026100700,27,30,-3,197
DSHP,2026100512,48,2026100712,27,40,-13,287
DSHP,2026100512,60,2026100800,27,60,-33,400
DSHP,2026100512,72,2026100812,27,75,-48,519
DSHP,2026100512,84,2026100900,27,85,-58,661
DSHP,2026100512,96,2026100912,27,105,-78,806
IVCN,2026100512,12,2026100600,29,25,4,
IVCN,2026100512,24,2026100612,27,25,2,
IVCN,2026100512,36,2026100700,27,30,-3,
IVCN,2026100512,48,2026100712,27,40,-13,
IVCN,2026100512,60,2026100800,27,60,-33,
IVCN,2026100512,72,2026100812,27,75,-48,
IVCN,2026100512,84,2026100900,27,85,-58,
IVCN,2026100512,96,2026100912,27,105,-78,
LGEM,2026100512,12,2026100600,29,25,4,78
LGEM,2026100512,24,2026100612,27,25,2,129
LGEM,2026100512,36,2026100700,27,30,-3,197
LGEM,2026100512,48,2026100712,27,40,-13,287
LGEM,2026100512,60,2026100800,27,60,-33,400
LGEM,2026100512,72,2026100812,27,75,-48,519
LGEM,2026100512,84,2026100900,27,85,-58,661
LGEM,2026100512,96,2026100912,27,105,-78,806
NNIB,2026100512,12,2026100600,29,25,4,46
NNIB,2026100512,24,2026100612,27,25,2,85
NNIB,2026100512,36,2026100700,27,30,-3,155
NNIB,2026100512,48,2026100712,27,40,-13,250
NNIB,2026100512,60,2026100800,27,60,-33,361
NNIB,2026100512,72,2026100812,27,75,-48,465
NNIB,2026100512,84,2026100900,27,85,-58,578
NNIB,2026100512,96,2026100912,27,105,-78,706
NNIC,2026100512,12,2026100600,31,25,6,46
NNIC,2026100512,24,2026100612,29,25,4,85
NNIC,2026100512,36,2026100700,28,30,-2,155
NNIC,2026100512,48,2026100712,29,40,-11,250
NNIC,2026100512,60,2026100800,30,60,-30,361
NNIC,2026100512,72,2026100812,30,75,-45,465
NNIC,2026100512,84,2026100900,31,85,-54,578
NNIC,2026100512,96,2026100912,31,105,-74,706
OCD5,2026100512,12,2026100600,34,25,9,25
OCD5,2026100512,24,2026100612,43,25,18,33
OCD5,2026100512,36,2026100700,49,30,19,83
OCD5,2026100512,48,2026100712,54,40,14,123
OCD5,2026100512,60,2026100800,55,60,-5,175
OCD5,2026100512,72,2026100812,56,75,-19,221
OCD5,2026100512,84,2026100900,49,85,-36,263
OCD5,2026100512,96,2026100912,50,105,-55,327
SHF5,2026100512,12,2026100600,34,25,9,
SHF5,2026100512,24,2026100612,43,25,18,
SHF5,2026100512,36,2026100700,49,30,19,
SHF5,2026100512,48,2026100712,54,40,14,
SHF5,2026100512,60,2026100800,55,60,-5,
SHF5,2026100512,72,2026100812,56,75,-19,
SHF5,2026100512,84,2026100900,49,85,-36,
SHF5,2026100512,96,2026100912,50,105,-55,
SHIP,2026100512,12,2026100600,29,25,4,78
SHIP,2026100512,24,2026100612,34,25,9,129
SHIP,2026100512,36,2026100700,38,30,8,197
SHIP,2026100512,48,2026100712,45,40,5,287
SHIP,2026100512,60,2026100800,53,60,-7,400
SHIP,2026100512,72,2026100812,60,75,-15,519
SHIP,2026100512,84,2026100900,60,85,-25,661
SHIP,2026100512,96,2026100912,59,105,-46,806
TCLP,2026100512,12,2026100600,29,25,4,30
TCLP,2026100512,24,2026100612,31,25,6,48
TCLP,2026100512,36,2026100700,33,30,3,117
TCLP,2026100512,48,2026100712,34,40,-6,203
TCLP,2026100512,60,2026100800,30,60,-30,315
TCLP,2026100512,72,2026100812,28,75,-47,426
TCLP,2026100512,84,2026100900,27,85,-58,534
TCLP,2026100512,96,2026100912,27,105,-78,630
AC00,2026100518,6,2026100600,25,25,0,85
AC00,2026100518,12,2026100606,26,25,1,21
AC00,2026100518,18,2026100612,27,25,2,30
AC00,2026100518,24,2026100618,29,30,-1,48
AC00,2026100518,30,2026100700,28,30,-2,51
AC00,2026100518,36,2026100706,25,35,-10,74
AC00,2026100518,42,2026100712,27,40,-13,93
AC00,2026100518,48,2026100718,25,50,-25,98
AC00,2026100518,54,2026100800,24,60,-36,91
AC00,2026100518,60,2026100806,24,70,-46,104
AC00,2026100518,66,2026100812,34,75,-41,112
AC00,2026100518,72,2026100818,39,80,-41,131
AC00,2026100518,78,2026100900,34,85,-51,183
AC00,2026100518,84,2026100906,40,90,-50,222
AC00,2026100518,90,2026100912,40,105,-65,277
AEMN,2026100518,6,2026100600,26,25,1,74
AEMN,2026100518,12,2026100606,28,25,3,54
AEMN,2026100518,18,2026100612,28,25,3,42
AEMN,2026100518,24,2026100618,30,30,0,36
AEMN,2026100518,30,2026100700,29,30,-1,25
AEMN,2026100518,36,2026100706,28,35,-7,48
AEMN,2026100518,42,2026100712,28,40,-12,58
AEMN,2026100518,48,2026100718,28,50,-22,58
AEMN,2026100518,54,2026100800,29,60,-31,78
AEMN,2026100518,60,2026100806,30,70,-40,110
AEMN,2026100518,66,2026100812,34,75,-41,134
AEMN,2026100518,72,2026100818,36,80,-44,155
AEMN,2026100518,78,2026100900,37,85,-48,191
AEMN,2026100518,84,2026100906,39,90,-51,236
AEMN,2026100518,90,2026100912,41,105,-64,284
AP01,2026100518,6,2026100600,28,25,3,40
AP01,2026100518,12,2026100606,30,25,5,51
AP01,2026100518,18,2026100612,30,25,5,28
AP01,2026100518,24,2026100618,28,30,-2,45
AP01,2026100518,30,2026100700,36,30,6,49
AP01,2026100518,36,2026100706,31,35,-4,94
AP01,2026100518,42,2026100712,25,40,-15,90
AP01,2026100518,48,2026100718,26,50,-24,68
AP01,2026100518,54,2026100800,24,60,-36,106
AP01,2026100518,60,2026100806,18,70,-52,107
AP01,2026100518,66,2026100812,21,75,-54,135
AP01,2026100518,72,2026100818,22,80,-58,163
AP01,2026100518,78,2026100900,26,85,-59,223
AP01,2026100518,84,2026100906,26,90,-64,300
AP01,2026100518,90,2026100912,31,105,-74,356
AP02,2026100518,6,2026100600,29,25,4,41
AP02,2026100518,12,2026100606,25,25,0,19
AP02,2026100518,18,2026100612,25,25,0,29
AP02,2026100518,24,2026100618,29,30,-1,29
AP02,2026100518,30,2026100700,28,30,-2,46
AP02,2026100518,36,2026100706,25,35,-10,74
AP02,2026100518,42,2026100712,27,40,-13,125
AP02,2026100518,48,2026100718,27,50,-23,146
AP02,2026100518,54,2026100800,24,60,-36,168
AP02,2026100518,60,2026100806,22,70,-48,209
AP02,2026100518,66,2026100812,23,75,-52,258
AP02,2026100518,72,2026100818,30,80,-50,259
AP02,2026100518,78,2026100900,31,85,-54,340
AP02,2026100518,84,2026100906,34,90,-56,377
AP02,2026100518,90,2026100912,33,105,-72,416
AP03,2026100518,6,2026100600,25,25,0,84
AP03,2026100518,12,2026100606,24,25,-1,37
AP03,2026100518,18,2026100612,25,25,0,29
AP03,2026100518,24,2026100618,30,30,0,51
AP03,2026100518,30,2026100700,26,30,-4,29
AP03,2026100518,36,2026100706,22,35,-13,36
AP03,2026100518,42,2026100712,25,40,-15,45
AP03,2026100518,48,2026100718,27,50,-23,64
AP03,2026100518,54,2026100800,27,60,-33,117
AP03,2026100518,60,2026100806,30,70,-40,155
AP03,2026100518,66,2026100812,47,75,-28,203
AP03,2026100518,72,2026100818,43,80,-37,241
AP03,2026100518,78,2026100900,32,85,-53,313
AP03,2026100518,84,2026100906,24,90,-66,384
AP03,2026100518,90,2026100912,21,105,-84,455
AP05,2026100518,6,2026100600,24,25,-1,213
AP05,2026100518,12,2026100606,23,25,-2,255
AP05,2026100518,18,2026100612,29,25,4,206
AP05,2026100518,24,2026100618,31,30,1,122
AP06,2026100518,6,2026100600,26,25,1,119
AP06,2026100518,12,2026100606,29,25,4,29
AP06,2026100518,18,2026100612,27,25,2,58
AP06,2026100518,24,2026100618,28,30,-2,37
AP06,2026100518,30,2026100700,30,30,0,50
AP06,2026100518,36,2026100706,26,35,-9,66
AP06,2026100518,42,2026100712,24,40,-16,66
AP06,2026100518,48,2026100718,22,50,-28,31
AP06,2026100518,54,2026100800,26,60,-34,70
AP06,2026100518,60,2026100806,23,70,-47,85
AP06,2026100518,66,2026100812,25,75,-50,73
AP06,2026100518,72,2026100818,28,80,-52,75
AP06,2026100518,78,2026100900,33,85,-52,87
AP06,2026100518,84,2026100906,34,90,-56,101
AP06,2026100518,90,2026100912,38,105,-67,129
AP07,2026100518,6,2026100600,29,25,4,84
AP07,2026100518,12,2026100606,35,25,10,84
AP07,2026100518,18,2026100612,28,25,3,54
AP07,2026100518,24,2026100618,30,30,0,41
AP07,2026100518,30,2026100700,33,30,3,13
AP07,2026100518,36,2026100706,30,35,-5,32
AP07,2026100518,42,2026100712,33,40,-7,50
AP07,2026100518,48,2026100718,34,50,-16,58
AP07,2026100518,54,2026100800,39,60,-21,67
AP07,2026100518,60,2026100806,46,70,-24,96
AP07,2026100518,66,2026100812,44,75,-31,115
AP07,2026100518,72,2026100818,46,80,-34,149
AP07,2026100518,78,2026100900,56,85,-29,161
AP07,2026100518,84,2026100906,57,90,-33,191
AP07,2026100518,90,2026100912,59,105,-46,233
AP08,2026100518,6,2026100600,25,25,0,30
AP08,2026100518,12,2026100606,23,25,-2,103
AP08,2026100518,18,2026100612,28,25,3,117
AP08,2026100518,24,2026100618,34,30,4,63
AP08,2026100518,30,2026100700,29,30,-1,46
AP08,2026100518,36,2026100706,32,35,-3,59
AP08,2026100518,42,2026100712,32,40,-8,62
AP08,2026100518,48,2026100718,33,50,-17,69
AP08,2026100518,54,2026100800,34,60,-26,96
AP08,2026100518,60,2026100806,43,70,-27,130
AP08,2026100518,66,2026100812,49,75,-26,141
AP08,2026100518,72,2026100818,59,80,-21,167
AP08,2026100518,78,2026100900,63,85,-22,203
AP08,2026100518,84,2026100906,57,90,-33,251
AP08,2026100518,90,2026100912,65,105,-40,303
AP09,2026100518,6,2026100600,27,25,2,67
AP09,2026100518,12,2026100606,26,25,1,73
AP09,2026100518,18,2026100612,29,25,4,42
AP09,2026100518,24,2026100618,29,30,-1,34
AP09,2026100518,30,2026100700,28,30,-2,30
AP09,2026100518,36,2026100706,31,35,-4,8
AP09,2026100518,42,2026100712,26,40,-14,36
AP09,2026100518,48,2026100718,35,50,-15,25
AP09,2026100518,54,2026100800,31,60,-29,24
AP09,2026100518,60,2026100806,32,70,-38,34
AP09,2026100518,66,2026100812,33,75,-42,56
AP09,2026100518,72,2026100818,34,80,-46,99
AP09,2026100518,78,2026100900,35,85,-50,143
AP09,2026100518,84,2026100906,33,90,-57,204
AP09,2026100518,90,2026100912,29,105,-76,266
AP10,2026100518,6,2026100600,28,25,3,36
AP10,2026100518,12,2026100606,35,25,10,60
AP10,2026100518,18,2026100612,33,25,8,72
AP10,2026100518,24,2026100618,31,30,1,82
AP10,2026100518,30,2026100700,32,30,2,91
AP10,2026100518,36,2026100706,27,35,-8,54
AP10,2026100518,42,2026100712,27,40,-13,54
AP10,2026100518,48,2026100718,27,50,-23,66
AP10,2026100518,54,2026100800,31,60,-29,62
AP10,2026100518,60,2026100806,34,70,-36,62
AP10,2026100518,66,2026100812,45,75,-30,53
AP10,2026100518,72,2026100818,49,80,-31,61
AP10,2026100518,78,2026100900,51,85,-34,77
AP10,2026100518,84,2026100906,53,90,-37,105
AP10,2026100518,90,2026100912,49,105,-56,140
AP11,2026100518,6,2026100600,21,25,-4,103
AP13,2026100518,6,2026100600,26,25,1,74
AP13,2026100518,12,2026100606,28,25,3,18
AP13,2026100518,18,2026100612,28,25,3,23
AP13,2026100518,24,2026100618,38,30,8,16
AP13,2026100518,30,2026100700,29,30,-1,29
AP13,2026100518,36,2026100706,30,35,-5,31
AP13,2026100518,42,2026100712,27,40,-13,21
AP13,2026100518,48,2026100718,25,50,-25,29
AP13,2026100518,54,2026100800,23,60,-37,46
AP13,2026100518,60,2026100806,30,70,-40,24
AP13,2026100518,66,2026100812,38,75,-37,30
AP13,2026100518,72,2026100818,33,80,-47,78
AP13,2026100518,78,2026100900,37,85,-48,80
AP13,2026100518,84,2026100906,43,90,-47,85
AP13,2026100518,90,2026100912,48,105,-57,106
AP14,2026100518,6,2026100600,23,25,-2,89
AP15,2026100518,6,2026100600,23,25,-2,79
AP15,2026100518,12,2026100606,24,25,-1,78
AP15,2026100518,18,2026100612,26,25,1,121
AP15,2026100518,24,2026100618,27,30,-3,72
AP15,2026100518,30,2026100700,26,30,-4,13
AP15,2026100518,36,2026100706,28,35,-7,57
AP15,2026100518,42,2026100712,34,40,-6,78
AP15,2026100518,48,2026100718,32,50,-18,82
AP15,2026100518,54,2026100800,35,60,-25,112
AP15,2026100518,60,2026100806,41,70,-29,153
AP15,2026100518,66,2026100812,49,75,-26,186
AP15,2026100518,72,2026100818,47,80,-33,200
AP15,2026100518,78,2026100900,51,85,-34,223
AP15,2026100518,84,2026100906,57,90,-33,244
AP15,2026100518,90,2026100912,59,105,-46,279
AP17,2026100518,6,2026100600,34,25,9,121
AP17,2026100518,12,2026100606,30,25,5,127
AP17,2026100518,18,2026100612,29,25,4,73
AP17,2026100518,24,2026100618,26,30,-4,86
AP17,2026100518,30,2026100700,29,30,-1,90
AP17,2026100518,36,2026100706,26,35,-9,117
AP17,2026100518,42,2026100712,30,40,-10,156
AP17,2026100518,48,2026100718,31,50,-19,177
AP17,2026100518,54,2026100800,31,60,-29,205
AP17,2026100518,60,2026100806,23,70,-47,235
AP17,2026100518,66,2026100812,22,75,-53,233
AP17,2026100518,72,2026100818,23,80,-57,253
AP17,2026100518,78,2026100900,26,85,-59,301
AP17,2026100518,84,2026100906,25,90,-65,365
AP17,2026100518,90,2026100912,25,105,-80,420
AP18,2026100518,6,2026100600,29,25,4,26
AP18,2026100518,12,2026100606,28,25,3,32
AP18,2026100518,18,2026100612,27,25,2,13
AP18,2026100518,24,2026100618,23,30,-7,21
AP18,2026100518,30,2026100700,25,30,-5,29
AP18,2026100518,36,2026100706,27,35,-8,35
AP18,2026100518,42,2026100712,24,40,-16,50
AP18,2026100518,48,2026100718,26,50,-24,74
AP18,2026100518,54,2026100800,26,60,-34,100
AP18,2026100518,60,2026100806,26,70,-44,144
AP18,2026100518,66,2026100812,21,75,-54,204
AP18,2026100518,72,2026100818,22,80,-58,208
AP18,2026100518,78,2026100900,23,85,-62,154
AP19,2026100518,6,2026100600,26,25,1,72
AP19,2026100518,12,2026100606,32,25,7,85
AP19,2026100518,18,2026100612,30,25,5,93
AP19,2026100518,24,2026100618,31,30,1,95
AP19,2026100518,30,2026100700,26,30,-4,34
AP19,2026100518,36,2026100706,25,35,-10,40
AP19,2026100518,42,2026100712,32,40,-8,74
AP19,2026100518,48,2026100718,31,50,-19,72
AP19,2026100518,54,2026100800,32,60,-28,70
AP19,2026100518,60,2026100806,35,70,-35,99
AP19,2026100518,66,2026100812,38,75,-37,132
AP19,2026100518,72,2026100818,46,80,-34,149
AP19,2026100518,78,2026100900,42,85,-43,190
AP19,2026100518,84,2026100906,40,90,-50,240
AP19,2026100518,90,2026100912,40,105,-65,300
AP20,2026100518,6,2026100600,30,25,5,57
AP20,2026100518,12,2026100606,33,25,8,24
AP20,2026100518,18,2026100612,26,25,1,45
AP20,2026100518,24,2026100618,28,30,-2,57
AP20,2026100518,30,2026100700,30,30,0,48
AP20,2026100518,36,2026100706,33,35,-2,64
AP20,2026100518,42,2026100712,31,40,-9,42
AP20,2026100518,48,2026100718,26,50,-24,16
AP20,2026100518,54,2026100800,23,60,-37,30
AP20,2026100518,60,2026100806,31,70,-39,42
AP20,2026100518,66,2026100812,31,75,-44,53
AP20,2026100518,72,2026100818,29,80,-51,70
AP20,2026100518,78,2026100900,25,85,-60,67
AP20,2026100518,84,2026100906,29,90,-61,101
AP20,2026100518,90,2026100912,32,105,-73,118
AP22,2026100518,6,2026100600,28,25,3,41
AP22,2026100518,12,2026100606,28,25,3,42
AP22,2026100518,18,2026100612,28,25,3,62
AP22,2026100518,24,2026100618,33,30,3,60
AP22,2026100518,30,2026100700,32,30,2,80
AP22,2026100518,36,2026100706,31,35,-4,85
AP22,2026100518,42,2026100712,33,40,-7,72
AP22,2026100518,48,2026100718,30,50,-20,98
AP22,2026100518,54,2026100800,29,60,-31,119
AP22,2026100518,60,2026100806,31,70,-39,156
AP22,2026100518,66,2026100812,36,75,-39,195
AP22,2026100518,72,2026100818,36,80,-44,246
AP22,2026100518,78,2026100900,41,85,-44,290
AP22,2026100518,84,2026100906,39,90,-51,338
AP22,2026100518,90,2026100912,37,105,-68,412
AP23,2026100518,6,2026100600,25,25,0,43
AP23,2026100518,12,2026100606,27,25,2,54
AP23,2026100518,18,2026100612,30,25,5,74
AP23,2026100518,24,2026100618,28,30,-2,51
AP23,2026100518,30,2026100700,29,30,-1,41
AP23,2026100518,36,2026100706,28,35,-7,69
AP23,2026100518,42,2026100712,26,40,-14,48
AP23,2026100518,48,2026100718,23,50,-27,42
AP23,2026100518,54,2026100800,23,60,-37,57
AP23,2026100518,60,2026100806,21,70,-49,82
AP23,2026100518,66,2026100812,24,75,-51,101
AP23,2026100518,72,2026100818,28,80,-52,169
AP23,2026100518,78,2026100900,27,85,-58,225
AP23,2026100518,84,2026100906,29,90,-61,259
AP23,2026100518,90,2026100912,35,105,-70,284
AP24,2026100518,6,2026100600,23,25,-2,121
AP24,2026100518,12,2026100606,24,25,-1,108
AP24,2026100518,18,2026100612,31,25,6,135
AP24,2026100518,24,2026100618,27,30,-3,129
AP24,2026100518,30,2026100700,20,30,-10,100
AP24,2026100518,36,2026100706,17,35,-18,89
AP24,2026100518,42,2026100712,23,40,-17,111
AP24,2026100518,48,2026100718,27,50,-23,136
AP24,2026100518,54,2026100800,26,60,-34,151
AP24,2026100518,60,2026100806,27,70,-43,203
AP24,2026100518,66,2026100812,35,75,-40,248
AP24,2026100518,72,2026100818,40,80,-40,299
AP24,2026100518,78,2026100900,36,85,-49,361
AP24,2026100518,84,2026100906,43,90,-47,418
AP24,2026100518,90,2026100912,47,105,-58,495
AP25,2026100518,6,2026100600,23,25,-2,54
AP25,2026100518,12,2026100606,26,25,1,34
AP27,2026100518,6,2026100600,27,25,2,125
AP29,2026100518,6,2026100600,26,25,1,85
AP29,2026100518,12,2026100606,26,25,1,61
AP29,2026100518,18,2026100612,31,25,6,42
AP29,2026100518,24,2026100618,30,30,0,34
AP29,2026100518,30,2026100700,29,30,-1,29
AP29,2026100518,36,2026100706,29,35,-6,18
AP29,2026100518,42,2026100712,28,40,-12,29
AP29,2026100518,48,2026100718,26,50,-24,57
AP29,2026100518,54,2026100800,29,60,-31,95
AP29,2026100518,60,2026100806,26,70,-44,122
AP29,2026100518,66,2026100812,29,75,-46,114
AP29,2026100518,72,2026100818,38,80,-42,140
AP29,2026100518,78,2026100900,32,85,-53,186
AP29,2026100518,84,2026100906,38,90,-52,193
AP29,2026100518,90,2026100912,42,105,-63,229
AVNO,2026100518,6,2026100600,30,25,5,31
AVNO,2026100518,12,2026100606,35,25,10,43
AVNO,2026100518,18,2026100612,33,25,8,53
AVNO,2026100518,24,2026100618,38,30,8,18
AVNO,2026100518,30,2026100700,34,30,4,6
AVNO,2026100518,36,2026100706,31,35,-4,21
AVNO,2026100518,42,2026100712,31,40,-9,33
AVNO,2026100518,48,2026100718,33,50,-17,40
AVNO,2026100518,54,2026100800,40,60,-20,37
AVNO,2026100518,60,2026100806,56,70,-14,41
AVNO,2026100518,66,2026100812,58,75,-17,38
AVNO,2026100518,72,2026100818,70,80,-10,46
AVNO,2026100518,78,2026100900,71,85,-14,62
AVNO,2026100518,84,2026100906,73,90,-17,81
AVNO,2026100518,90,2026100912,78,105,-27,97
CTCX,2026100518,6,2026100600,36,25,11,78
CTCX,2026100518,12,2026100606,35,25,10,73
CTCX,2026100518,18,2026100612,35,25,10,58
CTCX,2026100518,24,2026100618,35,30,5,80
CTCX,2026100518,30,2026100700,36,30,6,54
CTCX,2026100518,36,2026100706,45,35,10,56
CTCX,2026100518,42,2026100712,37,40,-3,94
CTCX,2026100518,48,2026100718,39,50,-11,109
CTCX,2026100518,54,2026100800,47,60,-13,162
CTCX,2026100518,60,2026100806,55,70,-15,179
CTCX,2026100518,66,2026100812,60,75,-15,199
CTCX,2026100518,72,2026100818,99,80,19,208
CTCX,2026100518,78,2026100900,89,85,4,243
CTCX,2026100518,84,2026100906,94,90,4,263
CTCX,2026100518,90,2026100912,103,105,-2,302
DSHP,2026100518,12,2026100606,28,25,3,61
DSHP,2026100518,24,2026100618,33,30,3,115
DSHP,2026100518,36,2026100706,28,35,-7,190
DSHP,2026100518,48,2026100718,27,50,-23,252
DSHP,2026100518,60,2026100806,27,70,-43,369
DSHP,2026100518,72,2026100818,27,80,-53,475
DSHP,2026100518,84,2026100906,27,90,-63,595
HFSA,2026100518,6,2026100600,33,25,8,25
HFSA,2026100518,12,2026100606,28,25,3,41
HFSA,2026100518,18,2026100612,36,25,11,34
HFSA,2026100518,24,2026100618,29,30,-1,53
HFSA,2026100518,30,2026100700,30,30,0,56
HFSA,2026100518,36,2026100706,35,35,0,91
HFSA,2026100518,42,2026100712,38,40,-2,90
HFSA,2026100518,48,2026100718,43,50,-7,90
HFSA,2026100518,54,2026100800,40,60,-20,115
HFSA,2026100518,60,2026100806,60,70,-10,135
HFSA,2026100518,66,2026100812,47,75,-28,139
HFSA,2026100518,72,2026100818,47,80,-33,156
HFSA,2026100518,78,2026100900,66,85,-19,162
HFSA,2026100518,84,2026100906,69,90,-21,178
HFSA,2026100518,90,2026100912,84,105,-21,201
HFSB,2026100518,6,2026100600,30,25,5,26
HFSB,2026100518,12,2026100606,30,25,5,51
HFSB,2026100518,18,2026100612,40,25,15,50
HFSB,2026100518,24,2026100618,35,30,5,62
HFSB,2026100518,30,2026100700,32,30,2,52
HFSB,2026100518,36,2026100706,67,35,32,61
HFSB,2026100518,42,2026100712,43,40,3,78
HFSB,2026100518,48,2026100718,35,50,-15,86
HFSB,2026100518,54,2026100800,34,60,-26,87
HFSB,2026100518,60,2026100806,49,70,-21,86
HFSB,2026100518,66,2026100812,50,75,-25,71
HFSB,2026100518,72,2026100818,53,80,-27,90
HFSB,2026100518,78,2026100900,58,85,-27,106
HFSB,2026100518,84,2026100906,69,90,-21,114
HFSB,2026100518,90,2026100912,71,105,-34,142
HMON,2026100518,6,2026100600,36,25,11,30
HMON,2026100518,12,2026100606,29,25,4,33
HMON,2026100518,18,2026100612,31,25,6,45
HMON,2026100518,24,2026100618,34,30,4,50
HMON,2026100518,30,2026100700,43,30,13,56
HMON,2026100518,36,2026100706,38,35,3,62
HMON,2026100518,42,2026100712,39,40,-1,64
HMON,2026100518,48,2026100718,40,50,-10,21
HMON,2026100518,54,2026100800,45,60,-15,29
HMON,2026100518,60,2026100806,43,70,-27,28
HMON,2026100518,66,2026100812,51,75,-24,58
HMON,2026100518,72,2026100818,58,80,-22,88
HMON,2026100518,78,2026100900,69,85,-16,85
HMON,2026100518,84,2026100906,80,90,-10,74
HMON,2026100518,90,2026100912,67,105,-38,79
HWRF,2026100518,6,2026100600,35,25,10,79
HWRF,2026100518,12,2026100606,38,25,13,89
HWRF,2026100518,18,2026100612,39,25,14,62
HWRF,2026100518,24,2026100618,35,30,5,13
HWRF,2026100518,30,2026100700,38,30,8,12
HWRF,2026100518,36,2026100706,46,35,11,37
HWRF,2026100518,42,2026100712,48,40,8,60
HWRF,2026100518,48,2026100718,44,50,-6,80
HWRF,2026100518,54,2026100800,44,60,-16,89
HWRF,2026100518,60,2026100806,59,70,-11,84
HWRF,2026100518,66,2026100812,79,75,4,94
HWRF,2026100518,72,2026100818,74,80,-6,99
HWRF,2026100518,78,2026100900,84,85,-1,108
HWRF,2026100518,84,2026100906,81,90,-9,111
HWRF,2026100518,90,2026100912,92,105,-13,135
IVCN,2026100518,12,2026100606,27,25,2,
IVCN,2026100518,24,2026100618,31,30,1,
IVCN,2026100518,36,2026100706,27,35,-8,
IVCN,2026100518,48,2026100718,27,50,-23,
IVCN,2026100518,60,2026100806,27,70,-43,
IVCN,2026100518,72,2026100818,27,80,-53,
IVCN,2026100518,84,2026100906,27,90,-63,
LGEM,2026100518,12,2026100606,26,25,1,61
LGEM,2026100518,24,2026100618,28,30,-2,115
LGEM,2026100518,36,2026100706,26,35,-9,190
LGEM,2026100518,48,2026100718,26,50,-24,252
LGEM,2026100518,60,2026100806,27,70,-43,369
LGEM,2026100518,72,2026100818,27,80,-53,475
LGEM,2026100518,84,2026100906,27,90,-63,595
NNIB,2026100518,12,2026100606,27,25,2,39
NNIB,2026100518,24,2026100618,31,30,1,87
NNIB,2026100518,36,2026100706,27,35,-8,169
NNIB,2026100518,48,2026100718,27,50,-23,250
NNIB,2026100518,60,2026100806,27,70,-43,363
NNIB,2026100518,72,2026100818,27,80,-53,464
NNIB,2026100518,84,2026100906,27,90,-63,572
NNIC,2026100518,12,2026100606,29,25,4,39
NNIC,2026100518,24,2026100618,35,30,5,87
NNIC,2026100518,36,2026100706,29,35,-6,169
NNIC,2026100518,48,2026100718,30,50,-20,250
NNIC,2026100518,60,2026100806,31,70,-39,363
NNIC,2026100518,72,2026100818,31,80,-49,464
NNIC,2026100518,84,2026100906,32,90,-58,572
NVGM,2026100518,6,2026100600,31,25,6,88
NVGM,2026100518,12,2026100606,28,25,3,77
NVGM,2026100518,18,2026100612,29,25,4,56
NVGM,2026100518,24,2026100618,32,30,2,33
NVGM,2026100518,30,2026100700,29,30,-1,38
NVGM,2026100518,36,2026100706,30,35,-5,17
NVGM,2026100518,42,2026100712,31,40,-9,39
NVGM,2026100518,48,2026100718,32,50,-18,55
NVGM,2026100518,54,2026100800,28,60,-32,79
NVGM,2026100518,60,2026100806,30,70,-40,102
NVGM,2026100518,66,2026100812,36,75,-39,125
NVGM,2026100518,72,2026100818,44,80,-36,158
NVGM,2026100518,78,2026100900,51,85,-34,202
NVGM,2026100518,84,2026100906,59,90,-31,238
NVGM,2026100518,90,2026100912,66,105,-39,282
OCD5,2026100518,12,2026100606,31,25,6,13
OCD5,2026100518,24,2026100618,38,30,8,34
OCD5,2026100518,36,2026100706,43,35,8,82
OCD5,2026100518,48,2026100718,48,50,-2,111
OCD5,2026100518,60,2026100806,50,70,-20,170
OCD5,2026100518,72,2026100818,51,80,-29,220
OCD5,2026100518,84,2026100906,47,90,-43,249
SHF5,2026100518,12,2026100606,31,25,6,
SHF5,2026100518,24,2026100618,38,30,8,
SHF5,2026100518,36,2026100706,43,35,8,
SHF5,2026100518,48,2026100718,48,50,-2,
SHF5,2026100518,60,2026100806,50,70,-20,
SHF5,2026100518,72,2026100818,51,80,-29,
SHF5,2026100518,84,2026100906,47,90,-43,
SHIP,2026100518,12,2026100606,28,25,3,61
SHIP,2026100518,24,2026100618,33,30,3,115
SHIP,2026100518,36,2026100706,39,35,4,190
SHIP,2026100518,48,2026100718,46,50,-4,252
SHIP,2026100518,60,2026100806,50,70,-20,369
SHIP,2026100518,72,2026100818,60,80,-20,475
SHIP,2026100518,84,2026100906,57,90,-33,595
TCLP,2026100518,12,2026100606,25,25,0,18
TCLP,2026100518,24,2026100618,26,30,-4,41
TCLP,2026100518,36,2026100706,27,35,-8,116
TCLP,2026100518,48,2026100718,28,50,-22,198
TCLP,2026100518,60,2026100806,29,70,-41,311
TCLP,2026100518,72,2026100818,29,80,-51,423
TCLP,2026100518,84,2026100906,27,90,-63,518
NGX,2026100600,6,2026100606,28,25,3,38
NGX,2026100600,12,2026100612,32,25,7,30
NGX,2026100600,18,2026100618,35,30,5,31
NGX,2026100600,24,2026100700,30,30,0,41
NGX,2026100600,30,2026100706,27,35,-8,26
NGX,2026100600,36,2026100712,29,40,-11,21
NGX,2026100600,42,2026100718,31,50,-19,37
NGX,2026100600,48,2026100800,37,60,-23,76
NGX,2026100600,54,2026100806,45,70,-25,120
NGX,2026100600,60,2026100812,52,75,-23,161
NGX,2026100600,66,2026100818,61,80,-19,199
NGX,2026100600,72,2026100900,67,85,-18,245
NGX,2026100600,84,2026100912,75,105,-30,352
UKX,2026100600,6,2026100606,23,25,-2,111
UKX,2026100600,12,2026100612,24,25,-1,117
UKX,2026100600,18,2026100618,28,30,-2,116
UKX,2026100600,24,2026100700,26,30,-4,97
UKX,2026100600,30,2026100706,25,35,-10,13
UKX,2026100600,36,2026100712,27,40,-13,51
UKX,2026100600,42,2026100718,30,50,-20,21
UKX,2026100600,48,2026100800,25,60,-35,45
UKX,2026100600,54,2026100806,22,70,-48,48
UKX,2026100600,60,2026100812,26,75,-49,37
UKX,2026100600,66,2026100818,26,80,-54,70
UKX,2026100600,72,2026100900,26,85,-59,119
UKX,2026100600,78,2026100906,32,90,-58,124
UKX,2026100600,84,2026100912,37,105,-68,131
AC00,2026100600,6,2026100606,28,25,3,80
AC00,2026100600,12,2026100612,29,25,4,72
AC00,2026100600,18,2026100618,29,30,-1,72
AC00,2026100600,24,2026100700,28,30,-2,64
AC00,2026100600,30,2026100706,26,35,-9,73
AC00,2026100600,36,2026100712,24,40,-16,61
AC00,2026100600,42,2026100718,23,50,-27,88
AC00,2026100600,48,2026100800,23,60,-37,103
AC00,2026100600,54,2026100806,22,70,-48,141
AC00,2026100600,60,2026100812,24,75,-51,152
AC00,2026100600,66,2026100818,26,80,-54,181
AC00,2026100600,72,2026100900,23,85,-62,255
AC00,2026100600,78,2026100906,25,90,-65,319
AC00,2026100600,84,2026100912,23,105,-82,384
AEMI,2026100600,12,2026100612,26,25,1,31
AEMI,2026100600,24,2026100700,27,30,-3,43
AEMI,2026100600,36,2026100712,26,40,-14,46
AEMI,2026100600,48,2026100800,27,60,-33,73
AEMI,2026100600,60,2026100812,31,75,-44,116
AEMI,2026100600,72,2026100900,35,85,-50,167
AEMI,2026100600,84,2026100912,38,105,-67,243
AEMN,2026100600,6,2026100606,28,25,3,73
AEMN,2026100600,12,2026100612,29,25,4,54
AEMN,2026100600,18,2026100618,30,30,0,57
AEMN,2026100600,24,2026100700,30,30,0,60
AEMN,2026100600,30,2026100706,26,35,-9,85
AEMN,2026100600,36,2026100712,27,40,-13,102
AEMN,2026100600,42,2026100718,26,50,-24,103
AEMN,2026100600,48,2026100800,25,60,-35,128
AEMN,2026100600,54,2026100806,25,70,-45,165
AEMN,2026100600,60,2026100812,28,75,-47,193
AEMN,2026100600,66,2026100818,30,80,-50,230
AEMN,2026100600,72,2026100900,29,85,-56,279
AEMN,2026100600,78,2026100906,30,90,-60,341
AEMN,2026100600,84,2026100912,31,105,-74,401
AP01,2026100600,6,2026100606,27,25,2,68
AP01,2026100600,12,2026100612,32,25,7,41
AP01,2026100600,18,2026100618,31,30,1,41
AP01,2026100600,24,2026100700,35,30,5,42
AP01,2026100600,30,2026100706,33,35,-2,78
AP01,2026100600,36,2026100712,30,40,-10,101
AP01,2026100600,42,2026100718,27,50,-23,99
AP01,2026100600,48,2026100800,26,60,-34,109
AP01,2026100600,54,2026100806,27,70,-43,151
AP01,2026100600,60,2026100812,27,75,-48,185
AP01,2026100600,66,2026100818,29,80,-51,232
AP01,2026100600,72,2026100900,28,85,-57,284
AP01,2026100600,78,2026100906,25,90,-65,330
AP01,2026100600,84,2026100912,26,105,-79,397
AP02,2026100600,6,2026100606,28,25,3,62
AP02,2026100600,12,2026100612,29,25,4,30
AP02,2026100600,18,2026100618,31,30,1,26
AP02,2026100600,24,2026100700,29,30,-1,42
AP02,2026100600,30,2026100706,28,35,-7,96
AP02,2026100600,36,2026100712,26,40,-14,112
AP02,2026100600,42,2026100718,23,50,-27,114
AP02,2026100600,48,2026100800,32,60,-28,137
AP02,2026100600,54,2026100806,27,70,-43,175
AP02,2026100600,60,2026100812,23,75,-52,204
AP02,2026100600,66,2026100818,31,80,-49,240
AP02,2026100600,72,2026100900,34,85,-51,293
AP02,2026100600,78,2026100906,42,90,-48,369
AP02,2026100600,84,2026100912,31,105,-74,442
AP03,2026100600,6,2026100606,30,25,5,62
AP03,2026100600,12,2026100612,31,25,6,79
AP03,2026100600,18,2026100618,31,30,1,78
AP03,2026100600,24,2026100700,30,30,0,93
AP03,2026100600,30,2026100706,28,35,-7,109
AP03,2026100600,36,2026100712,27,40,-13,117
AP03,2026100600,42,2026100718,25,50,-25,135
AP03,2026100600,48,2026100800,23,60,-37,169
AP03,2026100600,54,2026100806,20,70,-50,204
AP03,2026100600,60,2026100812,24,75,-51,270
AP03,2026100600,66,2026100818,26,80,-54,323
AP03,2026100600,72,2026100900,28,85,-57,388
AP03,2026100600,78,2026100906,26,90,-64,447
AP03,2026100600,84,2026100912,26,105,-79,511
AP04,2026100600,6,2026100606,24,25,-1,92
AP04,2026100600,12,2026100612,27,25,2,72
AP04,2026100600,18,2026100618,29,30,-1,75
AP04,2026100600,24,2026100700,29,30,-1,48
AP04,2026100600,30,2026100706,24,35,-11,56
AP04,2026100600,36,2026100712,27,40,-13,109
AP04,2026100600,42,2026100718,28,50,-22,110
AP04,2026100600,48,2026100800,21,60,-39,153
AP04,2026100600,54,2026100806,28,70,-42,199
AP04,2026100600,60,2026100812,29,75,-46,244
AP04,2026100600,66,2026100818,35,80,-45,292
AP04,2026100600,72,2026100900,33,85,-52,362
AP04,2026100600,78,2026100906,36,90,-54,397
AP04,2026100600,84,2026100912,46,105,-59,448
AP05,2026100600,6,2026100606,26,25,1,90
AP05,2026100600,12,2026100612,25,25,0,84
AP05,2026100600,18,2026100618,26,30,-4,53
AP05,2026100600,24,2026100700,28,30,-2,49
AP05,2026100600,30,2026100706,22,35,-13,127
AP05,2026100600,36,2026100712,23,40,-17,140
AP05,2026100600,42,2026100718,27,50,-23,142
AP05,2026100600,48,2026100800,24,60,-36,144
AP05,2026100600,54,2026100806,23,70,-47,162
AP05,2026100600,60,2026100812,27,75,-48,178
AP05,2026100600,66,2026100818,36,80,-44,218
AP05,2026100600,72,2026100900,21,85,-64,252
AP05,2026100600,78,2026100906,25,90,-65,302
AP05,2026100600,84,2026100912,30,105,-75,363
AP06,2026100600,6,2026100606,28,25,3,87
AP06,2026100600,12,2026100612,29,25,4,66
AP06,2026100600,18,2026100618,28,30,-2,57
AP06,2026100600,24,2026100700,29,30,-1,67
AP06,2026100600,30,2026100706,28,35,-7,93
AP06,2026100600,36,2026100712,28,40,-12,106
AP06,2026100600,42,2026100718,26,50,-24,103
AP06,2026100600,48,2026100800,21,60,-39,118
AP06,2026100600,54,2026100806,23,70,-47,170
AP06,2026100600,60,2026100812,20,75,-55,221
AP06,2026100600,66,2026100818,23,80,-57,261
AP06,2026100600,72,2026100900,24,85,-61,315
AP06,2026100600,78,2026100906,22,90,-68,381
AP06,2026100600,84,2026100912,22,105,-83,449
AP07,2026100600,6,2026100606,29,25,4,53
AP07,2026100600,12,2026100612,31,25,6,33
AP07,2026100600,18,2026100618,35,30,5,59
AP07,2026100600,24,2026100700,34,30,4,85
AP07,2026100600,30,2026100706,27,35,-8,97
AP07,2026100600,36,2026100712,24,40,-16,132
AP07,2026100600,42,2026100718,21,50,-29,123
AP07,2026100600,48,2026100800,21,60,-39,164
AP07,2026100600,54,2026100806,20,70,-50,194
AP07,2026100600,60,2026100812,23,75,-52,217
AP07,2026100600,66,2026100818,22,80,-58,267
AP07,2026100600,72,2026100900,19,85,-66,339
AP07,2026100600,78,2026100906,19,90,-71,409
AP07,2026100600,84,2026100912,19,105,-86,503
AP08,2026100600,6,2026100606,27,25,2,72
AP08,2026100600,12,2026100612,30,25,5,49
AP08,2026100600,18,2026100618,31,30,1,50
AP08,2026100600,24,2026100700,32,30,2,55
AP08,2026100600,30,2026100706,26,35,-9,78
AP08,2026100600,36,2026100712,33,40,-7,103
AP08,2026100600,42,2026100718,25,50,-25,93
AP08,2026100600,48,2026100800,24,60,-36,132
AP08,2026100600,54,2026100806,28,70,-42,194
AP08,2026100600,60,2026100812,35,75,-40,226
AP08,2026100600,66,2026100818,37,80,-43,275
AP08,2026100600,72,2026100900,37,85,-48,309
AP08,2026100600,78,2026100906,38,90,-52,351
AP08,2026100600,84,2026100912,37,105,-68,409
AP09,2026100600,6,2026100606,29,25,4,72
AP09,2026100600,12,2026100612,34,25,9,55
AP09,2026100600,18,2026100618,33,30,3,48
AP09,2026100600,24,2026100700,28,30,-2,40
AP09,2026100600,30,2026100706,25,35,-10,51
AP09,2026100600,36,2026100712,28,40,-12,69
AP09,2026100600,42,2026100718,27,50,-23,95
AP09,2026100600,48,2026100800,29,60,-31,119
AP09,2026100600,54,2026100806,36,70,-34,172
AP09,2026100600,60,2026100812,33,75,-42,214
AP09,2026100600,66,2026100818,34,80,-46,252
AP09,2026100600,72,2026100900,37,85,-48,315
AP09,2026100600,78,2026100906,45,90,-45,375
AP09,2026100600,84,2026100912,50,105,-55,427
AP10,2026100600,6,2026100606,27,25,2,134
AP10,2026100600,12,2026100612,24,25,-1,122
AP10,2026100600,18,2026100618,23,30,-7,61
AP10,2026100600,24,2026100700,24,30,-6,57
AP10,2026100600,30,2026100706,29,35,-6,73
AP10,2026100600,36,2026100712,30,40,-10,128
AP10,2026100600,42,2026100718,26,50,-24,131
AP10,2026100600,48,2026100800,24,60,-36,123
AP10,2026100600,54,2026100806,28,70,-42,161
AP10,2026100600,60,2026100812,25,75,-50,181
AP10,2026100600,66,2026100818,26,80,-54,206
AP10,2026100600,72,2026100900,27,85,-58,261
AP10,2026100600,78,2026100906,27,90,-63,308
AP10,2026100600,84,2026100912,29,105,-76,347
AP11,2026100600,6,2026100606,33,25,8,72
AP11,2026100600,12,2026100612,31,25,6,64
AP11,2026100600,18,2026100618,37,30,7,74
AP11,2026100600,24,2026100700,37,30,7,80
AP11,2026100600,30,2026100706,31,35,-4,123
AP11,2026100600,36,2026100712,26,40,-14,135
AP11,2026100600,42,2026100718,23,50,-27,133
AP11,2026100600,48,2026100800,29,60,-31,145
AP11,2026100600,54,2026100806,26,70,-44,189
AP11,2026100600,60,2026100812,29,75,-46,206
AP11,2026100600,66,2026100818,31,80,-49,245
AP11,2026100600,72,2026100900,25,85,-60,310
AP11,2026100600,78,2026100906,21,90,-69,380
AP11,2026100600,84,2026100912,18,105,-87,461
AP12,2026100600,6,2026100606,30,25,5,109
AP12,2026100600,12,2026100612,27,25,2,48
AP12,2026100600,18,2026100618,30,30,0,50
AP12,2026100600,24,2026100700,34,30,4,79
AP12,2026100600,30,2026100706,28,35,-7,114
AP12,2026100600,36,2026100712,32,40,-8,132
AP12,2026100600,42,2026100718,29,50,-21,129
AP12,2026100600,48,2026100800,25,60,-35,151
AP12,2026100600,54,2026100806,32,70,-38,190
AP12,2026100600,60,2026100812,32,75,-43,232
AP12,2026100600,66,2026100818,30,80,-50,275
AP12,2026100600,72,2026100900,37,85,-48,343
AP12,2026100600,78,2026100906,52,90,-38,425
AP12,2026100600,84,2026100912,46,105,-59,509
AP13,2026100600,6,2026100606,29,25,4,54
AP13,2026100600,12,2026100612,27,25,2,49
AP13,2026100600,18,2026100618,27,30,-3,38
AP13,2026100600,24,2026100700,30,30,0,74
AP13,2026100600,30,2026100706,28,35,-7,96
AP13,2026100600,36,2026100712,25,40,-15,60
AP13,2026100600,42,2026100718,24,50,-26,41
AP13,2026100600,48,2026100800,23,60,-37,41
AP13,2026100600,54,2026100806,26,70,-44,41
AP13,2026100600,60,2026100812,34,75,-41,58
AP13,2026100600,66,2026100818,36,80,-44,83
AP13,2026100600,72,2026100900,39,85,-46,104
AP13,2026100600,78,2026100906,41,90,-49,131
AP13,2026100600,84,2026100912,38,105,-67,176
AP14,2026100600,6,2026100606,27,25,2,100
AP14,2026100600,12,2026100612,27,25,2,89
AP14,2026100600,18,2026100618,25,30,-5,82
AP14,2026100600,24,2026100700,28,30,-2,81
AP14,2026100600,30,2026100706,24,35,-11,87
AP14,2026100600,36,2026100712,24,40,-16,88
AP14,2026100600,42,2026100718,21,50,-29,86
AP14,2026100600,48,2026100800,22,60,-38,119
AP14,2026100600,54,2026100806,24,70,-46,147
AP14,2026100600,60,2026100812,28,75,-47,183
AP14,2026100600,66,2026100818,27,80,-53,238
AP14,2026100600,72,2026100900,27,85,-58,307
AP14,2026100600,78,2026100906,25,90,-65,380
AP14,2026100600,84,2026100912,26,105,-79,454
AP15,2026100600,6,2026100606,28,25,3,18
AP15,2026100600,12,2026100612,31,25,6,29
AP15,2026100600,18,2026100618,33,30,3,50
AP15,2026100600,24,2026100700,35,30,5,57
AP15,2026100600,30,2026100706,30,35,-5,98
AP15,2026100600,36,2026100712,30,40,-10,116
AP15,2026100600,42,2026100718,30,50,-20,113
AP15,2026100600,48,2026100800,28,60,-32,114
AP15,2026100600,54,2026100806,26,70,-44,169
AP15,2026100600,60,2026100812,26,75,-49,203
AP15,2026100600,66,2026100818,28,80,-52,222
AP15,2026100600,72,2026100900,33,85,-52,246
AP15,2026100600,78,2026100906,37,90,-53,293
AP15,2026100600,84,2026100912,31,105,-74,355
AP16,2026100600,6,2026100606,25,25,0,81
AP16,2026100600,12,2026100612,27,25,2,85
AP16,2026100600,18,2026100618,31,30,1,103
AP16,2026100600,24,2026100700,30,30,0,117
AP16,2026100600,30,2026100706,24,35,-11,117
AP16,2026100600,36,2026100712,22,40,-18,115
AP16,2026100600,42,2026100718,25,50,-25,111
AP16,2026100600,48,2026100800,22,60,-38,127
AP16,2026100600,54,2026100806,19,70,-51,143
AP16,2026100600,60,2026100812,26,75,-49,151
AP16,2026100600,66,2026100818,27,80,-53,175
AP16,2026100600,72,2026100900,30,85,-55,228
AP16,2026100600,78,2026100906,33,90,-57,273
AP16,2026100600,84,2026100912,32,105,-73,308
AP17,2026100600,6,2026100606,27,25,2,72
AP17,2026100600,12,2026100612,29,25,4,42
AP17,2026100600,18,2026100618,31,30,1,38
AP17,2026100600,24,2026100700,29,30,-1,32
AP17,2026100600,30,2026100706,28,35,-7,54
AP17,2026100600,36,2026100712,25,40,-15,64
AP17,2026100600,42,2026100718,21,50,-29,64
AP17,2026100600,48,2026100800,25,60,-35,111
AP17,2026100600,54,2026100806,23,70,-47,170
AP17,2026100600,60,2026100812,24,75,-51,235
AP17,2026100600,66,2026100818,24,80,-56,261
AP17,2026100600,72,2026100900,23,85,-62,283
AP17,2026100600,78,2026100906,25,90,-65,325
AP17,2026100600,84,2026100912,31,105,-74,386
AP18,2026100600,6,2026100606,28,25,3,66
AP18,2026100600,12,2026100612,27,25,2,49
AP18,2026100600,18,2026100618,29,30,-1,56
AP18,2026100600,24,2026100700,31,30,1,54
AP18,2026100600,30,2026100706,29,35,-6,84
AP18,2026100600,36,2026100712,26,40,-14,97
AP18,2026100600,42,2026100718,27,50,-23,103
AP18,2026100600,48,2026100800,30,60,-30,121
AP18,2026100600,54,2026100806,21,70,-49,148
AP18,2026100600,60,2026100812,24,75,-51,158
AP18,2026100600,66,2026100818,35,80,-45,172
AP18,2026100600,72,2026100900,32,85,-53,212
AP18,2026100600,78,2026100906,31,90,-59,257
AP18,2026100600,84,2026100912,35,105,-70,311
AP19,2026100600,6,2026100606,24,25,-1,54
AP19,2026100600,12,2026100612,26,25,1,64
AP19,2026100600,18,2026100618,27,30,-3,90
AP19,2026100600,24,2026100700,27,30,-3,104
AP19,2026100600,30,2026100706,26,35,-9,111
AP19,2026100600,36,2026100712,33,40,-7,132
AP19,2026100600,42,2026100718,28,50,-22,136
AP19,2026100600,48,2026100800,27,60,-33,168
AP19,2026100600,54,2026100806,25,70,-45,208
AP19,2026100600,60,2026100812,27,75,-48,241
AP19,2026100600,66,2026100818,27,80,-53,282
AP19,2026100600,72,2026100900,26,85,-59,338
AP19,2026100600,78,2026100906,31,90,-59,392
AP19,2026100600,84,2026100912,34,105,-71,441
AP20,2026100600,6,2026100606,30,25,5,72
AP20,2026100600,12,2026100612,35,25,10,89
AP20,2026100600,18,2026100618,35,30,5,102
AP20,2026100600,24,2026100700,33,30,3,93
AP20,2026100600,30,2026100706,28,35,-7,98
AP20,2026100600,36,2026100712,28,40,-12,116
AP20,2026100600,42,2026100718,27,50,-23,154
AP20,2026100600,48,2026100800,32,60,-28,215
AP20,2026100600,54,2026100806,28,70,-42,277
AP20,2026100600,60,2026100812,29,75,-46,311
AP20,2026100600,66,2026100818,25,80,-55,348
AP20,2026100600,72,2026100900,26,85,-59,416
AP20,2026100600,78,2026100906,21,90,-69,502
AP20,2026100600,84,2026100912,26,105,-79,607
AP21,2026100600,6,2026100606,29,25,4,67
AP21,2026100600,12,2026100612,26,25,1,57
AP21,2026100600,18,2026100618,28,30,-2,61
AP21,2026100600,24,2026100700,27,30,-3,74
AP21,2026100600,30,2026100706,25,35,-10,100
AP21,2026100600,36,2026100712,27,40,-13,133
AP21,2026100600,42,2026100718,25,50,-25,129
AP21,2026100600,48,2026100800,21,60,-39,118
AP21,2026100600,54,2026100806,21,70,-49,126
AP21,2026100600,60,2026100812,25,75,-50,136
AP21,2026100600,66,2026100818,26,80,-54,158
AP21,2026100600,72,2026100900,22,85,-63,204
AP21,2026100600,78,2026100906,28,90,-62,279
AP21,2026100600,84,2026100912,24,105,-81,353
AP22,2026100600,6,2026100606,23,25,-2,66
AP22,2026100600,12,2026100612,27,25,2,61
AP22,2026100600,18,2026100618,26,30,-4,70
AP22,2026100600,24,2026100700,26,30,-4,78
AP22,2026100600,30,2026100706,24,35,-11,117
AP22,2026100600,36,2026100712,28,40,-12,156
AP22,2026100600,42,2026100718,26,50,-24,177
AP22,2026100600,48,2026100800,23,60,-37,226
AP22,2026100600,54,2026100806,22,70,-48,281
AP22,2026100600,60,2026100812,26,75,-49,317
AP22,2026100600,66,2026100818,29,80,-51,375
AP22,2026100600,72,2026100900,29,85,-56,444
AP22,2026100600,78,2026100906,30,90,-60,514
AP22,2026100600,84,2026100912,39,105,-66,602
AP23,2026100600,6,2026100606,27,25,2,96
AP23,2026100600,12,2026100612,25,25,0,96
AP23,2026100600,18,2026100618,29,30,-1,48
AP23,2026100600,24,2026100700,27,30,-3,54
AP23,2026100600,30,2026100706,19,35,-16,107
AP23,2026100600,36,2026100712,16,40,-24,139
AP23,2026100600,42,2026100718,27,50,-23,156
AP23,2026100600,48,2026100800,27,60,-33,156
AP23,2026100600,54,2026100806,23,70,-47,199
AP23,2026100600,60,2026100812,29,75,-46,239
AP23,2026100600,66,2026100818,32,80,-48,267
AP23,2026100600,72,2026100900,27,85,-58,312
AP23,2026100600,78,2026100906,24,90,-66,363
AP23,2026100600,84,2026100912,23,105,-82,387
AP24,2026100600,6,2026100606,26,25,1,84
AP24,2026100600,12,2026100612,28,25,3,80
AP24,2026100600,18,2026100618,28,30,-2,87
AP24,2026100600,24,2026100700,20,30,-10,93
AP24,2026100600,30,2026100706,17,35,-18,85
AP24,2026100600,36,2026100712,23,40,-17,33
AP24,2026100600,42,2026100718,23,50,-27,39
AP24,2026100600,48,2026100800,17,60,-43,58
AP24,2026100600,54,2026100806,19,70,-51,62
AP24,2026100600,60,2026100812,24,75,-51,98
AP24,2026100600,66,2026100818,25,80,-55,110
AP24,2026100600,72,2026100900,24,85,-61,149
AP24,2026100600,78,2026100906,28,90,-62,159
AP24,2026100600,84,2026100912,29,105,-76,181
AP25,2026100600,6,2026100606,25,25,0,86
AP25,2026100600,12,2026100612,31,25,6,68
AP25,2026100600,18,2026100618,30,30,0,73
AP25,2026100600,24,2026100700,32,30,2,72
AP25,2026100600,30,2026100706,28,35,-7,121
AP25,2026100600,36,2026100712,30,40,-10,153
AP25,2026100600,42,2026100718,27,50,-23,153
AP25,2026100600,48,2026100800,26,60,-34,162
AP25,2026100600,54,2026100806,31,70,-39,202
AP25,2026100600,60,2026100812,29,75,-46,246
AP25,2026100600,66,2026100818,40,80,-40,280
AP25,2026100600,72,2026100900,47,85,-38,364
AP25,2026100600,78,2026100906,37,90,-53,435
AP25,2026100600,84,2026100912,49,105,-56,523
AP26,2026100600,6,2026100606,25,25,0,98
AP26,2026100600,12,2026100612,24,25,-1,109
AP26,2026100600,18,2026100618,31,30,1,110
AP26,2026100600,24,2026100700,24,30,-6,81
AP26,2026100600,30,2026100706,24,35,-11,69
AP26,2026100600,36,2026100712,26,40,-14,132
AP26,2026100600,42,2026100718,33,50,-17,151
AP26,2026100600,48,2026100800,26,60,-34,180
AP26,2026100600,54,2026100806,27,70,-43,241
AP26,2026100600,60,2026100812,33,75,-42,283
AP26,2026100600,66,2026100818,32,80,-48,329
AP26,2026100600,72,2026100900,24,85,-61,386
AP26,2026100600,78,2026100906,18,90,-72,435
AP26,2026100600,84,2026100912,15,105,-90,500
AP27,2026100600,6,2026100606,28,25,3,41
AP27,2026100600,12,2026100612,31,25,6,53
AP27,2026100600,18,2026100618,32,30,2,49
AP27,2026100600,24,2026100700,31,30,1,33
AP27,2026100600,30,2026100706,28,35,-7,33
AP27,2026100600,36,2026100712,26,40,-14,49
AP27,2026100600,42,2026100718,25,50,-25,48
AP27,2026100600,48,2026100800,19,60,-41,66
AP27,2026100600,54,2026100806,19,70,-51,91
AP27,2026100600,60,2026100812,20,75,-55,106
AP27,2026100600,66,2026100818,21,80,-59,136
AP27,2026100600,72,2026100900,18,85,-67,199
AP27,2026100600,78,2026100906,30,90,-60,281
AP27,2026100600,84,2026100912,21,105,-84,380
AP28,2026100600,6,2026100606,34,25,9,99
AP28,2026100600,12,2026100612,34,25,9,91
AP28,2026100600,18,2026100618,35,30,5,111
AP28,2026100600,24,2026100700,34,30,4,109
AP28,2026100600,30,2026100706,25,35,-10,78
AP28,2026100600,36,2026100712,25,40,-15,57
AP28,2026100600,42,2026100718,28,50,-22,66
AP28,2026100600,48,2026100800,29,60,-31,100
AP28,2026100600,54,2026100806,29,70,-41,136
AP28,2026100600,60,2026100812,40,75,-35,157
AP28,2026100600,66,2026100818,41,80,-39,209
AP28,2026100600,72,2026100900,32,85,-53,278
AP28,2026100600,78,2026100906,27,90,-63,352
AP28,2026100600,84,2026100912,24,105,-81,426
AP29,2026100600,6,2026100606,27,25,2,69
AP29,2026100600,12,2026100612,34,25,9,66
AP29,2026100600,18,2026100618,29,30,-1,83
AP29,2026100600,24,2026100700,27,30,-3,95
AP29,2026100600,30,2026100706,25,35,-10,114
AP29,2026100600,36,2026100712,27,40,-13,107
AP29,2026100600,42,2026100718,34,50,-16,155
AP29,2026100600,48,2026100800,25,60,-35,196
AP29,2026100600,54,2026100806,23,70,-47,222
AP29,2026100600,60,2026100812,24,75,-51,247
AP29,2026100600,66,2026100818,28,80,-52,286
AP29,2026100600,72,2026100900,30,85,-55,339
AP29,2026100600,78,2026100906,31,90,-59,407
AP29,2026100600,84,2026100912,34,105,-71,487
AP30,2026100600,6,2026100606,31,25,6,84
AP30,2026100600,12,2026100612,34,25,9,50
AP30,2026100600,18,2026100618,34,30,4,66
AP30,2026100600,24,2026100700,31,30,1,94
AP30,2026100600,30,2026100706,26,35,-9,91
AP30,2026100600,36,2026100712,26,40,-14,72
AP30,2026100600,42,2026100718,29,50,-21,75
AP30,2026100600,48,2026100800,29,60,-31,73
AP30,2026100600,54,2026100806,29,70,-41,72
AP30,2026100600,60,2026100812,36,75,-39,66
AP30,2026100600,66,2026100818,40,80,-40,60
AP30,2026100600,72,2026100900,31,85,-54,84
AP30,2026100600,78,2026100906,30,90,-60,132
AP30,2026100600,84,2026100912,35,105,-70,163
AVNI,2026100600,12,2026100612,29,25,4,42
AVNI,2026100600,24,2026100700,29,30,-1,73
AVNI,2026100600,36,2026100712,28,40,-12,63
AVNI,2026100600,48,2026100800,39,60,-21,65
AVNI,2026100600,60,2026100812,56,75,-19,81
AVNI,2026100600,72,2026100900,68,85,-17,93
AVNI,2026100600,84,2026100912,74,105,-31,108
AVNO,2026100600,6,2026100606,36,25,11,70
AVNO,2026100600,12,2026100612,35,25,10,49
AVNO,2026100600,18,2026100618,33,30,3,49
AVNO,2026100600,24,2026100700,35,30,5,36
AVNO,2026100600,30,2026100706,34,35,-1,57
AVNO,2026100600,36,2026100712,36,40,-4,83
AVNO,2026100600,42,2026100718,39,50,-11,93
AVNO,2026100600,48,2026100800,41,60,-19,102
AVNO,2026100600,54,2026100806,46,70,-24,115
AVNO,2026100600,60,2026100812,54,75,-21,125
AVNO,2026100600,66,2026100818,58,80,-22,137
AVNO,2026100600,72,2026100900,61,85,-24,177
AVNO,2026100600,78,2026100906,62,90,-28,217
AVNO,2026100600,84,2026100912,67,105,-38,266
CEMN,2026100600,6,2026100606,25,25,0,6
CEMN,2026100600,12,2026100612,28,25,3,19
CEMN,2026100600,18,2026100618,30,30,0,19
CEMN,2026100600,24,2026100700,31,30,1,21
CEMN,2026100600,30,2026100706,30,35,-5,8
CEMN,2026100600,36,2026100712,31,40,-9,17
CEMN,2026100600,42,2026100718,32,50,-18,16
CEMN,2026100600,48,2026100800,31,60,-29,30
CEMN,2026100600,54,2026100806,32,70,-38,53
CEMN,2026100600,60,2026100812,36,75,-39,71
CEMN,2026100600,66,2026100818,37,80,-43,91
CEMN,2026100600,72,2026100900,39,85,-46,117
CEMN,2026100600,78,2026100906,42,90,-48,141
CEMN,2026100600,84,2026100912,43,105,-62,178
CTCI,2026100600,12,2026100612,27,25,2,29
CTCI,2026100600,24,2026100700,30,30,0,56
CTCI,2026100600,36,2026100712,34,40,-6,101
CTCI,2026100600,48,2026100800,43,60,-17,147
CTCI,2026100600,60,2026100812,66,75,-9,187
CTCI,2026100600,72,2026100900,88,85,3,216
CTCI,2026100600,84,2026100912,97,105,-8,258
CTCX,2026100600,6,2026100606,37,25,12,81
CTCX,2026100600,12,2026100612,35,25,10,61
CTCX,2026100600,18,2026100618,36,30,6,46
CTCX,2026100600,24,2026100700,36,30,6,29
CTCX,2026100600,30,2026100706,51,35,16,68
CTCX,2026100600,36,2026100712,41,40,1,84
CTCX,2026100600,42,2026100718,54,50,4,72
CTCX,2026100600,48,2026100800,63,60,3,92
CTCX,2026100600,54,2026100806,91,70,21,111
CTCX,2026100600,60,2026100812,89,75,14,138
CTCX,2026100600,66,2026100818,92,80,12,142
CTCX,2026100600,72,2026100900,96,85,11,152
CTCX,2026100600,78,2026100906,113,90,23,151
CTCX,2026100600,84,2026100912,118,105,13,173
DSHP,2026100600,12,2026100612,27,25,2,45
DSHP,2026100600,24,2026100700,32,30,2,94
DSHP,2026100600,36,2026100712,39,40,-1,130
DSHP,2026100600,48,2026100800,46,60,-14,187
DSHP,2026100600,60,2026100812,53,75,-22,258
DSHP,2026100600,72,2026100900,61,85,-24,348
DSHP,2026100600,84,2026100912,62,105,-43,478
HCCA,2026100600,12,2026100612,29,25,4,37
HCCA,2026100600,24,2026100700,34,30,4,64
HCCA,2026100600,36,2026100712,38,40,-2,71
HCCA,2026100600,48,2026100800,45,60,-15,94
HCCA,2026100600,60,2026100812,57,75,-18,122
HCCA,2026100600,72,2026100900,69,85,-16,160
HCCA,2026100600,84,2026100912,75,105,-30,205
HFAI,2026100600,12,2026100612,27,25,2,33
HFAI,2026100600,24,2026100700,29,30,-1,41
HFAI,2026100600,36,2026100712,36,40,-4,64
HFAI,2026100600,48,2026100800,45,60,-15,88
HFAI,2026100600,60,2026100812,51,75,-24,115
HFAI,2026100600,72,2026100900,62,85,-23,139
HFAI,2026100600,84,2026100912,73,105,-32,174
HFBI,2026100600,12,2026100612,30,25,5,41
HFBI,2026100600,24,2026100700,39,30,9,54
HFBI,2026100600,36,2026100712,44,40,4,58
HFBI,2026100600,48,2026100800,40,60,-20,61
HFBI,2026100600,60,2026100812,49,75,-26,61
HFBI,2026100600,72,2026100900,59,85,-26,87
HFBI,2026100600,84,2026100912,68,105,-37,114
HFSA,2026100600,6,2026100606,48,25,23,21
HFSA,2026100600,12,2026100612,51,25,26,21
HFSA,2026100600,18,2026100618,40,30,10,34
HFSA,2026100600,24,2026100700,55,30,25,64
HFSA,2026100600,30,2026100706,50,35,15,77
HFSA,2026100600,36,2026100712,47,40,7,70
HFSA,2026100600,42,2026100718,63,50,13,65
HFSA,2026100600,48,2026100800,84,60,24,73
HFSA,2026100600,54,2026100806,87,70,17,69
HFSA,2026100600,60,2026100812,77,75,2,86
HFSA,2026100600,66,2026100818,93,80,13,113
HFSA,2026100600,72,2026100900,110,85,25,129
HFSA,2026100600,78,2026100906,101,90,11,113
HFSA,2026100600,84,2026100912,96,105,-9,129
HFSB,2026100600,6,2026100606,44,25,19,21
HFSB,2026100600,12,2026100612,49,25,24,13
HFSB,2026100600,18,2026100618,42,30,12,37
HFSB,2026100600,24,2026100700,44,30,14,54
HFSB,2026100600,30,2026100706,49,35,14,58
HFSB,2026100600,36,2026100712,55,40,15,62
HFSB,2026100600,42,2026100718,57,50,7,55
HFSB,2026100600,48,2026100800,86,60,26,69
HFSB,2026100600,54,2026100806,83,70,13,76
HFSB,2026100600,60,2026100812,73,75,-2,85
HFSB,2026100600,66,2026100818,76,80,-4,137
HFSB,2026100600,72,2026100900,87,85,2,145
HFSB,2026100600,78,2026100906,83,90,-7,141
HFSB,2026100600,84,2026100912,67,105,-38,134
HMNI,2026100600,12,2026100612,27,25,2,62
HMNI,2026100600,24,2026100700,33,30,3,77
HMNI,2026100600,36,2026100712,35,40,-5,49
HMNI,2026100600,48,2026100800,39,60,-21,53
HMNI,2026100600,60,2026100812,49,75,-26,93
HMNI,2026100600,72,2026100900,64,85,-21,117
HMNI,2026100600,84,2026100912,66,105,-39,110
HMON,2026100600,6,2026100606,35,25,10,41
HMON,2026100600,12,2026100612,38,25,13,39
HMON,2026100600,18,2026100618,37,30,7,53
HMON,2026100600,24,2026100700,31,30,1,33
HMON,2026100600,30,2026100706,40,35,5,69
HMON,2026100600,36,2026100712,41,40,1,82
HMON,2026100600,42,2026100718,41,50,-9,83
HMON,2026100600,48,2026100800,44,60,-16,90
HMON,2026100600,54,2026100806,58,70,-12,123
HMON,2026100600,60,2026100812,54,75,-21,127
HMON,2026100600,66,2026100818,63,80,-17,115
HMON,2026100600,72,2026100900,57,85,-28,110
HMON,2026100600,78,2026100906,70,90,-20,116
HMON,2026100600,84,2026100912,90,105,-15,113
HWFI,2026100600,12,2026100612,29,25,4,36
HWFI,2026100600,24,2026100700,33,30,3,99
HWFI,2026100600,36,2026100712,39,40,-1,123
HWFI,2026100600,48,2026100800,46,60,-14,134
HWFI,2026100600,60,2026100812,66,75,-9,139
HWFI,2026100600,72,2026100900,78,85,-7,143
HWFI,2026100600,84,2026100912,89,105,-16,155
HWRF,2026100600,6,2026100606,43,25,18,54
HWRF,2026100600,12,2026100612,32,25,7,18
HWRF,2026100600,18,2026100618,34,30,4,29
HWRF,2026100600,24,2026100700,32,30,2,29
HWRF,2026100600,30,2026100706,41,35,6,53
HWRF,2026100600,36,2026100712,47,40,7,58
HWRF,2026100600,42,2026100718,45,50,-5,63
HWRF,2026100600,48,2026100800,65,60,5,79
HWRF,2026100600,54,2026100806,68,70,-2,87
HWRF,2026100600,60,2026100812,76,75,1,88
HWRF,2026100600,66,2026100818,90,80,10,98
HWRF,2026100600,72,2026100900,99,85,14,119
HWRF,2026100600,78,2026100906,87,90,-3,145
HWRF,2026100600,84,2026100912,99,105,-6,160
IVCN,2026100600,12,2026100612,28,25,3,
IVCN,2026100600,24,2026100700,32,30,2,
IVCN,2026100600,36,2026100712,37,40,-3,
IVCN,2026100600,48,2026100800,42,60,-18,
IVCN,2026100600,60,2026100812,53,75,-22,
IVCN,2026100600,72,2026100900,65,85,-20,
IVCN,2026100600,84,2026100912,72,105,-33,
LGEM,2026100600,12,2026100612,26,25,1,45
LGEM,2026100600,24,2026100700,28,30,-2,94
LGEM,2026100600,36,2026100712,30,40,-10,130
LGEM,2026100600,48,2026100800,34,60,-26,187
LGEM,2026100600,60,2026100812,38,75,-37,258
LGEM,2026100600,72,2026100900,41,85,-44,348
LGEM,2026100600,84,2026100912,44,105,-61,478
NGX2,2026100600,12,2026100612,29,25,4,21
NGX2,2026100600,24,2026100700,31,30,1,42
NGX2,2026100600,36,2026100712,30,40,-10,81
NGX2,2026100600,48,2026100800,33,60,-27,156
NGX2,2026100600,60,2026100812,44,75,-31,243
NGX2,2026100600,72,2026100900,58,85,-27,303
NGX2,2026100600,84,2026100912,62,105,-43,375
NNIB,2026100600,12,2026100612,27,25,2,32
NNIB,2026100600,24,2026100700,30,30,0,86
NNIB,2026100600,36,2026100712,34,40,-6,149
NNIB,2026100600,48,2026100800,41,60,-19,233
NNIB,2026100600,60,2026100812,51,75,-24,328
NNIB,2026100600,72,2026100900,60,85,-25,422
NNIB,2026100600,84,2026100912,64,105,-41,535
NNIC,2026100600,12,2026100612,29,25,4,32
NNIC,2026100600,24,2026100700,35,30,5,86
NNIC,2026100600,36,2026100712,40,40,0,149
NNIC,2026100600,48,2026100800,47,60,-13,233
NNIC,2026100600,60,2026100812,58,75,-17,328
NNIC,2026100600,72,2026100900,68,85,-17,422
NNIC,2026100600,84,2026100912,72,105,-33,535
NVGI,2026100600,12,2026100612,26,25,1,18
NVGI,2026100600,24,2026100700,26,30,-4,62
NVGI,2026100600,36,2026100712,27,40,-13,98
NVGI,2026100600,48,2026100800,27,60,-33,128
NVGI,2026100600,60,2026100812,33,75,-42,162
NVGI,2026100600,72,2026100900,47,85,-38,211
NVGI,2026100600,84,2026100912,61,105,-44,274
NVGM,2026100600,6,2026100606,28,25,3,61
NVGM,2026100600,12,2026100612,32,25,7,36
NVGM,2026100600,18,2026100618,35,30,5,36
NVGM,2026100600,24,2026100700,30,30,0,54
NVGM,2026100600,30,2026100706,27,35,-8,34
NVGM,2026100600,36,2026100712,29,40,-11,21
NVGM,2026100600,42,2026100718,31,50,-19,37
NVGM,2026100600,48,2026100800,37,60,-23,71
NVGM,2026100600,54,2026100806,45,70,-25,120
NVGM,2026100600,60,2026100812,52,75,-23,161
NVGM,2026100600,66,2026100818,61,80,-19,199
NVGM,2026100600,72,2026100900,67,85,-18,245
NVGM,2026100600,78,2026100906,69,90,-21,295
NVGM,2026100600,84,2026100912,75,105,-30,357
OCD5,2026100600,12,2026100612,31,25,6,43
OCD5,2026100600,24,2026100700,38,30,8,91
OCD5,2026100600,36,2026100712,43,40,3,114
OCD5,2026100600,48,2026100800,47,60,-13,158
OCD5,2026100600,60,2026100812,49,75,-26,197
OCD5,2026100600,72,2026100900,50,85,-35,218
OCD5,2026100600,84,2026100912,47,105,-58,236
RVCN,2026100600,12,2026100612,28,25,3,32
RVCN,2026100600,24,2026100700,35,30,5,61
RVCN,2026100600,36,2026100712,35,40,-5,74
RVCN,2026100600,48,2026100800,35,60,-25,92
RVCN,2026100600,60,2026100812,65,75,-10,106
RVCN,2026100600,72,2026100900,65,85,-20,125
RVCN,2026100600,84,2026100912,65,105,-40,148
SHF5,2026100600,12,2026100612,31,25,6,
SHF5,2026100600,24,2026100700,38,30,8,
SHF5,2026100600,36,2026100712,43,40,3,
SHF5,2026100600,48,2026100800,47,60,-13,
SHF5,2026100600,60,2026100812,49,75,-26,
SHF5,2026100600,72,2026100900,50,85,-35,
SHF5,2026100600,84,2026100912,47,105,-58,
SHIP,2026100600,12,2026100612,27,25,2,45
SHIP,2026100600,24,2026100700,32,30,2,94
SHIP,2026100600,36,2026100712,39,40,-1,130
SHIP,2026100600,48,2026100800,46,60,-14,187
SHIP,2026100600,60,2026100812,53,75,-22,258
SHIP,2026100600,72,2026100900,61,85,-24,348
SHIP,2026100600,84,2026100912,62,105,-43,478
TCLP,2026100600,12,2026100612,25,25,0,36
TCLP,2026100600,24,2026100700,26,30,-4,83
TCLP,2026100600,36,2026100712,27,40,-13,135
TCLP,2026100600,48,2026100800,28,60,-32,226
TCLP,2026100600,60,2026100812,28,75,-47,327
TCLP,2026100600,72,2026100900,29,85,-56,420
TCLP,2026100600,84,2026100912,29,105,-76,513
AC00,2026100606,6,2026100612,32,25,7,55
AC00,2026100606,12,2026100618,32,30,2,43
AC00,2026100606,18,2026100700,35,30,5,58
AC00,2026100606,24,2026100706,26,35,-9,74
AC00,2026100606,30,2026100712,25,40,-15,69
AC00,2026100606,36,2026100718,27,50,-23,87
AC00,2026100606,42,2026100800,26,60,-34,127
AC00,2026100606,48,2026100806,27,70,-43,153
AC00,2026100606,54,2026100812,30,75,-45,174
AC00,2026100606,60,2026100818,38,80,-42,228
AC00,2026100606,66,2026100900,33,85,-52,285
AC00,2026100606,72,2026100906,36,90,-54,324
AC00,2026100606,78,2026100912,34,105,-71,408
AEMI,2026100606,12,2026100618,25,30,-5,21
AEMI,2026100606,24,2026100706,24,35,-11,8
AEMI,2026100606,36,2026100718,22,50,-28,38
AEMI,2026100606,48,2026100806,22,70,-48,101
AEMI,2026100606,60,2026100818,25,80,-55,168
AEMI,2026100606,72,2026100906,26,90,-64,266
AEMN,2026100606,6,2026100612,31,25,6,48
AEMN,2026100606,12,2026100618,32,30,2,49
AEMN,2026100606,18,2026100700,31,30,1,58
AEMN,2026100606,24,2026100706,28,35,-7,78
AEMN,2026100606,30,2026100712,28,40,-12,92
AEMN,2026100606,36,2026100718,29,50,-21,107
AEMN,2026100606,42,2026100800,29,60,-31,130
AEMN,2026100606,48,2026100806,30,70,-40,167
AEMN,2026100606,54,2026100812,33,75,-42,198
AEMN,2026100606,60,2026100818,34,80,-46,231
AEMN,2026100606,66,2026100900,35,85,-50,284
AEMN,2026100606,72,2026100906,36,90,-54,339
AEMN,2026100606,78,2026100912,37,105,-68,399
AP01,2026100606,6,2026100612,31,25,6,26
AP01,2026100606,12,2026100618,35,30,5,54
AP01,2026100606,18,2026100700,34,30,4,74
AP01,2026100606,24,2026100706,28,35,-7,93
AP01,2026100606,30,2026100712,29,40,-11,108
AP01,2026100606,36,2026100718,26,50,-24,98
AP01,2026100606,42,2026100800,26,60,-34,101
AP01,2026100606,48,2026100806,31,70,-39,127
AP01,2026100606,54,2026100812,38,75,-37,147
AP01,2026100606,60,2026100818,36,80,-44,171
AP01,2026100606,66,2026100900,40,85,-45,194
AP01,2026100606,72,2026100906,44,90,-46,227
AP01,2026100606,78,2026100912,49,105,-56,230
AP02,2026100606,6,2026100612,34,25,9,48
AP02,2026100606,12,2026100618,32,30,2,67
AP02,2026100606,18,2026100700,32,30,2,93
AP02,2026100606,24,2026100706,31,35,-4,120
AP02,2026100606,30,2026100712,35,40,-5,162
AP02,2026100606,36,2026100718,38,50,-12,193
AP02,2026100606,42,2026100800,38,60,-22,221
AP02,2026100606,48,2026100806,40,70,-30,263
AP02,2026100606,54,2026100812,33,75,-42,296
AP02,2026100606,60,2026100818,30,80,-50,344
AP02,2026100606,66,2026100900,32,85,-53,402
AP02,2026100606,72,2026100906,29,90,-61,465
AP02,2026100606,78,2026100912,28,105,-77,535
AP03,2026100606,6,2026100612,30,25,5,86
AP03,2026100606,12,2026100618,28,30,-2,96
AP03,2026100606,18,2026100700,25,30,-5,93
AP03,2026100606,24,2026100706,21,35,-14,121
AP03,2026100606,30,2026100712,21,40,-19,151
AP03,2026100606,36,2026100718,26,50,-24,123
AP03,2026100606,42,2026100800,30,60,-30,156
AP03,2026100606,48,2026100806,19,70,-51,147
AP03,2026100606,54,2026100812,25,75,-50,184
AP03,2026100606,60,2026100818,31,80,-49,179
AP03,2026100606,66,2026100900,35,85,-50,240
AP03,2026100606,72,2026100906,31,90,-59,295
AP03,2026100606,78,2026100912,32,105,-73,356
AP04,2026100606,6,2026100612,31,25,6,83
AP04,2026100606,12,2026100618,27,30,-3,101
AP04,2026100606,18,2026100700,24,30,-6,102
AP04,2026100606,24,2026100706,25,35,-10,107
AP04,2026100606,30,2026100712,26,40,-14,121
AP04,2026100606,36,2026100718,23,50,-27,159
AP04,2026100606,42,2026100800,28,60,-32,175
AP04,2026100606,48,2026100806,24,70,-46,224
AP04,2026100606,54,2026100812,25,75,-50,275
AP04,2026100606,60,2026100818,27,80,-53,321
AP04,2026100606,66,2026100900,22,85,-63,380
AP04,2026100606,72,2026100906,25,90,-65,434
AP04,2026100606,78,2026100912,28,105,-77,500
AP05,2026100606,6,2026100612,29,25,4,83
AP05,2026100606,12,2026100618,32,30,2,111
AP05,2026100606,18,2026100700,27,30,-3,104
AP05,2026100606,24,2026100706,26,35,-9,96
AP05,2026100606,30,2026100712,29,40,-11,103
AP05,2026100606,36,2026100718,37,50,-13,98
AP05,2026100606,42,2026100800,39,60,-21,131
AP05,2026100606,48,2026100806,41,70,-29,189
AP05,2026100606,54,2026100812,49,75,-26,218
AP05,2026100606,60,2026100818,52,80,-28,259
AP05,2026100606,66,2026100900,48,85,-37,329
AP05,2026100606,72,2026100906,45,90,-45,410
AP05,2026100606,78,2026100912,46,105,-59,483
AP06,2026100606,6,2026100612,29,25,4,72
AP06,2026100606,12,2026100618,27,30,-3,51
AP06,2026100606,18,2026100700,23,30,-7,25
AP06,2026100606,24,2026100706,21,35,-14,56
AP06,2026100606,30,2026100712,22,40,-18,67
AP06,2026100606,36,2026100718,24,50,-26,67
AP06,2026100606,42,2026100800,22,60,-38,104
AP06,2026100606,48,2026100806,21,70,-49,154
AP06,2026100606,54,2026100812,19,75,-56,195
AP06,2026100606,60,2026100818,21,80,-59,205
AP06,2026100606,66,2026100900,24,85,-61,216
AP06,2026100606,72,2026100906,26,90,-64,345
AP06,2026100606,78,2026100912,24,105,-81,427
AP07,2026100606,6,2026100612,29,25,4,34
AP07,2026100606,12,2026100618,29,30,-1,33
AP07,2026100606,18,2026100700,28,30,-2,21
AP07,2026100606,24,2026100706,26,35,-9,21
AP07,2026100606,30,2026100712,24,40,-16,31
AP07,2026100606,36,2026100718,22,50,-28,31
AP07,2026100606,42,2026100800,20,60,-40,50
AP07,2026100606,48,2026100806,22,70,-48,91
AP07,2026100606,54,2026100812,20,75,-55,110
AP07,2026100606,60,2026100818,24,80,-56,114
AP07,2026100606,66,2026100900,22,85,-63,142
AP07,2026100606,72,2026100906,26,90,-64,190
AP07,2026100606,78,2026100912,23,105,-82,255
AP08,2026100606,6,2026100612,35,25,10,90
AP08,2026100606,12,2026100618,34,30,4,82
AP08,2026100606,18,2026100700,33,30,3,94
AP08,2026100606,24,2026100706,26,35,-9,56
AP08,2026100606,30,2026100712,25,40,-15,33
AP08,2026100606,36,2026100718,33,50,-17,36
AP08,2026100606,42,2026100800,39,60,-21,43
AP08,2026100606,48,2026100806,40,70,-30,66
AP08,2026100606,54,2026100812,48,75,-27,58
AP08,2026100606,60,2026100818,58,80,-22,71
AP08,2026100606,66,2026100900,58,85,-27,92
AP08,2026100606,72,2026100906,59,90,-31,118
AP08,2026100606,78,2026100912,58,105,-47,153
AP09,2026100606,6,2026100612,34,25,9,57
AP09,2026100606,12,2026100618,28,30,-2,43
AP09,2026100606,18,2026100700,29,30,-1,43
AP09,2026100606,24,2026100706,31,35,-4,77
AP09,2026100606,30,2026100712,29,40,-11,106
AP09,2026100606,36,2026100718,28,50,-22,116
AP09,2026100606,42,2026100800,33,60,-27,145
AP09,2026100606,48,2026100806,31,70,-39,217
AP09,2026100606,54,2026100812,29,75,-46,278
AP09,2026100606,60,2026100818,36,80,-44,339
AP09,2026100606,66,2026100900,28,85,-57,412
AP09,2026100606,72,2026100906,27,90,-63,476
AP09,2026100606,78,2026100912,32,105,-73,552
AP10,2026100606,6,2026100612,30,25,5,60
AP10,2026100606,12,2026100618,36,30,6,96
AP10,2026100606,18,2026100700,34,30,4,124
AP10,2026100606,24,2026100706,28,35,-7,114
AP10,2026100606,30,2026100712,23,40,-17,75
AP10,2026100606,36,2026100718,25,50,-25,106
AP10,2026100606,42,2026100800,25,60,-35,114
AP10,2026100606,48,2026100806,24,70,-46,135
AP10,2026100606,54,2026100812,29,75,-46,143
AP10,2026100606,60,2026100818,35,80,-45,190
AP10,2026100606,66,2026100900,34,85,-51,251
AP10,2026100606,72,2026100906,42,90,-48,285
AP10,2026100606,78,2026100912,42,105,-63,318
AP11,2026100606,6,2026100612,34,25,9,36
AP11,2026100606,12,2026100618,31,30,1,37
AP11,2026100606,18,2026100700,28,30,-2,34
AP11,2026100606,24,2026100706,25,35,-10,48
AP11,2026100606,30,2026100712,29,40,-11,93
AP11,2026100606,36,2026100718,31,50,-19,115
AP11,2026100606,42,2026100800,27,60,-33,121
AP11,2026100606,48,2026100806,30,70,-40,167
AP11,2026100606,54,2026100812,30,75,-45,210
AP11,2026100606,60,2026100818,37,80,-43,235
AP11,2026100606,66,2026100900,38,85,-47,277
AP11,2026100606,72,2026100906,36,90,-54,330
AP11,2026100606,78,2026100912,41,105,-64,374
AP12,2026100606,6,2026100612,30,25,5,85
AP12,2026100606,12,2026100618,29,30,-1,92
AP12,2026100606,18,2026100700,33,30,3,138
AP12,2026100606,24,2026100706,24,35,-11,169
AP12,2026100606,30,2026100712,24,40,-16,166
AP12,2026100606,36,2026100718,27,50,-23,196
AP12,2026100606,42,2026100800,24,60,-36,198
AP12,2026100606,48,2026100806,24,70,-46,233
AP12,2026100606,54,2026100812,19,75,-56,279
AP12,2026100606,60,2026100818,23,80,-57,332
AP12,2026100606,66,2026100900,28,85,-57,408
AP12,2026100606,72,2026100906,32,90,-58,484
AP12,2026100606,78,2026100912,30,105,-75,579
AP13,2026100606,6,2026100612,29,25,4,93
AP13,2026100606,12,2026100618,31,30,1,87
AP13,2026100606,18,2026100700,30,30,0,98
AP13,2026100606,24,2026100706,28,35,-7,93
AP13,2026100606,30,2026100712,27,40,-13,91
AP13,2026100606,36,2026100718,29,50,-21,119
AP13,2026100606,42,2026100800,32,60,-28,161
AP13,2026100606,48,2026100806,35,70,-35,222
AP13,2026100606,54,2026100812,43,75,-32,257
AP13,2026100606,60,2026100818,42,80,-38,296
AP13,2026100606,66,2026100900,40,85,-45,350
AP13,2026100606,72,2026100906,51,90,-39,410
AP13,2026100606,78,2026100912,46,105,-59,493
AP14,2026100606,6,2026100612,30,25,5,40
AP14,2026100606,12,2026100618,36,30,6,25
AP14,2026100606,18,2026100700,34,30,4,33
AP14,2026100606,24,2026100706,35,35,0,30
AP14,2026100606,30,2026100712,29,40,-11,33
AP14,2026100606,36,2026100718,25,50,-25,35
AP14,2026100606,42,2026100800,28,60,-32,58
AP14,2026100606,48,2026100806,30,70,-40,55
AP14,2026100606,54,2026100812,38,75,-37,68
AP14,2026100606,60,2026100818,37,80,-43,86
AP14,2026100606,66,2026100900,42,85,-43,111
AP14,2026100606,72,2026100906,43,90,-47,145
AP14,2026100606,78,2026100912,51,105,-54,165
AP15,2026100606,6,2026100612,35,25,10,66
AP15,2026100606,12,2026100618,33,30,3,61
AP15,2026100606,18,2026100700,30,30,0,58
AP15,2026100606,24,2026100706,31,35,-4,67
AP15,2026100606,30,2026100712,43,40,3,90
AP15,2026100606,36,2026100718,39,50,-11,101
AP15,2026100606,42,2026100800,37,60,-23,148
AP15,2026100606,48,2026100806,39,70,-31,202
AP15,2026100606,54,2026100812,47,75,-28,265
AP15,2026100606,60,2026100818,42,80,-38,327
AP15,2026100606,66,2026100900,49,85,-36,405
AP15,2026100606,72,2026100906,41,90,-49,468
AP15,2026100606,78,2026100912,39,105,-66,531
AP16,2026100606,6,2026100612,35,25,10,68
AP16,2026100606,12,2026100618,35,30,5,68
AP16,2026100606,18,2026100700,34,30,4,62
AP16,2026100606,24,2026100706,38,35,3,78
AP16,2026100606,30,2026100712,35,40,-5,92
AP16,2026100606,36,2026100718,30,50,-20,109
AP16,2026100606,42,2026100800,29,60,-31,125
AP16,2026100606,48,2026100806,38,70,-32,154
AP16,2026100606,54,2026100812,37,75,-38,171
AP16,2026100606,60,2026100818,38,80,-42,191
AP16,2026100606,66,2026100900,41,85,-44,224
AP16,2026100606,72,2026100906,39,90,-51,269
AP16,2026100606,78,2026100912,37,105,-68,310
AP17,2026100606,6,2026100612,29,25,4,40
AP17,2026100606,12,2026100618,36,30,6,40
AP17,2026100606,18,2026100700,32,30,2,46
AP17,2026100606,24,2026100706,30,35,-5,33
AP17,2026100606,30,2026100712,31,40,-9,13
AP17,2026100606,36,2026100718,33,50,-17,21
AP17,2026100606,42,2026100800,35,60,-25,41
AP17,2026100606,48,2026100806,39,70,-31,61
AP17,2026100606,54,2026100812,41,75,-34,63
AP17,2026100606,60,2026100818,40,80,-40,87
AP17,2026100606,66,2026100900,38,85,-47,132
AP17,2026100606,72,2026100906,41,90,-49,166
AP17,2026100606,78,2026100912,40,105,-65,195
AP18,2026100606,6,2026100612,31,25,6,42
AP18,2026100606,12,2026100618,30,30,0,46
AP18,2026100606,18,2026100700,33,30,3,26
AP18,2026100606,24,2026100706,31,35,-4,79
AP18,2026100606,30,2026100712,35,40,-5,125
AP18,2026100606,36,2026100718,27,50,-23,142
AP18,2026100606,42,2026100800,26,60,-34,168
AP18,2026100606,48,2026100806,27,70,-43,212
AP18,2026100606,54,2026100812,28,75,-47,263
AP18,2026100606,60,2026100818,29,80,-51,311
AP18,2026100606,66,2026100900,28,85,-57,381
AP18,2026100606,72,2026100906,29,90,-61,462
AP18,2026100606,78,2026100912,25,105,-80,560
AP19,2026100606,6,2026100612,31,25,6,48
AP19,2026100606,12,2026100618,34,30,4,38
AP19,2026100606,18,2026100700,35,30,5,48
AP19,2026100606,24,2026100706,29,35,-6,78
AP19,2026100606,30,2026100712,30,40,-10,103
AP19,2026100606,36,2026100718,42,50,-8,109
AP19,2026100606,42,2026100800,33,60,-27,98
AP19,2026100606,48,2026100806,35,70,-35,138
AP19,2026100606,54,2026100812,40,75,-35,167
AP19,2026100606,60,2026100818,38,80,-42,218
AP19,2026100606,66,2026100900,46,85,-39,270
AP19,2026100606,72,2026100906,42,90,-48,311
AP19,2026100606,78,2026100912,51,105,-54,371
AP20,2026100606,6,2026100612,32,25,7,25
AP20,2026100606,12,2026100618,37,30,7,42
AP20,2026100606,18,2026100700,40,30,10,75
AP20,2026100606,24,2026100706,32,35,-3,80
AP20,2026100606,30,2026100712,28,40,-12,64
AP20,2026100606,36,2026100718,29,50,-21,79
AP20,2026100606,42,2026100800,40,60,-20,85
AP20,2026100606,48,2026100806,41,70,-29,107
AP20,2026100606,54,2026100812,48,75,-27,114
AP20,2026100606,60,2026100818,47,80,-33,127
AP20,2026100606,66,2026100900,54,85,-31,151
AP20,2026100606,72,2026100906,55,90,-35,180
AP20,2026100606,78,2026100912,60,105,-45,210
AP21,2026100606,6,2026100612,26,25,1,60
AP21,2026100606,12,2026100618,25,30,-5,42
AP21,2026100606,18,2026100700,27,30,-3,60
AP21,2026100606,24,2026100706,28,35,-7,90
AP21,2026100606,30,2026100712,25,40,-15,121
AP21,2026100606,36,2026100718,27,50,-23,141
AP21,2026100606,42,2026100800,24,60,-36,175
AP21,2026100606,48,2026100806,22,70,-48,219
AP21,2026100606,54,2026100812,22,75,-53,236
AP21,2026100606,60,2026100818,29,80,-51,270
AP21,2026100606,66,2026100900,24,85,-61,354
AP21,2026100606,72,2026100906,28,90,-62,433
AP21,2026100606,78,2026100912,24,105,-81,493
AP22,2026100606,6,2026100612,34,25,9,54
AP22,2026100606,12,2026100618,34,30,4,48
AP22,2026100606,18,2026100700,32,30,2,32
AP22,2026100606,24,2026100706,31,35,-4,59
AP22,2026100606,30,2026100712,32,40,-8,90
AP22,2026100606,36,2026100718,26,50,-24,98
AP22,2026100606,42,2026100800,28,60,-32,141
AP22,2026100606,48,2026100806,30,70,-40,189
AP22,2026100606,54,2026100812,34,75,-41,239
AP22,2026100606,60,2026100818,31,80,-49,290
AP22,2026100606,66,2026100900,33,85,-52,345
AP22,2026100606,72,2026100906,39,90,-51,410
AP22,2026100606,78,2026100912,36,105,-69,492
AP23,2026100606,6,2026100612,31,25,6,73
AP23,2026100606,12,2026100618,29,30,-1,61
AP23,2026100606,18,2026100700,35,30,5,68
AP23,2026100606,24,2026100706,29,35,-6,114
AP23,2026100606,30,2026100712,26,40,-14,151
AP23,2026100606,36,2026100718,22,50,-28,183
AP23,2026100606,42,2026100800,24,60,-36,212
AP23,2026100606,48,2026100806,24,70,-46,266
AP23,2026100606,54,2026100812,24,75,-51,345
AP23,2026100606,60,2026100818,23,80,-57,402
AP23,2026100606,66,2026100900,20,85,-65,485
AP23,2026100606,72,2026100906,16,90,-74,568
AP23,2026100606,78,2026100912,16,105,-89,657
AP24,2026100606,6,2026100612,31,25,6,92
AP24,2026100606,12,2026100618,27,30,-3,128
AP24,2026100606,18,2026100700,25,30,-5,144
AP24,2026100606,24,2026100706,26,35,-9,161
AP24,2026100606,30,2026100712,25,40,-15,146
AP24,2026100606,36,2026100718,27,50,-23,183
AP24,2026100606,42,2026100800,26,60,-34,196
AP24,2026100606,48,2026100806,29,70,-41,213
AP24,2026100606,54,2026100812,27,75,-48,227
AP24,2026100606,60,2026100818,31,80,-49,270
AP24,2026100606,66,2026100900,29,85,-56,336
AP24,2026100606,72,2026100906,28,90,-62,406
AP24,2026100606,78,2026100912,36,105,-69,482
AP25,2026100606,6,2026100612,31,25,6,67
AP25,2026100606,12,2026100618,33,30,3,51
AP25,2026100606,18,2026100700,35,30,5,41
AP25,2026100606,24,2026100706,27,35,-8,40
AP25,2026100606,30,2026100712,27,40,-13,54
AP25,2026100606,36,2026100718,29,50,-21,48
AP25,2026100606,42,2026100800,29,60,-31,66
AP25,2026100606,48,2026100806,36,70,-34,88
AP25,2026100606,54,2026100812,39,75,-36,114
AP25,2026100606,60,2026100818,40,80,-40,103
AP25,2026100606,66,2026100900,48,85,-37,106
AP25,2026100606,72,2026100906,52,90,-38,126
AP25,2026100606,78,2026100912,58,105,-47,153
AP26,2026100606,6,2026100612,31,25,6,57
AP26,2026100606,12,2026100618,30,30,0,53
AP26,2026100606,18,2026100700,30,30,0,58
AP26,2026100606,24,2026100706,29,35,-6,84
AP26,2026100606,30,2026100712,27,40,-13,103
AP26,2026100606,36,2026100718,23,50,-27,155
AP26,2026100606,42,2026100800,24,60,-36,207
AP26,2026100606,48,2026100806,24,70,-46,257
AP26,2026100606,54,2026100812,26,75,-49,306
AP26,2026100606,60,2026100818,28,80,-52,348
AP26,2026100606,66,2026100900,28,85,-57,433
AP26,2026100606,72,2026100906,31,90,-59,502
AP26,2026100606,78,2026100912,36,105,-69,575
AP27,2026100606,6,2026100612,34,25,9,61
AP27,2026100606,12,2026100618,31,30,1,95
AP27,2026100606,18,2026100700,30,30,0,125
AP27,2026100606,24,2026100706,22,35,-13,155
AP27,2026100606,30,2026100712,24,40,-16,181
AP27,2026100606,36,2026100718,28,50,-22,174
AP27,2026100606,42,2026100800,28,60,-32,200
AP27,2026100606,48,2026100806,23,70,-47,231
AP27,2026100606,54,2026100812,25,75,-50,291
AP27,2026100606,60,2026100818,26,80,-54,347
AP27,2026100606,66,2026100900,24,85,-61,421
AP27,2026100606,72,2026100906,19,90,-71,490
AP27,2026100606,78,2026100912,24,105,-81,576
AP28,2026100606,6,2026100612,29,25,4,25
AP28,2026100606,12,2026100618,35,30,5,25
AP28,2026100606,18,2026100700,30,30,0,6
AP28,2026100606,24,2026100706,30,35,-5,66
AP28,2026100606,30,2026100712,32,40,-8,101
AP28,2026100606,36,2026100718,31,50,-19,119
AP28,2026100606,42,2026100800,31,60,-29,140
AP28,2026100606,48,2026100806,26,70,-44,193
AP28,2026100606,54,2026100812,31,75,-44,234
AP28,2026100606,60,2026100818,36,80,-44,264
AP28,2026100606,66,2026100900,41,85,-44,302
AP28,2026100606,72,2026100906,42,90,-48,343
AP28,2026100606,78,2026100912,38,105,-67,387
AP29,2026100606,6,2026100612,31,25,6,48
AP29,2026100606,12,2026100618,30,30,0,33
AP29,2026100606,18,2026100700,33,30,3,36
AP29,2026100606,24,2026100706,30,35,-5,53
AP29,2026100606,30,2026100712,29,40,-11,61
AP29,2026100606,36,2026100718,28,50,-22,57
AP29,2026100606,42,2026100800,30,60,-30,87
AP29,2026100606,48,2026100806,31,70,-39,135
AP29,2026100606,54,2026100812,36,75,-39,152
AP29,2026100606,60,2026100818,33,80,-47,184
AP29,2026100606,66,2026100900,32,85,-53,227
AP29,2026100606,72,2026100906,37,90,-53,270
AP29,2026100606,78,2026100912,43,105,-62,289
AP30,2026100606,6,2026100612,27,25,2,26
AP30,2026100606,12,2026100618,31,30,1,6
AP30,2026100606,18,2026100700,32,30,2,21
AP30,2026100606,24,2026100706,30,35,-5,80
AP30,2026100606,30,2026100712,27,40,-13,102
AP30,2026100606,36,2026100718,28,50,-22,96
AP30,2026100606,42,2026100800,24,60,-36,102
AP30,2026100606,48,2026100806,20,70,-50,114
AP30,2026100606,54,2026100812,26,75,-49,93
AP30,2026100606,60,2026100818,26,80,-54,156
AP30,2026100606,66,2026100900,26,85,-59,200
AP30,2026100606,72,2026100906,27,90,-63,275
AP30,2026100606,78,2026100912,27,105,-78,382
AVNI,2026100606,12,2026100618,26,30,-4,21
AVNI,2026100606,24,2026100706,28,35,-7,12
AVNI,2026100606,36,2026100718,32,50,-18,25
AVNI,2026100606,48,2026100806,41,70,-29,50
AVNI,2026100606,60,2026100818,52,80,-28,78
AVNI,2026100606,72,2026100906,59,90,-31,153
AVNO,2026100606,6,2026100612,32,25,7,30
AVNO,2026100606,12,2026100618,33,30,3,30
AVNO,2026100606,18,2026100700,39,30,9,25
AVNO,2026100606,24,2026100706,30,35,-5,48
AVNO,2026100606,30,2026100712,39,40,-1,67
AVNO,2026100606,36,2026100718,34,50,-16,74
AVNO,2026100606,42,2026100800,43,60,-17,90
AVNO,2026100606,48,2026100806,43,70,-27,114
AVNO,2026100606,54,2026100812,49,75,-26,138
AVNO,2026100606,60,2026100818,46,80,-34,167
AVNO,2026100606,66,2026100900,46,85,-39,227
AVNO,2026100606,72,2026100906,54,90,-36,266
AVNO,2026100606,78,2026100912,46,105,-59,318
CEMI,2026100606,12,2026100618,28,30,-2,26
CEMI,2026100606,24,2026100706,29,35,-6,25
CEMI,2026100606,36,2026100718,30,50,-20,11
CEMI,2026100606,48,2026100806,32,70,-38,48
CEMI,2026100606,60,2026100818,36,80,-44,83
CEMI,2026100606,72,2026100906,40,90,-50,133
CTCI,2026100606,12,2026100618,28,30,-2,49
CTCI,2026100606,24,2026100706,36,35,1,95
CTCI,2026100606,36,2026100718,49,50,-1,109
CTCI,2026100606,48,2026100806,75,70,5,126
CTCI,2026100606,60,2026100818,90,80,10,137
CTCI,2026100606,72,2026100906,107,90,17,114
CTCX,2026100606,6,2026100612,43,25,18,29
CTCX,2026100606,12,2026100618,50,30,20,41
CTCX,2026100606,18,2026100700,34,30,4,33
CTCX,2026100606,24,2026100706,48,35,13,57
CTCX,2026100606,30,2026100712,51,40,11,78
CTCX,2026100606,36,2026100718,49,50,-1,89
CTCX,2026100606,42,2026100800,49,60,-11,106
CTCX,2026100606,48,2026100806,68,70,-2,123
CTCX,2026100606,54,2026100812,73,75,-2,129
CTCX,2026100606,60,2026100818,88,80,8,126
CTCX,2026100606,66,2026100900,82,85,-3,144
CTCX,2026100606,72,2026100906,97,90,7,170
CTCX,2026100606,78,2026100912,95,105,-10,185
DSHP,2026100606,12,2026100618,27,30,-3,53
DSHP,2026100606,24,2026100706,30,35,-5,95
DSHP,2026100606,36,2026100718,35,50,-15,128
DSHP,2026100606,48,2026100806,39,70,-31,210
DSHP,2026100606,60,2026100818,46,80,-34,301
DSHP,2026100606,72,2026100906,50,90,-40,442
GDMI,2026100606,12,2026100618,30,30,0,41
GDMI,2026100606,24,2026100706,35,35,0,38
GDMI,2026100606,36,2026100718,45,50,-5,50
GDMI,2026100606,48,2026100806,60,70,-10,50
GDMI,2026100606,60,2026100818,75,80,-5,61
GDMI,2026100606,72,2026100906,85,90,-5,64
GDMN,2026100606,6,2026100612,27,25,2,13
HCCA,2026100606,12,2026100618,29,30,-1,24
HCCA,2026100606,24,2026100706,35,35,0,29
HCCA,2026100606,36,2026100718,44,50,-6,28
HCCA,2026100606,48,2026100806,54,70,-16,58
HCCA,2026100606,60,2026100818,65,80,-15,73
HCCA,2026100606,72,2026100906,72,90,-18,117
HFAI,2026100606,12,2026100618,34,30,4,48
HFAI,2026100606,24,2026100706,42,35,7,77
HFAI,2026100606,36,2026100718,60,50,10,69
HFAI,2026100606,48,2026100806,82,70,12,82
HFAI,2026100606,60,2026100818,93,80,13,130
HFAI,2026100606,72,2026100906,97,90,7,131
HFBI,2026100606,12,2026100618,31,30,1,42
HFBI,2026100606,24,2026100706,41,35,6,70
HFBI,2026100606,36,2026100718,62,50,12,73
HFBI,2026100606,48,2026100806,78,70,8,93
HFBI,2026100606,60,2026100818,79,80,-1,147
HFBI,2026100606,72,2026100906,76,90,-14,156
HFSA,2026100606,6,2026100612,36,25,11,30
HFSA,2026100606,12,2026100618,32,30,2,39
HFSA,2026100606,18,2026100700,29,30,-1,16
HFSA,2026100606,24,2026100706,30,35,-5,81
HFSA,2026100606,30,2026100712,31,40,-9,90
HFSA,2026100606,36,2026100718,34,50,-16,74
HFSA,2026100606,42,2026100800,31,60,-29,119
HFSA,2026100606,48,2026100806,46,70,-24,123
HFSA,2026100606,54,2026100812,40,75,-35,151
HFSA,2026100606,60,2026100818,45,80,-35,187
HFSA,2026100606,66,2026100900,35,85,-50,245
HFSA,2026100606,72,2026100906,50,90,-40,291
HFSA,2026100606,78,2026100912,56,105,-49,347
HFSB,2026100606,6,2026100612,38,25,13,33
HFSB,2026100606,12,2026100618,31,30,1,22
HFSB,2026100606,18,2026100700,28,30,-2,21
HFSB,2026100606,24,2026100706,32,35,-3,77
HFSB,2026100606,30,2026100712,40,40,0,53
HFSB,2026100606,36,2026100718,35,50,-15,66
HFSB,2026100606,42,2026100800,31,60,-29,82
HFSB,2026100606,48,2026100806,44,70,-26,78
HFSB,2026100606,54,2026100812,49,75,-26,94
HFSB,2026100606,60,2026100818,59,80,-21,127
HFSB,2026100606,66,2026100900,58,85,-27,158
HFSB,2026100606,72,2026100906,65,90,-25,182
HFSB,2026100606,78,2026100912,92,105,-13,221
HMNI,2026100606,12,2026100618,24,30,-6,8
HMNI,2026100606,24,2026100706,27,35,-8,26
HMNI,2026100606,36,2026100718,33,50,-17,53
HMNI,2026100606,48,2026100806,44,70,-26,83
HMNI,2026100606,60,2026100818,53,80,-27,78
HMNI,2026100606,72,2026100906,67,90,-23,81
HMON,2026100606,6,2026100612,35,25,10,36
HMON,2026100606,12,2026100618,40,30,10,42
HMON,2026100606,18,2026100700,37,30,7,61
HMON,2026100606,24,2026100706,35,35,0,68
HMON,2026100606,30,2026100712,35,40,-5,76
HMON,2026100606,36,2026100718,45,50,-5,58
HMON,2026100606,42,2026100800,34,60,-26,90
HMON,2026100606,48,2026100806,44,70,-26,106
HMON,2026100606,54,2026100812,52,75,-23,110
HMON,2026100606,60,2026100818,92,80,12,130
HMON,2026100606,66,2026100900,81,85,-4,147
HMON,2026100606,72,2026100906,92,90,2,169
HMON,2026100606,78,2026100912,98,105,-7,193
HWFI,2026100606,12,2026100618,25,30,-5,26
HWFI,2026100606,24,2026100706,32,35,-3,49
HWFI,2026100606,36,2026100718,45,50,-5,50
HWFI,2026100606,48,2026100806,64,70,-6,66
HWFI,2026100606,60,2026100818,82,80,2,88
HWFI,2026100606,72,2026100906,91,90,1,111
HWRF,2026100606,6,2026100612,44,25,19,13
HWRF,2026100606,12,2026100618,33,30,3,25
HWRF,2026100606,18,2026100700,38,30,8,11
HWRF,2026100606,24,2026100706,44,35,9,33
HWRF,2026100606,30,2026100712,42,40,2,56
HWRF,2026100606,36,2026100718,47,50,-3,51
HWRF,2026100606,42,2026100800,52,60,-8,73
HWRF,2026100606,48,2026100806,68,70,-2,81
HWRF,2026100606,54,2026100812,67,75,-8,79
HWRF,2026100606,60,2026100818,69,80,-11,90
HWRF,2026100606,66,2026100900,92,85,7,108
HWRF,2026100606,72,2026100906,92,90,2,132
HWRF,2026100606,78,2026100912,88,105,-17,143
IVCN,2026100606,12,2026100618,28,30,-2,
IVCN,2026100606,24,2026100706,34,35,-1,
IVCN,2026100606,36,2026100718,45,50,-5,
IVCN,2026100606,48,2026100806,59,70,-11,
IVCN,2026100606,60,2026100818,68,80,-12,
IVCN,2026100606,72,2026100906,75,90,-15,
LGEM,2026100606,12,2026100618,26,30,-4,53
LGEM,2026100606,24,2026100706,27,35,-8,95
LGEM,2026100606,36,2026100718,29,50,-21,128
LGEM,2026100606,48,2026100806,31,70,-39,210
LGEM,2026100606,60,2026100818,33,80,-47,301
LGEM,2026100606,72,2026100906,34,90,-56,442
NGXI,2026100606,12,2026100618,28,30,-2,38
NGXI,2026100606,24,2026100706,25,35,-10,48
NGXI,2026100606,36,2026100718,29,50,-21,49
NGXI,2026100606,48,2026100806,41,70,-29,105
NGXI,2026100606,60,2026100818,56,80,-24,166
NGXI,2026100606,72,2026100906,67,90,-23,247
NNIB,2026100606,12,2026100618,27,30,-3,45
NNIB,2026100606,24,2026100706,31,35,-4,96
NNIB,2026100606,36,2026100718,36,50,-14,156
NNIB,2026100606,48,2026100806,42,70,-28,249
NNIB,2026100606,60,2026100818,49,80,-31,344
NNIB,2026100606,72,2026100906,53,90,-37,446
NNIC,2026100606,12,2026100618,29,30,-1,45
NNIC,2026100606,24,2026100706,36,35,1,96
NNIC,2026100606,36,2026100718,43,50,-7,156
NNIC,2026100606,48,2026100806,47,70,-23,249
NNIC,2026100606,60,2026100818,55,80,-25,344
NNIC,2026100606,72,2026100906,59,90,-31,446
NVG2,2026100606,12,2026100618,25,30,-5,42
NVG2,2026100606,24,2026100706,26,35,-9,82
NVG2,2026100606,36,2026100718,26,50,-24,106
NVG2,2026100606,48,2026100806,28,70,-42,135
NVG2,2026100606,60,2026100818,39,80,-41,176
NVG2,2026100606,72,2026100906,54,90,-36,219
NVGI,2026100606,12,2026100618,28,30,-2,31
NVGI,2026100606,24,2026100706,25,35,-10,48
NVGI,2026100606,36,2026100718,29,50,-21,61
NVGI,2026100606,48,2026100806,41,70,-29,111
NVGI,2026100606,60,2026100818,55,80,-25,174
NVGI,2026100606,72,2026100906,66,90,-24,252
NVGM,2026100606,6,2026100612,30,25,5,51
NVGM,2026100606,12,2026100618,34,30,4,48
NVGM,2026100606,18,2026100700,29,30,-1,74
NVGM,2026100606,24,2026100706,27,35,-8,62
NVGM,2026100606,30,2026100712,29,40,-11,39
NVGM,2026100606,36,2026100718,23,50,-27,48
NVGM,2026100606,42,2026100800,25,60,-35,32
NVGM,2026100606,48,2026100806,26,70,-44,16
NVGM,2026100606,54,2026100812,32,75,-43,16
NVGM,2026100606,60,2026100818,36,80,-44,30
NVGM,2026100606,66,2026100900,35,85,-50,56
NVGM,2026100606,72,2026100906,38,90,-52,92
NVGM,2026100606,78,2026100912,38,105,-67,130
OCD5,2026100606,12,2026100618,31,30,1,49
OCD5,2026100606,24,2026100706,38,35,3,85
OCD5,2026100606,36,2026100718,43,50,-7,110
OCD5,2026100606,48,2026100806,47,70,-23,161
OCD5,2026100606,60,2026100818,49,80,-31,206
OCD5,2026100606,72,2026100906,50,90,-40,216
RVCN,2026100606,12,2026100618,28,30,-2,36
RVCN,2026100606,24,2026100706,35,35,0,55
RVCN,2026100606,36,2026100718,50,50,0,45
RVCN,2026100606,48,2026100806,65,70,-5,65
RVCN,2026100606,60,2026100818,65,80,-15,82
RVCN,2026100606,72,2026100906,65,90,-25,92
SHF5,2026100606,12,2026100618,31,30,1,
SHF5,2026100606,24,2026100706,38,35,3,
SHF5,2026100606,36,2026100718,43,50,-7,
SHF5,2026100606,48,2026100806,47,70,-23,
SHF5,2026100606,60,2026100818,49,80,-31,
SHF5,2026100606,72,2026100906,50,90,-40,
SHIP,2026100606,12,2026100618,27,30,-3,53
SHIP,2026100606,24,2026100706,30,35,-5,95
SHIP,2026100606,36,2026100718,35,50,-15,128
SHIP,2026100606,48,2026100806,39,70,-31,210
SHIP,2026100606,60,2026100818,46,80,-34,301
SHIP,2026100606,72,2026100906,50,90,-40,442
TCLP,2026100606,12,2026100618,25,30,-5,48
TCLP,2026100606,24,2026100706,26,35,-9,91
TCLP,2026100606,36,2026100718,27,50,-23,141
TCLP,2026100606,48,2026100806,28,70,-42,244
TCLP,2026100606,60,2026100818,28,80,-52,348
TCLP,2026100606,72,2026100906,29,90,-61,434
UKXI,2026100606,12,2026100618,26,30,-4,61
UKXI,2026100606,24,2026100706,27,35,-8,90
UKXI,2026100606,36,2026100718,27,50,-23,94
UKXI,2026100606,48,2026100806,25,70,-45,76
UKXI,2026100606,60,2026100818,27,80,-53,69
UKXI,2026100606,72,2026100906,32,90,-58,70
CMC,2026100612,6,2026100618,27,30,-3,25
CMC,2026100612,12,2026100700,27,30,-3,21
CMC,2026100612,18,2026100706,28,35,-7,13
CMC,2026100612,24,2026100712,31,40,-9,22
CMC,2026100612,30,2026100718,28,50,-22,45
CMC,2026100612,36,2026100800,28,60,-32,101
CMC,2026100612,42,2026100806,26,70,-44,98
CMC,2026100612,48,2026100812,29,75,-46,137
CMC,2026100612,54,2026100818,35,80,-45,156
CMC,2026100612,60,2026100900,37,85,-48,187
CMC,2026100612,66,2026100906,40,90,-50,255
CMC,2026100612,72,2026100912,35,105,-70,294
UKX,2026100612,6,2026100618,28,30,-2,18
UKX,2026100612,12,2026100700,29,30,-1,21
UKX,2026100612,18,2026100706,27,35,-8,38
UKX,2026100612,24,2026100712,28,40,-12,23
UKX,2026100612,30,2026100718,29,50,-21,30
UKX,2026100612,36,2026100800,26,60,-34,53
UKX,2026100612,42,2026100806,28,70,-42,76
UKX,2026100612,48,2026100812,32,75,-43,98
UKX,2026100612,54,2026100818,28,80,-52,126
UKX,2026100612,60,2026100900,29,85,-56,156
UKX,2026100612,66,2026100906,34,90,-56,171
UKX,2026100612,72,2026100912,37,105,-68,190
AC00,2026100612,6,2026100618,32,30,2,42
AC00,2026100612,12,2026100700,32,30,2,48
AC00,2026100612,18,2026100706,30,35,-5,78
AC00,2026100612,24,2026100712,25,40,-15,87
AC00,2026100612,30,2026100718,31,50,-19,106
AC00,2026100612,36,2026100800,29,60,-31,122
AC00,2026100612,42,2026100806,28,70,-42,181
AC00,2026100612,48,2026100812,31,75,-44,194
AC00,2026100612,54,2026100818,45,80,-35,241
AC00,2026100612,60,2026100900,33,85,-52,314
AC00,2026100612,66,2026100906,35,90,-55,369
AC00,2026100612,72,2026100912,33,105,-72,429
AEMI,2026100612,12,2026100700,22,30,-8,6
AEMI,2026100612,24,2026100712,21,40,-19,46
AEMI,2026100612,36,2026100800,22,60,-38,98
AEMI,2026100612,48,2026100812,24,75,-51,168
AEMI,2026100612,60,2026100900,27,85,-58,252
AEMI,2026100612,72,2026100912,29,105,-76,366
AEMN,2026100612,6,2026100618,32,30,2,42
AEMN,2026100612,12,2026100700,32,30,2,49
AEMN,2026100612,18,2026100706,29,35,-6,66
AEMN,2026100612,24,2026100712,30,40,-10,81
AEMN,2026100612,30,2026100718,32,50,-18,96
AEMN,2026100612,36,2026100800,33,60,-27,119
AEMN,2026100612,42,2026100806,35,70,-35,154
AEMN,2026100612,48,2026100812,38,75,-37,190
AEMN,2026100612,54,2026100818,38,80,-42,224
AEMN,2026100612,60,2026100900,39,85,-46,273
AEMN,2026100612,66,2026100906,39,90,-51,330
AEMN,2026100612,72,2026100912,40,105,-65,390
AP01,2026100612,6,2026100618,31,30,1,53
AP01,2026100612,12,2026100700,31,30,1,54
AP01,2026100612,18,2026100706,29,35,-6,55
AP01,2026100612,24,2026100712,32,40,-8,67
AP01,2026100612,30,2026100718,34,50,-16,91
AP01,2026100612,36,2026100800,40,60,-20,126
AP01,2026100612,42,2026100806,42,70,-28,173
AP01,2026100612,48,2026100812,44,75,-31,215
AP01,2026100612,54,2026100818,46,80,-34,253
AP01,2026100612,60,2026100900,51,85,-34,301
AP01,2026100612,66,2026100906,41,90,-49,365
AP01,2026100612,72,2026100912,37,105,-68,431
AP02,2026100612,6,2026100618,33,30,3,54
AP02,2026100612,12,2026100700,32,30,2,55
AP02,2026100612,18,2026100706,29,35,-6,66
AP02,2026100612,24,2026100712,28,40,-12,121
AP02,2026100612,30,2026100718,29,50,-21,121
AP02,2026100612,36,2026100800,27,60,-33,139
AP02,2026100612,42,2026100806,30,70,-40,193
AP02,2026100612,48,2026100812,30,75,-45,239
AP02,2026100612,54,2026100818,33,80,-47,294
AP02,2026100612,60,2026100900,37,85,-48,351
AP02,2026100612,66,2026100906,40,90,-50,422
AP02,2026100612,72,2026100912,38,105,-67,519
AP03,2026100612,6,2026100618,29,30,-1,48
AP03,2026100612,12,2026100700,33,30,3,38
AP03,2026100612,18,2026100706,26,35,-9,48
AP03,2026100612,24,2026100712,23,40,-17,58
AP03,2026100612,30,2026100718,24,50,-26,75
AP03,2026100612,36,2026100800,23,60,-37,61
AP03,2026100612,42,2026100806,34,70,-36,90
AP03,2026100612,48,2026100812,34,75,-41,106
AP03,2026100612,54,2026100818,36,80,-44,119
AP03,2026100612,60,2026100900,36,85,-49,153
AP03,2026100612,66,2026100906,45,90,-45,196
AP03,2026100612,72,2026100912,45,105,-60,229
AP04,2026100612,6,2026100618,29,30,-1,106
AP04,2026100612,12,2026100700,31,30,1,130
AP04,2026100612,18,2026100706,33,35,-2,153
AP04,2026100612,24,2026100712,27,40,-13,170
AP04,2026100612,30,2026100718,25,50,-25,162
AP04,2026100612,36,2026100800,21,60,-39,151
AP04,2026100612,42,2026100806,20,70,-50,185
AP04,2026100612,48,2026100812,22,75,-53,210
AP04,2026100612,54,2026100818,21,80,-59,259
AP04,2026100612,60,2026100900,21,85,-64,341
AP04,2026100612,66,2026100906,22,90,-68,440
AP04,2026100612,72,2026100912,23,105,-82,546
AP05,2026100612,6,2026100618,29,30,-1,38
AP05,2026100612,12,2026100700,30,30,0,37
AP05,2026100612,18,2026100706,28,35,-7,62
AP05,2026100612,24,2026100712,28,40,-12,78
AP05,2026100612,30,2026100718,27,50,-23,72
AP05,2026100612,36,2026100800,34,60,-26,89
AP05,2026100612,42,2026100806,35,70,-35,122
AP05,2026100612,48,2026100812,43,75,-32,149
AP05,2026100612,54,2026100818,39,80,-41,174
AP05,2026100612,60,2026100900,47,85,-38,187
AP05,2026100612,66,2026100906,48,90,-42,216
AP05,2026100612,72,2026100912,52,105,-53,247
AP06,2026100612,6,2026100618,31,30,1,57
AP06,2026100612,12,2026100700,33,30,3,85
AP06,2026100612,18,2026100706,26,35,-9,110
AP06,2026100612,24,2026100712,23,40,-17,126
AP06,2026100612,30,2026100718,21,50,-29,157
AP06,2026100612,36,2026100800,24,60,-36,197
AP06,2026100612,42,2026100806,25,70,-45,256
AP06,2026100612,48,2026100812,27,75,-48,314
AP06,2026100612,54,2026100818,26,80,-54,369
AP06,2026100612,60,2026100900,23,85,-62,463
AP06,2026100612,66,2026100906,21,90,-69,567
AP06,2026100612,72,2026100912,20,105,-85,672
AP07,2026100612,6,2026100618,33,30,3,60
AP07,2026100612,12,2026100700,32,30,2,80
AP07,2026100612,18,2026100706,26,35,-9,93
AP07,2026100612,24,2026100712,26,40,-14,84
AP07,2026100612,30,2026100718,29,50,-21,73
AP07,2026100612,36,2026100800,27,60,-33,86
AP07,2026100612,42,2026100806,22,70,-48,102
AP07,2026100612,48,2026100812,25,75,-50,122
AP07,2026100612,54,2026100818,25,80,-55,156
AP07,2026100612,60,2026100900,26,85,-59,193
AP07,2026100612,66,2026100906,30,90,-60,220
AP07,2026100612,72,2026100912,33,105,-72,250
AP08,2026100612,6,2026100618,34,30,4,21
AP08,2026100612,12,2026100700,31,30,1,16
AP08,2026100612,18,2026100706,27,35,-8,11
AP08,2026100612,24,2026100712,24,40,-16,28
AP08,2026100612,30,2026100718,27,50,-23,37
AP08,2026100612,36,2026100800,24,60,-36,78
AP08,2026100612,42,2026100806,20,70,-50,127
AP08,2026100612,48,2026100812,21,75,-54,167
AP08,2026100612,54,2026100818,21,80,-59,192
AP08,2026100612,60,2026100900,24,85,-61,219
AP08,2026100612,66,2026100906,25,90,-65,267
AP08,2026100612,72,2026100912,27,105,-78,320
AP09,2026100612,6,2026100618,36,30,6,50
AP09,2026100612,12,2026100700,36,30,6,45
AP09,2026100612,18,2026100706,32,35,-3,66
AP09,2026100612,24,2026100712,37,40,-3,78
AP09,2026100612,30,2026100718,39,50,-11,87
AP09,2026100612,36,2026100800,42,60,-18,104
AP09,2026100612,42,2026100806,39,70,-31,123
AP09,2026100612,48,2026100812,41,75,-34,148
AP09,2026100612,54,2026100818,37,80,-43,172
AP09,2026100612,60,2026100900,44,85,-41,223
AP09,2026100612,66,2026100906,33,90,-57,288
AP09,2026100612,72,2026100912,32,105,-73,357
AP10,2026100612,6,2026100618,32,30,2,25
AP10,2026100612,12,2026100700,31,30,1,8
AP10,2026100612,18,2026100706,26,35,-9,38
AP10,2026100612,24,2026100712,35,40,-5,82
AP10,2026100612,30,2026100718,31,50,-19,108
AP10,2026100612,36,2026100800,33,60,-27,143
AP10,2026100612,42,2026100806,34,70,-36,193
AP10,2026100612,48,2026100812,51,75,-24,225
AP10,2026100612,54,2026100818,39,80,-41,273
AP10,2026100612,60,2026100900,41,85,-44,320
AP10,2026100612,66,2026100906,34,90,-56,397
AP10,2026100612,72,2026100912,36,105,-69,464
AP11,2026100612,6,2026100618,26,30,-4,56
AP11,2026100612,12,2026100700,26,30,-4,61
AP11,2026100612,18,2026100706,24,35,-11,101
AP11,2026100612,24,2026100712,32,40,-8,111
AP11,2026100612,30,2026100718,29,50,-21,119
AP11,2026100612,36,2026100800,33,60,-27,159
AP11,2026100612,42,2026100806,31,70,-39,229
AP11,2026100612,48,2026100812,32,75,-43,277
AP11,2026100612,54,2026100818,31,80,-49,338
AP11,2026100612,60,2026100900,33,85,-52,400
AP11,2026100612,66,2026100906,34,90,-56,458
AP11,2026100612,72,2026100912,34,105,-71,522
AP12,2026100612,6,2026100618,35,30,5,57
AP12,2026100612,12,2026100700,35,30,5,61
AP12,2026100612,18,2026100706,29,35,-6,66
AP12,2026100612,24,2026100712,30,40,-10,69
AP12,2026100612,30,2026100718,26,50,-24,85
AP12,2026100612,36,2026100800,38,60,-22,118
AP12,2026100612,42,2026100806,34,70,-36,171
AP12,2026100612,48,2026100812,39,75,-36,216
AP12,2026100612,54,2026100818,38,80,-42,274
AP12,2026100612,60,2026100900,42,85,-43,321
AP12,2026100612,66,2026100906,42,90,-48,389
AP12,2026100612,72,2026100912,40,105,-65,467
AP13,2026100612,6,2026100618,31,30,1,48
AP13,2026100612,12,2026100700,35,30,5,54
AP13,2026100612,18,2026100706,30,35,-5,78
AP13,2026100612,24,2026100712,26,40,-14,94
AP13,2026100612,30,2026100718,28,50,-22,109
AP13,2026100612,36,2026100800,26,60,-34,122
AP13,2026100612,42,2026100806,29,70,-41,154
AP13,2026100612,48,2026100812,35,75,-40,174
AP13,2026100612,54,2026100818,43,80,-37,193
AP13,2026100612,60,2026100900,46,85,-39,232
AP13,2026100612,66,2026100906,51,90,-39,274
AP13,2026100612,72,2026100912,53,105,-52,334
AP14,2026100612,6,2026100618,28,30,-2,72
AP14,2026100612,12,2026100700,38,30,8,92
AP14,2026100612,18,2026100706,26,35,-9,100
AP14,2026100612,24,2026100712,29,40,-11,112
AP14,2026100612,30,2026100718,32,50,-18,124
AP14,2026100612,36,2026100800,28,60,-32,151
AP14,2026100612,42,2026100806,32,70,-38,192
AP14,2026100612,48,2026100812,39,75,-36,237
AP14,2026100612,54,2026100818,39,80,-41,292
AP14,2026100612,60,2026100900,34,85,-51,336
AP14,2026100612,66,2026100906,38,90,-52,402
AP14,2026100612,72,2026100912,30,105,-75,450
AP15,2026100612,6,2026100618,30,30,0,48
AP15,2026100612,12,2026100700,29,30,-1,64
AP15,2026100612,18,2026100706,26,35,-9,85
AP15,2026100612,24,2026100712,28,40,-12,98
AP15,2026100612,30,2026100718,29,50,-21,113
AP15,2026100612,36,2026100800,32,60,-28,127
AP15,2026100612,42,2026100806,32,70,-38,146
AP15,2026100612,48,2026100812,35,75,-40,155
AP15,2026100612,54,2026100818,42,80,-38,160
AP15,2026100612,60,2026100900,38,85,-47,172
AP15,2026100612,66,2026100906,46,90,-44,181
AP15,2026100612,72,2026100912,48,105,-57,186
AP16,2026100612,6,2026100618,32,30,2,61
AP16,2026100612,12,2026100700,26,30,-4,83
AP16,2026100612,18,2026100706,23,35,-12,61
AP16,2026100612,24,2026100712,27,40,-13,34
AP16,2026100612,30,2026100718,34,50,-16,42
AP16,2026100612,36,2026100800,37,60,-23,66
AP16,2026100612,42,2026100806,45,70,-25,84
AP16,2026100612,48,2026100812,48,75,-27,87
AP16,2026100612,54,2026100818,45,80,-35,102
AP16,2026100612,60,2026100900,48,85,-37,125
AP16,2026100612,66,2026100906,55,90,-35,147
AP16,2026100612,72,2026100912,56,105,-49,163
AP17,2026100612,6,2026100618,27,30,-3,42
AP17,2026100612,12,2026100700,31,30,1,61
AP17,2026100612,18,2026100706,30,35,-5,90
AP17,2026100612,24,2026100712,29,40,-11,119
AP17,2026100612,30,2026100718,31,50,-19,153
AP17,2026100612,36,2026100800,27,60,-33,164
AP17,2026100612,42,2026100806,25,70,-45,202
AP17,2026100612,48,2026100812,25,75,-50,259
AP17,2026100612,54,2026100818,28,80,-52,311
AP17,2026100612,60,2026100900,23,85,-62,375
AP17,2026100612,66,2026100906,25,90,-65,446
AP17,2026100612,72,2026100912,26,105,-79,538
AP18,2026100612,6,2026100618,33,30,3,18
AP18,2026100612,12,2026100700,36,30,6,11
AP18,2026100612,18,2026100706,42,35,7,25
AP18,2026100612,24,2026100712,38,40,-2,42
AP18,2026100612,30,2026100718,48,50,-2,55
AP18,2026100612,36,2026100800,47,60,-13,54
AP18,2026100612,42,2026100806,59,70,-11,57
AP18,2026100612,48,2026100812,58,75,-17,66
AP18,2026100612,54,2026100818,59,80,-21,66
AP18,2026100612,60,2026100900,54,85,-31,71
AP18,2026100612,66,2026100906,61,90,-29,74
AP18,2026100612,72,2026100912,58,105,-47,82
AP19,2026100612,6,2026100618,36,30,6,54
AP19,2026100612,12,2026100700,31,30,1,53
AP19,2026100612,18,2026100706,27,35,-8,51
AP19,2026100612,24,2026100712,27,40,-13,31
AP19,2026100612,30,2026100718,35,50,-15,31
AP19,2026100612,36,2026100800,37,60,-23,54
AP19,2026100612,42,2026100806,39,70,-31,83
AP19,2026100612,48,2026100812,37,75,-38,103
AP19,2026100612,54,2026100818,35,80,-45,126
AP19,2026100612,60,2026100900,34,85,-51,160
AP19,2026100612,66,2026100906,34,90,-56,204
AP19,2026100612,72,2026100912,33,105,-72,240
AP20,2026100612,6,2026100618,33,30,3,60
AP20,2026100612,12,2026100700,32,30,2,85
AP20,2026100612,18,2026100706,28,35,-7,114
AP20,2026100612,24,2026100712,33,40,-7,127
AP20,2026100612,30,2026100718,30,50,-20,117
AP20,2026100612,36,2026100800,30,60,-30,140
AP20,2026100612,42,2026100806,31,70,-39,182
AP20,2026100612,48,2026100812,42,75,-33,244
AP20,2026100612,54,2026100818,35,80,-45,307
AP20,2026100612,60,2026100900,38,85,-47,381
AP20,2026100612,66,2026100906,38,90,-52,454
AP20,2026100612,72,2026100912,39,105,-66,542
AP21,2026100612,6,2026100618,38,30,8,58
AP21,2026100612,12,2026100700,35,30,5,73
AP21,2026100612,18,2026100706,32,35,-3,91
AP21,2026100612,24,2026100712,29,40,-11,86
AP21,2026100612,30,2026100718,35,50,-15,93
AP21,2026100612,36,2026100800,41,60,-19,123
AP21,2026100612,42,2026100806,48,70,-22,160
AP21,2026100612,48,2026100812,53,75,-22,193
AP21,2026100612,54,2026100818,56,80,-24,206
AP21,2026100612,60,2026100900,61,85,-24,240
AP21,2026100612,66,2026100906,65,90,-25,274
AP21,2026100612,72,2026100912,70,105,-35,329
AP22,2026100612,6,2026100618,36,30,6,42
AP22,2026100612,12,2026100700,34,30,4,48
AP22,2026100612,18,2026100706,30,35,-5,72
AP22,2026100612,24,2026100712,28,40,-12,87
AP22,2026100612,30,2026100718,34,50,-16,119
AP22,2026100612,36,2026100800,33,60,-27,147
AP22,2026100612,42,2026100806,28,70,-42,184
AP22,2026100612,48,2026100812,29,75,-46,212
AP22,2026100612,54,2026100818,29,80,-51,236
AP22,2026100612,60,2026100900,29,85,-56,294
AP22,2026100612,66,2026100906,28,90,-62,371
AP22,2026100612,72,2026100912,25,105,-80,441
AP23,2026100612,6,2026100618,28,30,-2,36
AP23,2026100612,12,2026100700,29,30,-1,42
AP23,2026100612,18,2026100706,28,35,-7,67
AP23,2026100612,24,2026100712,31,40,-9,72
AP23,2026100612,30,2026100718,31,50,-19,99
AP23,2026100612,36,2026100800,39,60,-21,140
AP23,2026100612,42,2026100806,39,70,-31,197
AP23,2026100612,48,2026100812,44,75,-31,246
AP23,2026100612,54,2026100818,45,80,-35,316
AP23,2026100612,60,2026100900,39,85,-46,394
AP23,2026100612,66,2026100906,43,90,-47,452
AP23,2026100612,72,2026100912,40,105,-65,544
AP24,2026100612,6,2026100618,26,30,-4,59
AP24,2026100612,12,2026100700,27,30,-3,62
AP24,2026100612,18,2026100706,24,35,-11,93
AP24,2026100612,24,2026100712,27,40,-13,135
AP24,2026100612,30,2026100718,33,50,-17,172
AP24,2026100612,36,2026100800,29,60,-31,196
AP24,2026100612,42,2026100806,24,70,-46,245
AP24,2026100612,48,2026100812,30,75,-45,270
AP24,2026100612,54,2026100818,31,80,-49,306
AP24,2026100612,60,2026100900,38,85,-47,367
AP24,2026100612,66,2026100906,35,90,-55,437
AP24,2026100612,72,2026100912,42,105,-63,489
AP25,2026100612,6,2026100618,30,30,0,34
AP25,2026100612,12,2026100700,30,30,0,48
AP25,2026100612,18,2026100706,29,35,-6,79
AP25,2026100612,24,2026100712,27,40,-13,89
AP25,2026100612,30,2026100718,34,50,-16,104
AP25,2026100612,36,2026100800,30,60,-30,132
AP25,2026100612,42,2026100806,38,70,-32,182
AP25,2026100612,48,2026100812,44,75,-31,219
AP25,2026100612,54,2026100818,46,80,-34,230
AP25,2026100612,60,2026100900,47,85,-38,267
AP25,2026100612,66,2026100906,42,90,-48,325
AP25,2026100612,72,2026100912,46,105,-59,374
AP26,2026100612,6,2026100618,30,30,0,58
AP26,2026100612,12,2026100700,30,30,0,69
AP26,2026100612,18,2026100706,27,35,-8,79
AP26,2026100612,24,2026100712,26,40,-14,78
AP26,2026100612,30,2026100718,26,50,-24,91
AP26,2026100612,36,2026100800,34,60,-26,122
AP26,2026100612,42,2026100806,34,70,-36,159
AP26,2026100612,48,2026100812,36,75,-39,208
AP26,2026100612,54,2026100818,37,80,-43,283
AP26,2026100612,60,2026100900,39,85,-46,352
AP26,2026100612,66,2026100906,47,90,-43,420
AP26,2026100612,72,2026100912,39,105,-66,507
AP27,2026100612,6,2026100618,35,30,5,31
AP27,2026100612,12,2026100700,33,30,3,31
AP27,2026100612,18,2026100706,31,35,-4,40
AP27,2026100612,24,2026100712,40,40,0,55
AP27,2026100612,30,2026100718,39,50,-11,72
AP27,2026100612,36,2026100800,41,60,-19,73
AP27,2026100612,42,2026100806,44,70,-26,106
AP27,2026100612,48,2026100812,44,75,-31,138
AP27,2026100612,54,2026100818,40,80,-40,173
AP27,2026100612,60,2026100900,37,85,-48,217
AP27,2026100612,66,2026100906,37,90,-53,266
AP27,2026100612,72,2026100912,45,105,-60,291
AP28,2026100612,6,2026100618,32,30,2,29
AP28,2026100612,12,2026100700,30,30,0,23
AP28,2026100612,18,2026100706,31,35,-4,16
AP28,2026100612,24,2026100712,35,40,-5,56
AP28,2026100612,30,2026100718,39,50,-11,78
AP28,2026100612,36,2026100800,42,60,-18,102
AP28,2026100612,42,2026100806,48,70,-22,147
AP28,2026100612,48,2026100812,51,75,-24,175
AP28,2026100612,54,2026100818,54,80,-26,212
AP28,2026100612,60,2026100900,56,85,-29,261
AP28,2026100612,66,2026100906,58,90,-32,322
AP28,2026100612,72,2026100912,60,105,-45,392
AP29,2026100612,6,2026100618,32,30,2,61
AP29,2026100612,12,2026100700,37,30,7,54
AP29,2026100612,18,2026100706,40,35,5,61
AP29,2026100612,24,2026100712,41,40,1,57
AP29,2026100612,30,2026100718,50,50,0,88
AP29,2026100612,36,2026100800,43,60,-17,120
AP29,2026100612,42,2026100806,42,70,-28,192
AP29,2026100612,48,2026100812,38,75,-37,224
AP29,2026100612,54,2026100818,40,80,-40,264
AP29,2026100612,60,2026100900,38,85,-47,336
AP29,2026100612,66,2026100906,36,90,-54,410
AP29,2026100612,72,2026100912,37,105,-68,492
AP30,2026100612,6,2026100618,37,30,7,61
AP30,2026100612,12,2026100700,34,30,4,74
AP30,2026100612,18,2026100706,29,35,-6,83
AP30,2026100612,24,2026100712,38,40,-2,96
AP30,2026100612,30,2026100718,35,50,-15,115
AP30,2026100612,36,2026100800,29,60,-31,130
AP30,2026100612,42,2026100806,32,70,-38,164
AP30,2026100612,48,2026100812,36,75,-39,179
AP30,2026100612,54,2026100818,39,80,-41,189
AP30,2026100612,60,2026100900,32,85,-53,245
AP30,2026100612,66,2026100906,28,90,-62,293
AP30,2026100612,72,2026100912,37,105,-68,334
AVNI,2026100612,12,2026100700,25,30,-5,21
AVNI,2026100612,24,2026100712,27,40,-13,19
AVNI,2026100612,36,2026100800,33,60,-27,57
AVNI,2026100612,48,2026100812,39,75,-36,106
AVNI,2026100612,60,2026100900,42,85,-43,181
AVNI,2026100612,72,2026100912,45,105,-60,279
AVNO,2026100612,6,2026100618,35,30,5,43
AVNO,2026100612,12,2026100700,39,30,9,42
AVNO,2026100612,18,2026100706,32,35,-3,60
AVNO,2026100612,24,2026100712,33,40,-7,74
AVNO,2026100612,30,2026100718,42,50,-8,87
AVNO,2026100612,36,2026100800,41,60,-19,106
AVNO,2026100612,42,2026100806,54,70,-16,140
AVNO,2026100612,48,2026100812,57,75,-18,169
AVNO,2026100612,54,2026100818,52,80,-28,191
AVNO,2026100612,60,2026100900,47,85,-38,222
AVNO,2026100612,66,2026100906,52,90,-38,275
AVNO,2026100612,72,2026100912,51,105,-54,332
CEM2,2026100612,12,2026100700,27,30,-3,13
CEM2,2026100612,24,2026100712,28,40,-12,30
CEM2,2026100612,36,2026100800,29,60,-31,50
CEM2,2026100612,48,2026100812,32,75,-43,88
CEM2,2026100612,60,2026100900,36,85,-49,134
CEM2,2026100612,72,2026100912,40,105,-65,201
CEMN,2026100612,6,2026100618,28,30,-2,21
CEMN,2026100612,12,2026100700,30,30,0,21
CEMN,2026100612,18,2026100706,30,35,-5,29
CEMN,2026100612,24,2026100712,29,40,-11,41
CEMN,2026100612,30,2026100718,31,50,-19,45
CEMN,2026100612,36,2026100800,33,60,-27,63
CEMN,2026100612,42,2026100806,35,70,-35,99
CEMN,2026100612,48,2026100812,36,75,-39,132
CEMN,2026100612,54,2026100818,37,80,-43,151
CEMN,2026100612,60,2026100900,36,85,-49,186
CEMN,2026100612,66,2026100906,38,90,-52,215
CEMN,2026100612,72,2026100912,40,105,-65,254
CTCI,2026100612,12,2026100700,27,30,-3,40
CTCI,2026100612,24,2026100712,35,40,-5,63
CTCI,2026100612,36,2026100800,45,60,-15,93
CTCI,2026100612,48,2026100812,65,75,-10,112
CTCI,2026100612,60,2026100900,80,85,-5,122
CTCI,2026100612,72,2026100912,91,105,-14,150
CTCX,2026100612,6,2026100618,41,30,11,34
CTCX,2026100612,12,2026100700,43,30,13,33
CTCX,2026100612,18,2026100706,45,35,10,66
CTCX,2026100612,24,2026100712,44,40,4,99
CTCX,2026100612,30,2026100718,43,50,-7,112
CTCX,2026100612,36,2026100800,64,60,4,133
CTCX,2026100612,42,2026100806,84,70,14,152
CTCX,2026100612,48,2026100812,95,75,20,189
CTCX,2026100612,54,2026100818,111,80,31,224
CTCX,2026100612,60,2026100900,96,85,11,262
CTCX,2026100612,66,2026100906,69,90,-21,287
CTCX,2026100612,72,2026100912,85,105,-20,331
DRCL,2026100612,12,2026100700,30,30,0,25
DRCL,2026100612,24,2026100712,35,40,-5,13
DRCL,2026100612,36,2026100800,45,60,-15,29
DRCL,2026100612,48,2026100812,55,75,-20,57
DRCL,2026100612,60,2026100900,65,85,-20,99
DRCL,2026100612,72,2026100912,75,105,-30,132
DSHP,2026100612,12,2026100700,28,30,-2,51
DSHP,2026100612,24,2026100712,33,40,-7,118
DSHP,2026100612,36,2026100800,37,60,-23,197
DSHP,2026100612,48,2026100812,46,75,-29,298
DSHP,2026100612,60,2026100900,48,85,-37,424
DSHP,2026100612,72,2026100912,49,105,-56,565
GDMN,2026100612,6,2026100618,31,30,1,13
GDMN,2026100612,12,2026100700,32,30,2,26
GDMN,2026100612,18,2026100706,36,35,1,25
GDMN,2026100612,24,2026100712,41,40,1,19
GDMN,2026100612,30,2026100718,47,50,-3,8
GDMN,2026100612,36,2026100800,51,60,-9,8
GDMN,2026100612,42,2026100806,57,70,-13,0
GDMN,2026100612,48,2026100812,69,75,-6,6
GDMN,2026100612,54,2026100818,75,80,-5,19
GDMN,2026100612,60,2026100900,78,85,-7,13
GDMN,2026100612,66,2026100906,85,90,-5,12
GDMN,2026100612,72,2026100912,89,105,-16,13
HCCA,2026100612,12,2026100700,27,30,-3,13
HCCA,2026100612,24,2026100712,33,40,-7,41
HCCA,2026100612,36,2026100800,40,60,-20,70
HCCA,2026100612,48,2026100812,53,75,-22,107
HCCA,2026100612,60,2026100900,65,85,-20,162
HCCA,2026100612,72,2026100912,73,105,-32,229
HFAI,2026100612,12,2026100700,24,30,-6,18
HFAI,2026100612,24,2026100712,27,40,-13,66
HFAI,2026100612,36,2026100800,33,60,-27,94
HFAI,2026100612,48,2026100812,41,75,-34,143
HFAI,2026100612,60,2026100900,43,85,-42,230
HFAI,2026100612,72,2026100912,55,105,-50,336
HFBI,2026100612,12,2026100700,23,30,-7,13
HFBI,2026100612,24,2026100712,30,40,-10,49
HFBI,2026100612,36,2026100800,36,60,-24,65
HFBI,2026100612,48,2026100812,49,75,-26,89
HFBI,2026100612,60,2026100900,61,85,-24,146
HFBI,2026100612,72,2026100912,74,105,-31,209
HFSA,2026100612,6,2026100618,39,30,9,41
HFSA,2026100612,12,2026100700,31,30,1,11
HFSA,2026100612,18,2026100706,32,35,-3,37
HFSA,2026100612,24,2026100712,39,40,-1,40
HFSA,2026100612,30,2026100718,42,50,-8,24
HFSA,2026100612,36,2026100800,50,60,-10,21
HFSA,2026100612,42,2026100806,44,70,-26,31
HFSA,2026100612,48,2026100812,65,75,-10,11
HFSA,2026100612,54,2026100818,63,80,-17,47
HFSA,2026100612,60,2026100900,68,85,-17,60
HFSA,2026100612,66,2026100906,64,90,-26,73
HFSA,2026100612,72,2026100912,63,105,-42,93
HFSB,2026100612,6,2026100618,35,30,5,30
HFSB,2026100612,12,2026100700,28,30,-2,11
HFSB,2026100612,18,2026100706,32,35,-3,37
HFSB,2026100612,24,2026100712,32,40,-8,34
HFSB,2026100612,30,2026100718,40,50,-10,16
HFSB,2026100612,36,2026100800,39,60,-21,13
HFSB,2026100612,42,2026100806,41,70,-29,18
HFSB,2026100612,48,2026100812,55,75,-20,24
HFSB,2026100612,54,2026100818,64,80,-16,47
HFSB,2026100612,60,2026100900,71,85,-14,50
HFSB,2026100612,66,2026100906,76,90,-14,53
HFSB,2026100612,72,2026100912,77,105,-28,59
HMNI,2026100612,12,2026100700,29,30,-1,30
HMNI,2026100612,24,2026100712,31,40,-9,74
HMNI,2026100612,36,2026100800,35,60,-25,102
HMNI,2026100612,48,2026100812,55,75,-20,131
HMNI,2026100612,60,2026100900,80,85,-5,168
HMNI,2026100612,72,2026100912,91,105,-14,208
HMON,2026100612,6,2026100618,36,30,6,22
HMON,2026100612,12,2026100700,28,30,-2,29
HMON,2026100612,18,2026100706,34,35,-1,74
HMON,2026100612,24,2026100712,37,40,-3,74
HMON,2026100612,30,2026100718,43,50,-7,86
HMON,2026100612,36,2026100800,38,60,-22,99
HMON,2026100612,42,2026100806,53,70,-17,126
HMON,2026100612,48,2026100812,54,75,-21,152
HMON,2026100612,54,2026100818,57,80,-23,153
HMON,2026100612,60,2026100900,63,85,-22,159
HMON,2026100612,66,2026100906,59,90,-31,178
HMON,2026100612,72,2026100912,74,105,-31,208
HWF2,2026100612,12,2026100700,27,30,-3,33
HWF2,2026100612,24,2026100712,37,40,-3,56
HWF2,2026100612,36,2026100800,54,60,-6,68
HWF2,2026100612,48,2026100812,73,75,-2,85
HWF2,2026100612,60,2026100900,87,85,2,112
HWF2,2026100612,72,2026100912,95,105,-10,146
HWRF,2026100612,6,2026100618,38,30,8,36
HWRF,2026100612,12,2026100700,37,30,7,42
HWRF,2026100612,18,2026100706,37,35,2,53
HWRF,2026100612,24,2026100712,46,40,6,38
HWRF,2026100612,30,2026100718,48,50,-2,36
HWRF,2026100612,36,2026100800,52,60,-8,42
HWRF,2026100612,42,2026100806,68,70,-2,50
HWRF,2026100612,48,2026100812,78,75,3,62
HWRF,2026100612,54,2026100818,80,80,0,73
HWRF,2026100612,60,2026100900,98,85,13,101
HWRF,2026100612,66,2026100906,93,90,3,125
HWRF,2026100612,72,2026100912,98,105,-7,152
IVCN,2026100612,12,2026100700,27,30,-3,
IVCN,2026100612,24,2026100712,32,40,-8,
IVCN,2026100612,36,2026100800,39,60,-21,
IVCN,2026100612,48,2026100812,52,75,-23,
IVCN,2026100612,60,2026100900,62,85,-23,
IVCN,2026100612,72,2026100912,70,105,-35,
LGEM,2026100612,12,2026100700,27,30,-3,51
LGEM,2026100612,24,2026100712,29,40,-11,118
LGEM,2026100612,36,2026100800,31,60,-29,197
LGEM,2026100612,48,2026100812,33,75,-42,298
LGEM,2026100612,60,2026100900,34,85,-51,424
LGEM,2026100612,72,2026100912,32,105,-73,565
NGX2,2026100612,12,2026100700,24,30,-6,19
NGX2,2026100612,24,2026100712,24,40,-16,25
NGX2,2026100612,36,2026100800,32,60,-28,83
NGX2,2026100612,48,2026100812,46,75,-29,148
NGX2,2026100612,60,2026100900,59,85,-26,232
NGX2,2026100612,72,2026100912,68,105,-37,331
NNIB,2026100612,12,2026100700,26,30,-4,48
NNIB,2026100612,24,2026100712,29,40,-11,122
NNIB,2026100612,36,2026100800,33,60,-27,215
NNIB,2026100612,48,2026100812,39,75,-36,312
NNIB,2026100612,60,2026100900,43,85,-42,424
NNIB,2026100612,72,2026100912,44,105,-61,553
NNIC,2026100612,12,2026100700,27,30,-3,48
NNIC,2026100612,24,2026100712,32,40,-8,122
NNIC,2026100612,36,2026100800,36,60,-24,215
NNIC,2026100612,48,2026100812,45,75,-30,312
NNIC,2026100612,60,2026100900,48,85,-37,424
NNIC,2026100612,72,2026100912,49,105,-56,553
NVGI,2026100612,12,2026100700,24,30,-6,29
NVGI,2026100612,24,2026100712,21,40,-19,45
NVGI,2026100612,36,2026100800,20,60,-40,73
NVGI,2026100612,48,2026100812,26,75,-49,79
NVGI,2026100612,60,2026100900,31,85,-54,97
NVGI,2026100612,72,2026100912,35,105,-70,139
OCD5,2026100612,12,2026100700,31,30,1,33
OCD5,2026100612,24,2026100712,38,40,-2,95
OCD5,2026100612,36,2026100800,43,60,-17,166
OCD5,2026100612,48,2026100812,48,75,-27,226
OCD5,2026100612,60,2026100900,49,85,-36,292
OCD5,2026100612,72,2026100912,50,105,-55,350
RVCN,2026100612,12,2026100700,25,30,-5,16
RVCN,2026100612,24,2026100712,35,40,-5,43
RVCN,2026100612,36,2026100800,50,60,-10,73
RVCN,2026100612,48,2026100812,65,75,-10,104
RVCN,2026100612,60,2026100900,65,85,-20,158
RVCN,2026100612,72,2026100912,65,105,-40,226
SHF5,2026100612,12,2026100700,31,30,1,
SHF5,2026100612,24,2026100712,38,40,-2,
SHF5,2026100612,36,2026100800,43,60,-17,
SHF5,2026100612,48,2026100812,48,75,-27,
SHF5,2026100612,60,2026100900,49,85,-36,
SHF5,2026100612,72,2026100912,50,105,-55,
SHIP,2026100612,12,2026100700,28,30,-2,51
SHIP,2026100612,24,2026100712,33,40,-7,118
SHIP,2026100612,36,2026100800,37,60,-23,197
SHIP,2026100612,48,2026100812,46,75,-29,298
SHIP,2026100612,60,2026100900,48,85,-37,424
SHIP,2026100612,72,2026100912,49,105,-56,565
TCLP,2026100612,12,2026100700,25,30,-5,38
TCLP,2026100612,24,2026100712,26,40,-14,117
TCLP,2026100612,36,2026100800,27,60,-33,217
TCLP,2026100612,48,2026100812,28,75,-47,327
TCLP,2026100612,60,2026100900,29,85,-56,436
TCLP,2026100612,72,2026100912,29,105,-76,550
UKX2,2026100612,12,2026100700,26,30,-4,54
UKX2,2026100612,24,2026100712,27,40,-13,107
UKX2,2026100612,36,2026100800,25,60,-35,110
UKX2,2026100612,48,2026100812,25,75,-50,103
UKX2,2026100612,60,2026100900,28,85,-57,104
UKX2,2026100612,72,2026100912,35,105,-70,134
AC00,2026100618,6,2026100700,31,30,1,25
AC00,2026100618,12,2026100706,28,35,-7,42
AC00,2026100618,18,2026100712,29,40,-11,49
AC00,2026100618,24,2026100718,30,50,-20,55
AC00,2026100618,30,2026100800,35,60,-25,66
AC00,2026100618,36,2026100806,47,70,-23,103
AC00,2026100618,42,2026100812,37,75,-38,135
AC00,2026100618,48,2026100818,42,80,-38,151
AC00,2026100618,54,2026100900,46,85,-39,192
AC00,2026100618,60,2026100906,43,90,-47,253
AC00,2026100618,66,2026100912,48,105,-57,321
AEMI,2026100618,12,2026100706,28,35,-7,17
AEMI,2026100618,24,2026100718,30,50,-20,54
AEMI,2026100618,36,2026100806,33,70,-37,120
AEMI,2026100618,48,2026100818,36,80,-44,188
AEMI,2026100618,60,2026100906,37,90,-53,281
AEMN,2026100618,6,2026100700,32,30,2,26
AEMN,2026100618,12,2026100706,29,35,-6,42
AEMN,2026100618,18,2026100712,30,40,-10,49
AEMN,2026100618,24,2026100718,33,50,-17,62
AEMN,2026100618,30,2026100800,36,60,-24,74
AEMN,2026100618,36,2026100806,41,70,-29,101
AEMN,2026100618,42,2026100812,45,75,-30,125
AEMN,2026100618,48,2026100818,45,80,-35,149
AEMN,2026100618,54,2026100900,46,85,-39,185
AEMN,2026100618,60,2026100906,49,90,-41,227
AEMN,2026100618,66,2026100912,49,105,-56,274
AP01,2026100618,6,2026100700,35,30,5,51
AP01,2026100618,12,2026100706,31,35,-4,86
AP01,2026100618,18,2026100712,30,40,-10,96
AP01,2026100618,24,2026100718,31,50,-19,109
AP01,2026100618,30,2026100800,35,60,-25,97
AP01,2026100618,36,2026100806,39,70,-31,121
AP01,2026100618,42,2026100812,51,75,-24,151
AP01,2026100618,48,2026100818,47,80,-33,174
AP01,2026100618,54,2026100900,51,85,-34,222
AP01,2026100618,60,2026100906,51,90,-39,258
AP01,2026100618,66,2026100912,60,105,-45,313
AP02,2026100618,6,2026100700,37,30,7,34
AP02,2026100618,12,2026100706,28,35,-7,42
AP02,2026100618,18,2026100712,42,40,2,56
AP02,2026100618,24,2026100718,33,50,-17,50
AP02,2026100618,30,2026100800,38,60,-22,55
AP02,2026100618,36,2026100806,47,70,-23,68
AP02,2026100618,42,2026100812,41,75,-34,68
AP02,2026100618,48,2026100818,45,80,-35,67
AP02,2026100618,54,2026100900,44,85,-41,97
AP02,2026100618,60,2026100906,40,90,-50,142
AP02,2026100618,66,2026100912,45,105,-60,170
AP03,2026100618,6,2026100700,31,30,1,16
AP03,2026100618,12,2026100706,28,35,-7,38
AP03,2026100618,18,2026100712,28,40,-12,51
AP03,2026100618,24,2026100718,40,50,-10,72
AP03,2026100618,30,2026100800,41,60,-19,78
AP03,2026100618,36,2026100806,46,70,-24,78
AP03,2026100618,42,2026100812,50,75,-25,83
AP03,2026100618,48,2026100818,57,80,-23,104
AP03,2026100618,54,2026100900,57,85,-28,127
AP03,2026100618,60,2026100906,53,90,-37,150
AP03,2026100618,66,2026100912,60,105,-45,180
AP04,2026100618,6,2026100700,28,30,-2,18
AP04,2026100618,12,2026100706,26,35,-9,53
AP04,2026100618,18,2026100712,29,40,-11,75
AP04,2026100618,24,2026100718,27,50,-23,89
AP04,2026100618,30,2026100800,27,60,-33,100
AP04,2026100618,36,2026100806,33,70,-37,130
AP04,2026100618,42,2026100812,32,75,-43,153
AP04,2026100618,48,2026100818,36,80,-44,184
AP04,2026100618,54,2026100900,33,85,-52,246
AP04,2026100618,60,2026100906,40,90,-50,317
AP04,2026100618,66,2026100912,40,105,-65,381
AP05,2026100618,6,2026100700,37,30,7,38
AP05,2026100618,12,2026100706,35,35,0,74
AP05,2026100618,18,2026100712,29,40,-11,73
AP05,2026100618,24,2026100718,30,50,-20,90
AP05,2026100618,30,2026100800,30,60,-30,114
AP05,2026100618,36,2026100806,24,70,-46,130
AP05,2026100618,42,2026100812,41,75,-34,119
AP05,2026100618,48,2026100818,41,80,-39,143
AP05,2026100618,54,2026100900,41,85,-44,164
AP05,2026100618,60,2026100906,48,90,-42,187
AP05,2026100618,66,2026100912,49,105,-56,218
AP06,2026100618,6,2026100700,29,30,-1,21
AP06,2026100618,12,2026100706,29,35,-6,54
AP06,2026100618,18,2026100712,28,40,-12,60
AP06,2026100618,24,2026100718,28,50,-22,75
AP06,2026100618,30,2026100800,27,60,-33,117
AP06,2026100618,36,2026100806,25,70,-45,160
AP06,2026100618,42,2026100812,27,75,-48,185
AP06,2026100618,48,2026100818,34,80,-46,221
AP06,2026100618,54,2026100900,28,85,-57,293
AP06,2026100618,60,2026100906,31,90,-59,341
AP06,2026100618,66,2026100912,30,105,-75,404
AP07,2026100618,6,2026100700,31,30,1,8
AP07,2026100618,12,2026100706,41,35,6,6
AP07,2026100618,18,2026100712,39,40,-1,6
AP07,2026100618,24,2026100718,51,50,1,13
AP07,2026100618,30,2026100800,50,60,-10,23
AP07,2026100618,36,2026100806,60,70,-10,37
AP07,2026100618,42,2026100812,67,75,-8,53
AP07,2026100618,48,2026100818,67,80,-13,86
AP07,2026100618,54,2026100900,63,85,-22,114
AP07,2026100618,60,2026100906,70,90,-20,155
AP07,2026100618,66,2026100912,67,105,-38,173
AP08,2026100618,6,2026100700,29,30,-1,29
AP08,2026100618,12,2026100706,28,35,-7,16
AP08,2026100618,18,2026100712,33,40,-7,34
AP08,2026100618,24,2026100718,44,50,-6,38
AP08,2026100618,30,2026100800,46,60,-14,53
AP08,2026100618,36,2026100806,52,70,-18,82
AP08,2026100618,42,2026100812,55,75,-20,106
AP08,2026100618,48,2026100818,49,80,-31,144
AP08,2026100618,54,2026100900,51,85,-34,185
AP08,2026100618,60,2026100906,52,90,-38,234
AP08,2026100618,66,2026100912,55,105,-50,276
AP09,2026100618,6,2026100700,33,30,3,38
AP09,2026100618,12,2026100706,33,35,-2,48
AP09,2026100618,18,2026100712,34,40,-6,66
AP09,2026100618,24,2026100718,43,50,-7,72
AP09,2026100618,30,2026100800,39,60,-21,81
AP09,2026100618,36,2026100806,36,70,-34,111
AP09,2026100618,42,2026100812,51,75,-24,132
AP09,2026100618,48,2026100818,40,80,-40,157
AP09,2026100618,54,2026100900,43,85,-42,200
AP09,2026100618,60,2026100906,43,90,-47,247
AP09,2026100618,66,2026100912,43,105,-62,305
AP10,2026100618,6,2026100700,34,30,4,45
AP10,2026100618,12,2026100706,29,35,-6,51
AP10,2026100618,18,2026100712,26,40,-14,55
AP10,2026100618,24,2026100718,30,50,-20,51
AP10,2026100618,30,2026100800,41,60,-19,42
AP10,2026100618,36,2026100806,35,70,-35,57
AP10,2026100618,42,2026100812,37,75,-38,75
AP10,2026100618,48,2026100818,38,80,-42,95
AP10,2026100618,54,2026100900,36,85,-49,138
AP10,2026100618,60,2026100906,41,90,-49,183
AP10,2026100618,66,2026100912,37,105,-68,232
AP11,2026100618,6,2026100700,24,30,-6,8
AP11,2026100618,12,2026100706,26,35,-9,33
AP11,2026100618,18,2026100712,29,40,-11,40
AP11,2026100618,24,2026100718,29,50,-21,55
AP11,2026100618,30,2026100800,35,60,-25,79
AP11,2026100618,36,2026100806,43,70,-27,114
AP11,2026100618,42,2026100812,44,75,-31,159
AP11,2026100618,48,2026100818,40,80,-40,183
AP11,2026100618,54,2026100900,43,85,-42,217
AP11,2026100618,60,2026100906,44,90,-46,272
AP11,2026100618,66,2026100912,43,105,-62,333
AP12,2026100618,6,2026100700,29,30,-1,36
AP12,2026100618,12,2026100706,29,35,-6,72
AP12,2026100618,18,2026100712,27,40,-13,80
AP12,2026100618,24,2026100718,32,50,-18,106
AP12,2026100618,30,2026100800,26,60,-34,117
AP12,2026100618,36,2026100806,33,70,-37,148
AP12,2026100618,42,2026100812,45,75,-30,177
AP12,2026100618,48,2026100818,37,80,-43,208
AP12,2026100618,54,2026100900,41,85,-44,246
AP12,2026100618,60,2026100906,49,90,-41,290
AP12,2026100618,66,2026100912,46,105,-59,337
AP13,2026100618,6,2026100700,31,30,1,8
AP13,2026100618,12,2026100706,26,35,-9,33
AP13,2026100618,18,2026100712,28,40,-12,40
AP13,2026100618,24,2026100718,28,50,-22,54
AP13,2026100618,30,2026100800,36,60,-24,75
AP13,2026100618,36,2026100806,34,70,-36,116
AP13,2026100618,42,2026100812,35,75,-40,151
AP13,2026100618,48,2026100818,42,80,-38,174
AP13,2026100618,54,2026100900,33,85,-52,230
AP13,2026100618,60,2026100906,34,90,-56,288
AP13,2026100618,66,2026100912,37,105,-68,350
AP14,2026100618,6,2026100700,31,30,1,21
AP14,2026100618,12,2026100706,27,35,-8,37
AP14,2026100618,18,2026100712,27,40,-13,6
AP14,2026100618,24,2026100718,34,50,-16,13
AP14,2026100618,30,2026100800,36,60,-24,25
AP14,2026100618,36,2026100806,51,70,-19,51
AP14,2026100618,42,2026100812,51,75,-24,64
AP14,2026100618,48,2026100818,56,80,-24,71
AP14,2026100618,54,2026100900,58,85,-27,105
AP14,2026100618,60,2026100906,60,90,-30,131
AP14,2026100618,66,2026100912,53,105,-52,158
AP15,2026100618,6,2026100700,38,30,8,12
AP15,2026100618,12,2026100706,32,35,-3,29
AP15,2026100618,18,2026100712,34,40,-6,33
AP15,2026100618,24,2026100718,44,50,-6,41
AP15,2026100618,30,2026100800,48,60,-12,60
AP15,2026100618,36,2026100806,55,70,-15,82
AP15,2026100618,42,2026100812,56,75,-19,88
AP15,2026100618,48,2026100818,56,80,-24,93
AP15,2026100618,54,2026100900,64,85,-21,103
AP15,2026100618,60,2026100906,58,90,-32,117
AP15,2026100618,66,2026100912,57,105,-48,137
AP16,2026100618,6,2026100700,31,30,1,29
AP16,2026100618,12,2026100706,27,35,-8,57
AP16,2026100618,18,2026100712,33,40,-7,85
AP16,2026100618,24,2026100718,33,50,-17,108
AP16,2026100618,30,2026100800,37,60,-23,113
AP16,2026100618,36,2026100806,41,70,-29,147
AP16,2026100618,42,2026100812,53,75,-22,173
AP16,2026100618,48,2026100818,54,80,-26,192
AP16,2026100618,54,2026100900,49,85,-36,228
AP16,2026100618,60,2026100906,44,90,-46,288
AP16,2026100618,66,2026100912,51,105,-54,345
AP17,2026100618,6,2026100700,30,30,0,25
AP17,2026100618,12,2026100706,28,35,-7,32
AP17,2026100618,18,2026100712,33,40,-7,46
AP17,2026100618,24,2026100718,43,50,-7,58
AP17,2026100618,30,2026100800,43,60,-17,62
AP17,2026100618,36,2026100806,47,70,-23,88
AP17,2026100618,42,2026100812,49,75,-26,104
AP17,2026100618,48,2026100818,59,80,-21,120
AP17,2026100618,54,2026100900,62,85,-23,151
AP17,2026100618,60,2026100906,66,90,-24,187
AP17,2026100618,66,2026100912,60,105,-45,234
AP18,2026100618,6,2026100700,30,30,0,25
AP18,2026100618,12,2026100706,28,35,-7,37
AP18,2026100618,18,2026100712,28,40,-12,19
AP18,2026100618,24,2026100718,25,50,-25,11
AP18,2026100618,30,2026100800,28,60,-32,34
AP18,2026100618,36,2026100806,40,70,-30,55
AP18,2026100618,42,2026100812,39,75,-36,68
AP18,2026100618,48,2026100818,39,80,-41,70
AP18,2026100618,54,2026100900,37,85,-48,77
AP18,2026100618,60,2026100906,46,90,-44,86
AP18,2026100618,66,2026100912,49,105,-56,106
AP19,2026100618,6,2026100700,32,30,2,31
AP19,2026100618,12,2026100706,29,35,-6,55
AP19,2026100618,18,2026100712,28,40,-12,68
AP19,2026100618,24,2026100718,31,50,-19,96
AP19,2026100618,30,2026100800,39,60,-21,93
AP19,2026100618,36,2026100806,35,70,-35,163
AP19,2026100618,42,2026100812,32,75,-43,213
AP19,2026100618,48,2026100818,34,80,-46,257
AP19,2026100618,54,2026100900,36,85,-49,302
AP19,2026100618,60,2026100906,42,90,-48,357
AP19,2026100618,66,2026100912,38,105,-67,434
AP20,2026100618,6,2026100700,36,30,6,59
AP20,2026100618,12,2026100706,31,35,-4,69
AP20,2026100618,18,2026100712,26,40,-14,55
AP20,2026100618,24,2026100718,26,50,-24,51
AP20,2026100618,30,2026100800,27,60,-33,43
AP20,2026100618,36,2026100806,30,70,-40,79
AP20,2026100618,42,2026100812,36,75,-39,106
AP20,2026100618,48,2026100818,31,80,-49,130
AP20,2026100618,54,2026100900,28,85,-57,179
AP20,2026100618,60,2026100906,36,90,-54,217
AP20,2026100618,66,2026100912,31,105,-74,300
AP21,2026100618,6,2026100700,29,30,-1,26
AP21,2026100618,12,2026100706,30,35,-5,36
AP21,2026100618,18,2026100712,33,40,-7,42
AP21,2026100618,24,2026100718,44,50,-6,53
AP21,2026100618,30,2026100800,44,60,-16,74
AP21,2026100618,36,2026100806,56,70,-14,90
AP21,2026100618,42,2026100812,59,75,-16,116
AP21,2026100618,48,2026100818,63,80,-17,138
AP21,2026100618,54,2026100900,69,85,-16,185
AP21,2026100618,60,2026100906,71,90,-19,237
AP21,2026100618,66,2026100912,74,105,-31,287
AP22,2026100618,6,2026100700,36,30,6,6
AP22,2026100618,12,2026100706,28,35,-7,38
AP22,2026100618,18,2026100712,26,40,-14,30
AP22,2026100618,24,2026100718,26,50,-24,26
AP22,2026100618,30,2026100800,34,60,-26,33
AP22,2026100618,36,2026100806,35,70,-35,73
AP22,2026100618,42,2026100812,38,75,-37,98
AP22,2026100618,48,2026100818,41,80,-39,118
AP22,2026100618,54,2026100900,45,85,-40,145
AP22,2026100618,60,2026100906,45,90,-45,163
AP22,2026100618,66,2026100912,45,105,-60,213
AP23,2026100618,6,2026100700,32,30,2,24
AP23,2026100618,12,2026100706,29,35,-6,45
AP23,2026100618,18,2026100712,26,40,-14,36
AP23,2026100618,24,2026100718,27,50,-23,51
AP23,2026100618,30,2026100800,32,60,-28,88
AP23,2026100618,36,2026100806,34,70,-36,132
AP23,2026100618,42,2026100812,43,75,-32,180
AP23,2026100618,48,2026100818,38,80,-42,239
AP23,2026100618,54,2026100900,36,85,-49,273
AP23,2026100618,60,2026100906,45,90,-45,319
AP23,2026100618,66,2026100912,41,105,-64,390
AP24,2026100618,6,2026100700,29,30,-1,43
AP24,2026100618,12,2026100706,26,35,-9,66
AP24,2026100618,18,2026100712,28,40,-12,92
AP24,2026100618,24,2026100718,30,50,-20,129
AP24,2026100618,30,2026100800,37,60,-23,158
AP24,2026100618,36,2026100806,46,70,-24,204
AP24,2026100618,42,2026100812,45,75,-30,243
AP24,2026100618,48,2026100818,44,80,-36,288
AP24,2026100618,54,2026100900,44,85,-41,338
AP24,2026100618,60,2026100906,46,90,-44,406
AP24,2026100618,66,2026100912,44,105,-61,472
AP25,2026100618,6,2026100700,35,30,5,40
AP25,2026100618,12,2026100706,27,35,-8,74
AP25,2026100618,18,2026100712,29,40,-11,96
AP25,2026100618,24,2026100718,29,50,-21,103
AP25,2026100618,30,2026100800,29,60,-31,109
AP25,2026100618,36,2026100806,33,70,-37,141
AP25,2026100618,42,2026100812,37,75,-38,160
AP25,2026100618,48,2026100818,35,80,-45,180
AP25,2026100618,54,2026100900,37,85,-48,215
AP25,2026100618,60,2026100906,40,90,-50,291
AP25,2026100618,66,2026100912,39,105,-66,374
AP26,2026100618,6,2026100700,33,30,3,37
AP26,2026100618,12,2026100706,28,35,-7,51
AP26,2026100618,18,2026100712,28,40,-12,40
AP26,2026100618,24,2026100718,31,50,-19,58
AP26,2026100618,30,2026100800,33,60,-27,82
AP26,2026100618,36,2026100806,40,70,-30,117
AP26,2026100618,42,2026100812,48,75,-27,148
AP26,2026100618,48,2026100818,38,80,-42,182
AP26,2026100618,54,2026100900,47,85,-38,227
AP26,2026100618,60,2026100906,49,90,-41,269
AP26,2026100618,66,2026100912,58,105,-47,321
AP27,2026100618,6,2026100700,34,30,4,72
AP27,2026100618,12,2026100706,27,35,-8,74
AP27,2026100618,18,2026100712,27,40,-13,60
AP27,2026100618,24,2026100718,29,50,-21,72
AP27,2026100618,30,2026100800,29,60,-31,87
AP27,2026100618,36,2026100806,44,70,-26,125
AP27,2026100618,42,2026100812,42,75,-33,153
AP27,2026100618,48,2026100818,39,80,-41,188
AP27,2026100618,54,2026100900,36,85,-49,230
AP27,2026100618,60,2026100906,33,90,-57,274
AP27,2026100618,66,2026100912,34,105,-71,325
AP28,2026100618,6,2026100700,32,30,2,8
AP28,2026100618,12,2026100706,27,35,-8,38
AP28,2026100618,18,2026100712,31,40,-9,79
AP28,2026100618,24,2026100718,31,50,-19,103
AP28,2026100618,30,2026100800,30,60,-30,127
AP28,2026100618,36,2026100806,38,70,-32,146
AP28,2026100618,42,2026100812,43,75,-32,185
AP28,2026100618,48,2026100818,47,80,-33,227
AP28,2026100618,54,2026100900,44,85,-41,278
AP28,2026100618,60,2026100906,47,90,-43,325
AP28,2026100618,66,2026100912,48,105,-57,401
AP29,2026100618,6,2026100700,28,30,-2,6
AP29,2026100618,12,2026100706,29,35,-6,29
AP29,2026100618,18,2026100712,30,40,-10,56
AP29,2026100618,24,2026100718,37,50,-13,70
AP29,2026100618,30,2026100800,45,60,-15,86
AP29,2026100618,36,2026100806,51,70,-19,102
AP29,2026100618,42,2026100812,56,75,-19,107
AP29,2026100618,48,2026100818,58,80,-22,118
AP29,2026100618,54,2026100900,64,85,-21,134
AP29,2026100618,60,2026100906,76,90,-14,157
AP29,2026100618,66,2026100912,69,105,-36,177
AP30,2026100618,6,2026100700,31,30,1,25
AP30,2026100618,12,2026100706,29,35,-6,32
AP30,2026100618,18,2026100712,29,40,-11,46
AP30,2026100618,24,2026100718,36,50,-14,48
AP30,2026100618,30,2026100800,47,60,-13,49
AP30,2026100618,36,2026100806,48,70,-22,70
AP30,2026100618,42,2026100812,54,75,-21,91
AP30,2026100618,48,2026100818,49,80,-31,119
AP30,2026100618,54,2026100900,47,85,-38,163
AP30,2026100618,60,2026100906,57,90,-33,194
AP30,2026100618,66,2026100912,55,105,-50,230
AVNI,2026100618,12,2026100706,31,35,-4,11
AVNI,2026100618,24,2026100718,36,50,-14,41
AVNI,2026100618,36,2026100806,47,70,-23,94
AVNI,2026100618,48,2026100818,49,80,-31,140
AVNI,2026100618,60,2026100906,48,90,-42,227
AVNO,2026100618,6,2026100700,33,30,3,24
AVNO,2026100618,12,2026100706,30,35,-5,36
AVNO,2026100618,18,2026100712,35,40,-5,55
AVNO,2026100618,24,2026100718,37,50,-13,61
AVNO,2026100618,30,2026100800,53,60,-7,51
AVNO,2026100618,36,2026100806,57,70,-13,69
AVNO,2026100618,42,2026100812,55,75,-20,85
AVNO,2026100618,48,2026100818,61,80,-19,101
AVNO,2026100618,54,2026100900,70,85,-15,132
AVNO,2026100618,60,2026100906,71,90,-19,169
AVNO,2026100618,66,2026100912,73,105,-32,192
CEMI,2026100618,12,2026100706,31,35,-4,17
CEMI,2026100618,24,2026100718,33,50,-17,37
CEMI,2026100618,36,2026100806,36,70,-34,91
CEMI,2026100618,48,2026100818,38,80,-42,144
CEMI,2026100618,60,2026100906,40,90,-50,202
CMCI,2026100618,12,2026100706,30,35,-5,58
CMCI,2026100618,24,2026100718,30,50,-20,65
CMCI,2026100618,36,2026100806,30,70,-40,111
CMCI,2026100618,48,2026100818,36,80,-44,154
CMCI,2026100618,60,2026100906,39,90,-51,229
CTCI,2026100618,12,2026100706,35,35,0,61
CTCI,2026100618,24,2026100718,45,50,-5,100
CTCI,2026100618,36,2026100806,74,70,4,149
CTCI,2026100618,48,2026100818,92,80,12,197
CTCI,2026100618,60,2026100906,80,90,-10,258
CTCX,2026100618,6,2026100700,39,30,9,36
CTCX,2026100618,12,2026100706,43,35,8,58
CTCX,2026100618,18,2026100712,43,40,3,94
CTCX,2026100618,24,2026100718,46,50,-4,86
CTCX,2026100618,30,2026100800,70,60,10,117
CTCX,2026100618,36,2026100806,78,70,8,149
CTCX,2026100618,42,2026100812,85,75,10,172
CTCX,2026100618,48,2026100818,104,80,24,185
CTCX,2026100618,54,2026100900,109,85,24,224
CTCX,2026100618,60,2026100906,78,90,-12,283
CTCX,2026100618,66,2026100912,86,105,-19,325
DRCL,2026100618,12,2026100706,35,35,0,21
DRCL,2026100618,24,2026100718,45,50,-5,8
DRCL,2026100618,36,2026100806,55,70,-15,17
DRCL,2026100618,48,2026100818,70,80,-10,24
DRCL,2026100618,60,2026100906,80,90,-10,22
DSHP,2026100618,12,2026100706,36,35,1,25
DSHP,2026100618,24,2026100718,44,50,-6,30
DSHP,2026100618,36,2026100806,50,70,-20,49
DSHP,2026100618,48,2026100818,57,80,-23,86
DSHP,2026100618,60,2026100906,58,90,-32,118
GDMI,2026100618,12,2026100706,37,35,2,26
GDMI,2026100618,24,2026100718,47,50,-3,13
GDMI,2026100618,36,2026100806,59,70,-11,13
GDMI,2026100618,48,2026100818,74,80,-6,29
GDMI,2026100618,60,2026100906,83,90,-7,29
GDMN,2026100618,6,2026100700,32,30,2,24
GDMN,2026100618,12,2026100706,36,35,1,21
GDMN,2026100618,18,2026100712,42,40,2,18
GDMN,2026100618,24,2026100718,48,50,-2,0
GDMN,2026100618,30,2026100800,54,60,-6,11
GDMN,2026100618,36,2026100806,59,70,-11,16
GDMN,2026100618,42,2026100812,67,75,-8,21
GDMN,2026100618,48,2026100818,76,80,-4,13
GDMN,2026100618,54,2026100900,84,85,-1,19
GDMN,2026100618,60,2026100906,93,90,3,25
GDMN,2026100618,66,2026100912,94,105,-11,29
HCCA,2026100618,12,2026100706,36,35,1,28
HCCA,2026100618,24,2026100718,44,50,-6,41
HCCA,2026100618,36,2026100806,58,70,-12,73
HCCA,2026100618,48,2026100818,70,80,-10,106
HCCA,2026100618,60,2026100906,77,90,-13,163
HFAI,2026100618,12,2026100706,32,35,-3,6
HFAI,2026100618,24,2026100718,41,50,-9,13
HFAI,2026100618,36,2026100806,51,70,-19,0
HFAI,2026100618,48,2026100818,63,80,-17,45
HFAI,2026100618,60,2026100906,65,90,-25,66
HFBI,2026100618,12,2026100706,31,35,-4,6
HFBI,2026100618,24,2026100718,36,50,-14,17
HFBI,2026100618,36,2026100806,45,70,-25,26
HFBI,2026100618,48,2026100818,62,80,-18,61
HFBI,2026100618,60,2026100906,72,90,-18,63
HFSA,2026100618,6,2026100700,32,30,2,23
HFSA,2026100618,12,2026100706,33,35,-2,54
HFSA,2026100618,18,2026100712,35,40,-5,71
HFSA,2026100618,24,2026100718,39,50,-11,70
HFSA,2026100618,30,2026100800,38,60,-22,91
HFSA,2026100618,36,2026100806,54,70,-16,136
HFSA,2026100618,42,2026100812,41,75,-34,163
HFSA,2026100618,48,2026100818,50,80,-30,179
HFSA,2026100618,54,2026100900,50,85,-35,228
HFSA,2026100618,60,2026100906,51,90,-39,277
HFSA,2026100618,66,2026100912,63,105,-42,341
HFSB,2026100618,6,2026100700,30,30,0,18
HFSB,2026100618,12,2026100706,37,35,2,61
HFSB,2026100618,18,2026100712,37,40,-3,78
HFSB,2026100618,24,2026100718,44,50,-6,73
HFSB,2026100618,30,2026100800,43,60,-17,82
HFSB,2026100618,36,2026100806,53,70,-17,114
HFSB,2026100618,42,2026100812,43,75,-32,138
HFSB,2026100618,48,2026100818,44,80,-36,159
HFSB,2026100618,54,2026100900,69,85,-16,195
HFSB,2026100618,60,2026100906,54,90,-36,255
HFSB,2026100618,66,2026100912,59,105,-46,318
HMNI,2026100618,12,2026100706,33,35,-2,39
HMNI,2026100618,24,2026100718,39,50,-11,63
HMNI,2026100618,36,2026100806,48,70,-22,103
HMNI,2026100618,48,2026100818,56,80,-24,126
HMNI,2026100618,60,2026100906,65,90,-25,150
HMON,2026100618,6,2026100700,31,30,1,8
HMON,2026100618,12,2026100706,40,35,5,18
HMON,2026100618,18,2026100712,33,40,-7,57
HMON,2026100618,24,2026100718,43,50,-7,55
HMON,2026100618,30,2026100800,55,60,-5,63
HMON,2026100618,36,2026100806,58,70,-12,81
HMON,2026100618,42,2026100812,80,75,5,90
HMON,2026100618,48,2026100818,81,80,1,107
HMON,2026100618,54,2026100900,97,85,12,130
HMON,2026100618,60,2026100906,98,90,8,154
HMON,2026100618,66,2026100912,92,105,-13,167
HWFI,2026100618,12,2026100706,35,35,0,18
HWFI,2026100618,24,2026100718,45,50,-5,21
HWFI,2026100618,36,2026100806,62,70,-8,51
HWFI,2026100618,48,2026100818,81,80,1,77
HWFI,2026100618,60,2026100906,92,90,2,111
HWRF,2026100618,6,2026100700,42,30,12,11
HWRF,2026100618,12,2026100706,38,35,3,45
HWRF,2026100618,18,2026100712,32,40,-8,57
HWRF,2026100618,24,2026100718,40,50,-10,67
HWRF,2026100618,30,2026100800,46,60,-14,82
HWRF,2026100618,36,2026100806,50,70,-20,96
HWRF,2026100618,42,2026100812,71,75,-4,98
HWRF,2026100618,48,2026100818,70,80,-10,107
HWRF,2026100618,54,2026100900,82,85,-3,139
HWRF,2026100618,60,2026100906,94,90,4,173
HWRF,2026100618,66,2026100912,92,105,-13,212
IVCN,2026100618,12,2026100706,35,35,0,
IVCN,2026100618,24,2026100718,42,50,-8,
IVCN,2026100618,36,2026100806,55,70,-15,
IVCN,2026100618,48,2026100818,67,80,-13,
IVCN,2026100618,60,2026100906,71,90,-19,
LGEM,2026100618,12,2026100706,35,35,0,25
LGEM,2026100618,24,2026100718,39,50,-11,30
LGEM,2026100618,36,2026100806,44,70,-26,49
LGEM,2026100618,48,2026100818,47,80,-33,86
LGEM,2026100618,60,2026100906,47,90,-43,118
NNIB,2026100618,12,2026100706,34,35,-1,46
NNIB,2026100618,24,2026100718,41,50,-9,97
NNIB,2026100618,36,2026100806,51,70,-19,175
NNIB,2026100618,48,2026100818,58,80,-22,246
NNIB,2026100618,60,2026100906,62,90,-28,325
NNIC,2026100618,12,2026100706,37,35,2,46
NNIC,2026100618,24,2026100718,47,50,-3,97
NNIC,2026100618,36,2026100806,59,70,-11,175
NNIC,2026100618,48,2026100818,67,80,-13,246
NNIC,2026100618,60,2026100906,67,90,-23,325
NVG2,2026100618,12,2026100706,27,35,-8,36
NVG2,2026100618,24,2026100718,25,50,-25,66
NVG2,2026100618,36,2026100806,27,70,-43,84
NVG2,2026100618,48,2026100818,33,80,-47,105
NVG2,2026100618,60,2026100906,37,90,-53,128
OCD5,2026100618,12,2026100706,38,35,3,57
OCD5,2026100618,24,2026100718,47,50,-3,123
OCD5,2026100618,36,2026100806,52,70,-18,206
OCD5,2026100618,48,2026100818,56,80,-24,272
OCD5,2026100618,60,2026100906,57,90,-33,338
OFCL,2026100618,12,2026100706,35,35,0,25
OFCL,2026100618,24,2026100718,45,50,-5,8
OFCL,2026100618,36,2026100806,55,70,-15,17
OFCL,2026100618,48,2026100818,70,80,-10,24
OFCL,2026100618,60,2026100906,80,90,-10,22
RVCN,2026100618,12,2026100706,35,35,0,21
RVCN,2026100618,24,2026100718,35,50,-15,28
RVCN,2026100618,36,2026100806,65,70,-5,51
RVCN,2026100618,48,2026100818,65,80,-15,79
RVCN,2026100618,60,2026100906,65,90,-25,119
SHF5,2026100618,12,2026100706,38,35,3,
SHF5,2026100618,24,2026100718,47,50,-3,
SHF5,2026100618,36,2026100806,52,70,-18,
SHF5,2026100618,48,2026100818,56,80,-24,
SHF5,2026100618,60,2026100906,57,90,-33,
SHIP,2026100618,12,2026100706,36,35,1,25
SHIP,2026100618,24,2026100718,44,50,-6,30
SHIP,2026100618,36,2026100806,50,70,-20,49
SHIP,2026100618,48,2026100818,57,80,-23,86
SHIP,2026100618,60,2026100906,58,90,-32,118
TCLP,2026100618,12,2026100706,34,35,-1,62
TCLP,2026100618,24,2026100718,36,50,-14,139
TCLP,2026100618,36,2026100806,37,70,-33,251
TCLP,2026100618,48,2026100818,38,80,-42,362
TCLP,2026100618,60,2026100906,39,90,-51,468
UKXI,2026100618,12,2026100706,31,35,-4,34
UKXI,2026100618,24,2026100718,30,50,-20,38
UKXI,2026100618,36,2026100806,31,70,-39,77
UKXI,2026100618,48,2026100818,32,80,-48,109
UKXI,2026100618,60,2026100906,36,90,-54,145
CMC,2026100700,6,2026100706,28,35,-7,29
CMC,2026100700,12,2026100712,30,40,-10,45
CMC,2026100700,18,2026100718,30,50,-20,48
CMC,2026100700,24,2026100800,32,60,-28,86
CMC,2026100700,30,2026100806,29,70,-41,103
CMC,2026100700,36,2026100812,39,75,-36,129
CMC,2026100700,42,2026100818,38,80,-42,152
CMC,2026100700,48,2026100900,43,85,-42,182
CMC,2026100700,54,2026100906,43,90,-47,227
CMC,2026100700,60,2026100912,43,105,-62,277
NGX,2026100700,6,2026100706,29,35,-6,17
NGX,2026100700,12,2026100712,30,40,-10,25
NGX,2026100700,18,2026100718,30,50,-20,33
NGX,2026100700,24,2026100800,28,60,-32,61
NGX,2026100700,30,2026100806,30,70,-40,86
NGX,2026100700,36,2026100812,36,75,-39,106
NGX,2026100700,42,2026100818,41,80,-39,126
NGX,2026100700,48,2026100900,47,85,-38,159
NGX,2026100700,54,2026100906,53,90,-37,205
NGX,2026100700,60,2026100912,56,105,-49,253
UKX,2026100700,6,2026100706,27,35,-8,6
UKX,2026100700,12,2026100712,27,40,-13,12
UKX,2026100700,18,2026100718,27,50,-23,8
UKX,2026100700,24,2026100800,31,60,-29,28
UKX,2026100700,30,2026100806,36,70,-34,53
UKX,2026100700,36,2026100812,34,75,-41,71
UKX,2026100700,42,2026100818,35,80,-45,77
UKX,2026100700,48,2026100900,37,85,-48,103
UKX,2026100700,54,2026100906,40,90,-50,113
UKX,2026100700,60,2026100912,46,105,-59,102
AC00,2026100700,6,2026100706,26,35,-9,16
AC00,2026100700,12,2026100712,26,40,-14,13
AC00,2026100700,18,2026100718,30,50,-20,21
AC00,2026100700,24,2026100800,37,60,-23,53
AC00,2026100700,30,2026100806,46,70,-24,70
AC00,2026100700,36,2026100812,51,75,-24,91
AC00,2026100700,42,2026100818,48,80,-32,91
AC00,2026100700,48,2026100900,51,85,-34,116
AC00,2026100700,54,2026100906,52,90,-38,139
AC00,2026100700,60,2026100912,53,105,-52,156
AEMI,2026100700,12,2026100712,29,40,-11,29
AEMI,2026100700,24,2026100800,35,60,-25,62
AEMI,2026100700,36,2026100812,41,75,-34,110
AEMI,2026100700,48,2026100900,44,85,-41,170
AEMI,2026100700,60,2026100912,46,105,-59,255
AEMN,2026100700,6,2026100706,27,35,-8,19
AEMN,2026100700,12,2026100712,29,40,-11,16
AEMN,2026100700,18,2026100718,31,50,-19,33
AEMN,2026100700,24,2026100800,34,60,-26,57
AEMN,2026100700,30,2026100806,39,70,-31,86
AEMN,2026100700,36,2026100812,42,75,-33,98
AEMN,2026100700,42,2026100818,43,80,-37,122
AEMN,2026100700,48,2026100900,45,85,-40,144
AEMN,2026100700,54,2026100906,47,90,-43,173
AEMN,2026100700,60,2026100912,49,105,-56,212
AP01,2026100700,6,2026100706,28,35,-7,12
AP01,2026100700,12,2026100712,31,40,-9,41
AP01,2026100700,18,2026100718,32,50,-18,46
AP01,2026100700,24,2026100800,34,60,-26,50
AP01,2026100700,30,2026100806,45,70,-25,58
AP01,2026100700,36,2026100812,52,75,-23,67
AP01,2026100700,42,2026100818,48,80,-32,80
AP01,2026100700,48,2026100900,49,85,-36,77
AP01,2026100700,54,2026100906,50,90,-40,87
AP01,2026100700,60,2026100912,59,105,-46,103
AP02,2026100700,6,2026100706,28,35,-7,13
AP02,2026100700,12,2026100712,31,40,-9,25
AP02,2026100700,18,2026100718,32,50,-18,37
AP02,2026100700,24,2026100800,42,60,-18,31
AP02,2026100700,30,2026100806,38,70,-32,81
AP02,2026100700,36,2026100812,34,75,-41,110
AP02,2026100700,42,2026100818,43,80,-37,117
AP02,2026100700,48,2026100900,38,85,-47,156
AP02,2026100700,54,2026100906,34,90,-56,203
AP02,2026100700,60,2026100912,32,105,-73,253
AP03,2026100700,6,2026100706,29,35,-6,21
AP03,2026100700,12,2026100712,29,40,-11,22
AP03,2026100700,18,2026100718,31,50,-19,46
AP03,2026100700,24,2026100800,36,60,-24,74
AP03,2026100700,30,2026100806,41,70,-29,114
AP03,2026100700,36,2026100812,41,75,-34,135
AP03,2026100700,42,2026100818,38,80,-42,163
AP03,2026100700,48,2026100900,49,85,-36,194
AP03,2026100700,54,2026100906,47,90,-43,221
AP03,2026100700,60,2026100912,45,105,-60,282
AP04,2026100700,6,2026100706,25,35,-10,21
AP04,2026100700,12,2026100712,25,40,-15,8
AP04,2026100700,18,2026100718,27,50,-23,45
AP04,2026100700,24,2026100800,29,60,-31,82
AP04,2026100700,30,2026100806,34,70,-36,99
AP04,2026100700,36,2026100812,41,75,-34,123
AP04,2026100700,42,2026100818,40,80,-40,142
AP04,2026100700,48,2026100900,39,85,-46,172
AP04,2026100700,54,2026100906,48,90,-42,188
AP04,2026100700,60,2026100912,45,105,-60,218
AP05,2026100700,6,2026100706,25,35,-10,29
AP05,2026100700,12,2026100712,29,40,-11,30
AP05,2026100700,18,2026100718,30,50,-20,48
AP05,2026100700,24,2026100800,32,60,-28,54
AP05,2026100700,30,2026100806,44,70,-26,79
AP05,2026100700,36,2026100812,49,75,-26,98
AP05,2026100700,42,2026100818,50,80,-30,127
AP05,2026100700,48,2026100900,55,85,-30,158
AP05,2026100700,54,2026100906,57,90,-33,201
AP05,2026100700,60,2026100912,62,105,-43,232
AP06,2026100700,6,2026100706,26,35,-9,26
AP06,2026100700,12,2026100712,30,40,-10,29
AP06,2026100700,18,2026100718,33,50,-17,33
AP06,2026100700,24,2026100800,31,60,-29,55
AP06,2026100700,30,2026100806,33,70,-37,60
AP06,2026100700,36,2026100812,40,75,-35,65
AP06,2026100700,42,2026100818,36,80,-44,77
AP06,2026100700,48,2026100900,39,85,-46,65
AP06,2026100700,54,2026100906,45,90,-45,74
AP06,2026100700,60,2026100912,47,105,-58,76
AP07,2026100700,6,2026100706,25,35,-10,30
AP07,2026100700,12,2026100712,31,40,-9,8
AP07,2026100700,18,2026100718,34,50,-16,21
AP07,2026100700,24,2026100800,38,60,-22,37
AP07,2026100700,30,2026100806,37,70,-33,75
AP07,2026100700,36,2026100812,44,75,-31,82
AP07,2026100700,42,2026100818,48,80,-32,91
AP07,2026100700,48,2026100900,50,85,-35,105
AP07,2026100700,54,2026100906,56,90,-34,132
AP07,2026100700,60,2026100912,58,105,-47,163
AP08,2026100700,6,2026100706,26,35,-9,26
AP08,2026100700,12,2026100712,28,40,-12,64
AP08,2026100700,18,2026100718,33,50,-17,107
AP08,2026100700,24,2026100800,41,60,-19,147
AP08,2026100700,30,2026100806,49,70,-21,178
AP08,2026100700,36,2026100812,50,75,-25,201
AP08,2026100700,42,2026100818,52,80,-28,226
AP08,2026100700,48,2026100900,61,85,-24,257
AP08,2026100700,54,2026100906,51,90,-39,309
AP08,2026100700,60,2026100912,51,105,-54,358
AP09,2026100700,6,2026100706,27,35,-8,13
AP09,2026100700,12,2026100712,28,40,-12,28
AP09,2026100700,18,2026100718,30,50,-20,41
AP09,2026100700,24,2026100800,34,60,-26,54
AP09,2026100700,30,2026100806,42,70,-28,96
AP09,2026100700,36,2026100812,37,75,-38,141
AP09,2026100700,42,2026100818,35,80,-45,162
AP09,2026100700,48,2026100900,38,85,-47,180
AP09,2026100700,54,2026100906,37,90,-53,229
AP09,2026100700,60,2026100912,50,105,-55,282
AP10,2026100700,6,2026100706,32,35,-3,18
AP10,2026100700,12,2026100712,31,40,-9,28
AP10,2026100700,18,2026100718,32,50,-18,46
AP10,2026100700,24,2026100800,44,60,-16,48
AP10,2026100700,30,2026100806,49,70,-21,53
AP10,2026100700,36,2026100812,51,75,-24,61
AP10,2026100700,42,2026100818,54,80,-26,72
AP10,2026100700,48,2026100900,63,85,-22,79
AP10,2026100700,54,2026100906,61,90,-29,95
AP10,2026100700,60,2026100912,63,105,-42,119
AP11,2026100700,6,2026100706,29,35,-6,42
AP11,2026100700,12,2026100712,31,40,-9,57
AP11,2026100700,18,2026100718,29,50,-21,66
AP11,2026100700,24,2026100800,31,60,-29,96
AP11,2026100700,30,2026100806,30,70,-40,111
AP11,2026100700,36,2026100812,33,75,-42,122
AP11,2026100700,42,2026100818,43,80,-37,125
AP11,2026100700,48,2026100900,42,85,-43,159
AP11,2026100700,54,2026100906,43,90,-47,191
AP11,2026100700,60,2026100912,54,105,-51,232
AP12,2026100700,6,2026100706,30,35,-5,29
AP12,2026100700,12,2026100712,34,40,-6,42
AP12,2026100700,18,2026100718,35,50,-15,54
AP12,2026100700,24,2026100800,45,60,-15,55
AP12,2026100700,30,2026100806,50,70,-20,63
AP12,2026100700,36,2026100812,53,75,-22,77
AP12,2026100700,42,2026100818,56,80,-24,118
AP12,2026100700,48,2026100900,56,85,-29,150
AP12,2026100700,54,2026100906,67,90,-23,174
AP12,2026100700,60,2026100912,70,105,-35,193
AP13,2026100700,6,2026100706,28,35,-7,11
AP13,2026100700,12,2026100712,28,40,-12,35
AP13,2026100700,18,2026100718,33,50,-17,58
AP13,2026100700,24,2026100800,46,60,-14,57
AP13,2026100700,30,2026100806,45,70,-25,111
AP13,2026100700,36,2026100812,48,75,-27,127
AP13,2026100700,42,2026100818,54,80,-26,147
AP13,2026100700,48,2026100900,64,85,-21,181
AP13,2026100700,54,2026100906,67,90,-23,215
AP13,2026100700,60,2026100912,65,105,-40,263
AP14,2026100700,6,2026100706,31,35,-4,26
AP14,2026100700,12,2026100712,29,40,-11,51
AP14,2026100700,18,2026100718,24,50,-26,81
AP14,2026100700,24,2026100800,26,60,-34,141
AP14,2026100700,30,2026100806,25,70,-45,201
AP14,2026100700,36,2026100812,27,75,-48,230
AP14,2026100700,42,2026100818,26,80,-54,272
AP14,2026100700,48,2026100900,26,85,-59,317
AP14,2026100700,54,2026100906,28,90,-62,367
AP14,2026100700,60,2026100912,27,105,-78,463
AP15,2026100700,6,2026100706,24,35,-11,6
AP15,2026100700,12,2026100712,23,40,-17,11
AP15,2026100700,18,2026100718,32,50,-18,29
AP15,2026100700,24,2026100800,32,60,-28,69
AP15,2026100700,30,2026100806,34,70,-36,110
AP15,2026100700,36,2026100812,38,75,-37,147
AP15,2026100700,42,2026100818,34,80,-46,169
AP15,2026100700,48,2026100900,39,85,-46,180
AP15,2026100700,54,2026100906,38,90,-52,238
AP15,2026100700,60,2026100912,44,105,-61,290
AP16,2026100700,6,2026100706,27,35,-8,41
AP16,2026100700,12,2026100712,30,40,-10,64
AP16,2026100700,18,2026100718,28,50,-22,65
AP16,2026100700,24,2026100800,27,60,-33,82
AP16,2026100700,30,2026100806,32,70,-38,106
AP16,2026100700,36,2026100812,40,75,-35,122
AP16,2026100700,42,2026100818,47,80,-33,140
AP16,2026100700,48,2026100900,49,85,-36,170
AP16,2026100700,54,2026100906,47,90,-43,223
AP16,2026100700,60,2026100912,52,105,-53,263
AP17,2026100700,6,2026100706,28,35,-7,29
AP17,2026100700,12,2026100712,29,40,-11,12
AP17,2026100700,18,2026100718,35,50,-15,34
AP17,2026100700,24,2026100800,36,60,-24,69
AP17,2026100700,30,2026100806,43,70,-27,111
AP17,2026100700,36,2026100812,44,75,-31,122
AP17,2026100700,42,2026100818,42,80,-38,166
AP17,2026100700,48,2026100900,36,85,-49,203
AP17,2026100700,54,2026100906,37,90,-53,269
AP17,2026100700,60,2026100912,38,105,-67,321
AP18,2026100700,6,2026100706,29,35,-6,33
AP18,2026100700,12,2026100712,29,40,-11,53
AP18,2026100700,18,2026100718,34,50,-16,65
AP18,2026100700,24,2026100800,33,60,-27,87
AP18,2026100700,30,2026100806,34,70,-36,127
AP18,2026100700,36,2026100812,37,75,-38,155
AP18,2026100700,42,2026100818,32,80,-48,171
AP18,2026100700,48,2026100900,33,85,-52,200
AP18,2026100700,54,2026100906,32,90,-58,223
AP18,2026100700,60,2026100912,47,105,-58,255
AP19,2026100700,6,2026100706,24,35,-11,11
AP19,2026100700,12,2026100712,23,40,-17,12
AP19,2026100700,18,2026100718,22,50,-28,0
AP19,2026100700,24,2026100800,26,60,-34,50
AP19,2026100700,30,2026100806,28,70,-42,83
AP19,2026100700,36,2026100812,32,75,-43,107
AP19,2026100700,42,2026100818,30,80,-50,147
AP19,2026100700,48,2026100900,29,85,-56,188
AP19,2026100700,54,2026100906,34,90,-56,219
AP19,2026100700,60,2026100912,34,105,-71,292
AP20,2026100700,6,2026100706,30,35,-5,23
AP20,2026100700,12,2026100712,27,40,-13,23
AP20,2026100700,18,2026100718,33,50,-17,46
AP20,2026100700,24,2026100800,33,60,-27,76
AP20,2026100700,30,2026100806,38,70,-32,102
AP20,2026100700,36,2026100812,39,75,-36,102
AP20,2026100700,42,2026100818,38,80,-42,93
AP20,2026100700,48,2026100900,42,85,-43,101
AP20,2026100700,54,2026100906,40,90,-50,125
AP20,2026100700,60,2026100912,37,105,-68,170
AP21,2026100700,6,2026100706,27,35,-8,38
AP21,2026100700,12,2026100712,28,40,-12,18
AP21,2026100700,18,2026100718,28,50,-22,0
AP21,2026100700,24,2026100800,29,60,-31,16
AP21,2026100700,30,2026100806,36,70,-34,26
AP21,2026100700,36,2026100812,48,75,-27,13
AP21,2026100700,42,2026100818,51,80,-29,35
AP21,2026100700,48,2026100900,54,85,-31,57
AP21,2026100700,54,2026100906,56,90,-34,85
AP21,2026100700,60,2026100912,56,105,-49,116
AP22,2026100700,6,2026100706,26,35,-9,40
AP22,2026100700,12,2026100712,27,40,-13,24
AP22,2026100700,18,2026100718,28,50,-22,21
AP22,2026100700,24,2026100800,37,60,-23,57
AP22,2026100700,30,2026100806,42,70,-28,83
AP22,2026100700,36,2026100812,34,75,-41,126
AP22,2026100700,42,2026100818,31,80,-49,142
AP22,2026100700,48,2026100900,29,85,-56,154
AP22,2026100700,54,2026100906,36,90,-54,186
AP22,2026100700,60,2026100912,36,105,-69,229
AP23,2026100700,6,2026100706,28,35,-7,12
AP23,2026100700,12,2026100712,28,40,-12,13
AP23,2026100700,18,2026100718,28,50,-22,25
AP23,2026100700,24,2026100800,30,60,-30,26
AP23,2026100700,30,2026100806,44,70,-26,31
AP23,2026100700,36,2026100812,45,75,-30,34
AP23,2026100700,42,2026100818,49,80,-31,33
AP23,2026100700,48,2026100900,56,85,-29,29
AP23,2026100700,54,2026100906,56,90,-34,49
AP23,2026100700,60,2026100912,55,105,-50,68
AP24,2026100700,6,2026100706,27,35,-8,39
AP24,2026100700,12,2026100712,28,40,-12,11
AP24,2026100700,18,2026100718,37,50,-13,13
AP24,2026100700,24,2026100800,30,60,-30,45
AP24,2026100700,30,2026100806,50,70,-20,54
AP24,2026100700,36,2026100812,42,75,-33,53
AP24,2026100700,42,2026100818,46,80,-34,63
AP24,2026100700,48,2026100900,58,85,-27,90
AP24,2026100700,54,2026100906,58,90,-32,119
AP24,2026100700,60,2026100912,57,105,-48,150
AP25,2026100700,6,2026100706,28,35,-7,24
AP25,2026100700,12,2026100712,28,40,-12,25
AP25,2026100700,18,2026100718,27,50,-23,45
AP25,2026100700,24,2026100800,30,60,-30,87
AP25,2026100700,30,2026100806,31,70,-39,131
AP25,2026100700,36,2026100812,37,75,-38,167
AP25,2026100700,42,2026100818,37,80,-43,208
AP25,2026100700,48,2026100900,37,85,-48,263
AP25,2026100700,54,2026100906,37,90,-53,325
AP25,2026100700,60,2026100912,38,105,-67,397
AP26,2026100700,6,2026100706,24,35,-11,8
AP26,2026100700,12,2026100712,30,40,-10,29
AP26,2026100700,18,2026100718,35,50,-15,39
AP26,2026100700,24,2026100800,35,60,-25,61
AP26,2026100700,30,2026100806,41,70,-29,72
AP26,2026100700,36,2026100812,50,75,-25,89
AP26,2026100700,42,2026100818,47,80,-33,110
AP26,2026100700,48,2026100900,45,85,-40,100
AP26,2026100700,54,2026100906,49,90,-41,95
AP26,2026100700,60,2026100912,54,105,-51,94
AP27,2026100700,6,2026100706,29,35,-6,18
AP27,2026100700,12,2026100712,28,40,-12,13
AP27,2026100700,18,2026100718,30,50,-20,32
AP27,2026100700,24,2026100800,43,60,-17,42
AP27,2026100700,30,2026100806,45,70,-25,48
AP27,2026100700,36,2026100812,52,75,-23,60
AP27,2026100700,42,2026100818,54,80,-26,80
AP27,2026100700,48,2026100900,47,85,-38,64
AP27,2026100700,54,2026100906,48,90,-42,60
AP27,2026100700,60,2026100912,42,105,-63,79
AP28,2026100700,6,2026100706,29,35,-6,45
AP28,2026100700,12,2026100712,33,40,-7,6
AP28,2026100700,18,2026100718,35,50,-15,8
AP28,2026100700,24,2026100800,43,60,-17,37
AP28,2026100700,30,2026100806,48,70,-22,55
AP28,2026100700,36,2026100812,47,75,-28,49
AP28,2026100700,42,2026100818,53,80,-27,58
AP28,2026100700,48,2026100900,52,85,-33,70
AP28,2026100700,54,2026100906,58,90,-32,73
AP28,2026100700,60,2026100912,57,105,-48,100
AP29,2026100700,6,2026100706,28,35,-7,42
AP29,2026100700,12,2026100712,27,40,-13,34
AP29,2026100700,18,2026100718,28,50,-22,49
AP29,2026100700,24,2026100800,29,60,-31,82
AP29,2026100700,30,2026100806,38,70,-32,124
AP29,2026100700,36,2026100812,43,75,-32,172
AP29,2026100700,42,2026100818,40,80,-40,209
AP29,2026100700,48,2026100900,35,85,-50,243
AP29,2026100700,54,2026100906,39,90,-51,297
AP29,2026100700,60,2026100912,40,105,-65,378
AP30,2026100700,6,2026100706,26,35,-9,26
AP30,2026100700,12,2026100712,29,40,-11,18
AP30,2026100700,18,2026100718,30,50,-20,41
AP30,2026100700,24,2026100800,31,60,-29,61
AP30,2026100700,30,2026100806,31,70,-39,91
AP30,2026100700,36,2026100812,32,75,-43,86
AP30,2026100700,42,2026100818,37,80,-43,94
AP30,2026100700,48,2026100900,43,85,-42,97
AP30,2026100700,54,2026100906,44,90,-46,133
AP30,2026100700,60,2026100912,47,105,-58,169
AVNI,2026100700,12,2026100712,33,40,-7,25
AVNI,2026100700,24,2026100800,46,60,-14,38
AVNI,2026100700,36,2026100812,55,75,-20,66
AVNI,2026100700,48,2026100900,65,85,-20,109
AVNI,2026100700,60,2026100912,69,105,-36,167
AVNO,2026100700,6,2026100706,27,35,-8,8
AVNO,2026100700,12,2026100712,36,40,-4,13
AVNO,2026100700,18,2026100718,43,50,-7,25
AVNO,2026100700,24,2026100800,40,60,-20,41
AVNO,2026100700,30,2026100806,50,70,-20,58
AVNO,2026100700,36,2026100812,61,75,-14,65
AVNO,2026100700,42,2026100818,64,80,-16,69
AVNO,2026100700,48,2026100900,68,85,-17,86
AVNO,2026100700,54,2026100906,75,90,-15,92
AVNO,2026100700,60,2026100912,78,105,-27,101
CEM2,2026100700,12,2026100712,31,40,-9,37
CEM2,2026100700,24,2026100800,33,60,-27,68
CEM2,2026100700,36,2026100812,36,75,-39,121
CEM2,2026100700,48,2026100900,38,85,-47,178
CEM2,2026100700,60,2026100912,41,105,-64,250
CEMN,2026100700,6,2026100706,29,35,-6,23
CEMN,2026100700,12,2026100712,31,40,-9,37
CEMN,2026100700,18,2026100718,32,50,-18,41
CEMN,2026100700,24,2026100800,33,60,-27,55
CEMN,2026100700,30,2026100806,36,70,-34,80
CEMN,2026100700,36,2026100812,38,75,-37,101
CEMN,2026100700,42,2026100818,37,80,-43,127
CEMN,2026100700,48,2026100900,38,85,-47,154
CEMN,2026100700,54,2026100906,39,90,-51,186
CEMN,2026100700,60,2026100912,42,105,-63,218
CMC2,2026100700,12,2026100712,31,40,-9,39
CMC2,2026100700,24,2026100800,30,60,-30,85
CMC2,2026100700,36,2026100812,32,75,-43,133
CMC2,2026100700,48,2026100900,38,85,-47,200
CMC2,2026100700,60,2026100912,39,105,-66,298
CTCI,2026100700,12,2026100712,38,40,-2,58
CTCI,2026100700,24,2026100800,58,60,-2,107
CTCI,2026100700,36,2026100812,82,75,7,153
CTCI,2026100700,48,2026100900,91,85,6,208
CTCI,2026100700,60,2026100912,86,105,-19,294
CTCX,2026100700,6,2026100706,34,35,-1,32
CTCX,2026100700,12,2026100712,52,40,12,43
CTCX,2026100700,18,2026100718,60,50,10,66
CTCX,2026100700,24,2026100800,65,60,5,93
CTCX,2026100700,30,2026100806,87,70,17,126
CTCX,2026100700,36,2026100812,84,75,9,131
CTCX,2026100700,42,2026100818,106,80,26,140
CTCX,2026100700,48,2026100900,104,85,19,174
CTCX,2026100700,54,2026100906,102,90,12,204
CTCX,2026100700,60,2026100912,113,105,8,258
DRCL,2026100700,12,2026100712,40,40,0,25
DRCL,2026100700,24,2026100800,50,60,-10,25
DRCL,2026100700,36,2026100812,60,75,-15,30
DRCL,2026100700,48,2026100900,75,85,-10,49
DRCL,2026100700,60,2026100912,85,105,-20,80
DSHP,2026100700,12,2026100712,41,40,1,13
DSHP,2026100700,24,2026100800,54,60,-6,6
DSHP,2026100700,36,2026100812,67,75,-8,8
DSHP,2026100700,48,2026100900,74,85,-11,13
DSHP,2026100700,60,2026100912,73,105,-32,32
GDMI,2026100700,12,2026100712,39,40,-1,18
GDMI,2026100700,24,2026100800,51,60,-9,21
GDMI,2026100700,36,2026100812,65,75,-10,24
GDMI,2026100700,48,2026100900,81,85,-4,29
GDMI,2026100700,60,2026100912,88,105,-17,40
GDMN,2026100700,6,2026100706,37,35,2,19
GDMN,2026100700,12,2026100712,47,40,7,19
GDMN,2026100700,18,2026100718,54,50,4,16
GDMN,2026100700,24,2026100800,62,60,2,19
GDMN,2026100700,30,2026100806,68,70,-2,8
GDMN,2026100700,36,2026100812,76,75,1,20
GDMN,2026100700,42,2026100818,77,80,-3,29
GDMN,2026100700,48,2026100900,86,85,1,21
GDMN,2026100700,54,2026100906,88,90,-2,20
GDMN,2026100700,60,2026100912,91,105,-14,19
HCCA,2026100700,12,2026100712,39,40,-1,25
HCCA,2026100700,24,2026100800,52,60,-8,33
HCCA,2026100700,36,2026100812,68,75,-7,41
HCCA,2026100700,48,2026100900,78,85,-7,58
HCCA,2026100700,60,2026100912,83,105,-22,102
HFAI,2026100700,12,2026100712,34,40,-6,45
HFAI,2026100700,24,2026100800,41,60,-19,82
HFAI,2026100700,36,2026100812,46,75,-29,138
HFAI,2026100700,48,2026100900,50,85,-35,212
HFAI,2026100700,60,2026100912,60,105,-45,323
HFBI,2026100700,12,2026100712,36,40,-4,45
HFBI,2026100700,24,2026100800,43,60,-17,70
HFBI,2026100700,36,2026100812,47,75,-28,119
HFBI,2026100700,48,2026100900,56,85,-29,183
HFBI,2026100700,60,2026100912,55,105,-50,294
HFSA,2026100700,6,2026100706,42,35,7,34
HFSA,2026100700,12,2026100712,52,40,12,39
HFSA,2026100700,18,2026100718,47,50,-3,53
HFSA,2026100700,24,2026100800,56,60,-4,68
HFSA,2026100700,30,2026100806,84,70,14,73
HFSA,2026100700,36,2026100812,88,75,13,93
HFSA,2026100700,42,2026100818,74,80,-6,105
HFSA,2026100700,48,2026100900,83,85,-2,111
HFSA,2026100700,54,2026100906,100,90,10,129
HFSA,2026100700,60,2026100912,117,105,12,141
HFSB,2026100700,6,2026100706,41,35,6,33
HFSB,2026100700,12,2026100712,47,40,7,39
HFSB,2026100700,18,2026100718,51,50,1,39
HFSB,2026100700,24,2026100800,51,60,-9,56
HFSB,2026100700,30,2026100806,86,70,16,69
HFSB,2026100700,36,2026100812,99,75,24,78
HFSB,2026100700,42,2026100818,92,80,12,96
HFSB,2026100700,48,2026100900,96,85,11,102
HFSB,2026100700,54,2026100906,108,90,18,104
HFSB,2026100700,60,2026100912,121,105,16,115
HMNI,2026100700,12,2026100712,35,40,-5,46
HMNI,2026100700,24,2026100800,49,60,-11,68
HMNI,2026100700,36,2026100812,71,75,-4,91
HMNI,2026100700,48,2026100900,88,85,3,130
HMNI,2026100700,60,2026100912,95,105,-10,157
HMON,2026100700,6,2026100706,33,35,-2,13
HMON,2026100700,12,2026100712,36,40,-4,23
HMON,2026100700,18,2026100718,34,50,-16,33
HMON,2026100700,24,2026100800,42,60,-18,64
HMON,2026100700,30,2026100806,60,70,-10,68
HMON,2026100700,36,2026100812,77,75,2,75
HMON,2026100700,42,2026100818,80,80,0,98
HMON,2026100700,48,2026100900,74,85,-11,114
HMON,2026100700,54,2026100906,87,90,-3,130
HMON,2026100700,60,2026100912,91,105,-14,137
HWFI,2026100700,12,2026100712,32,40,-8,37
HWFI,2026100700,24,2026100800,42,60,-18,65
HWFI,2026100700,36,2026100812,61,75,-14,83
HWFI,2026100700,48,2026100900,78,85,-7,126
HWFI,2026100700,60,2026100912,88,105,-17,198
HWRF,2026100700,6,2026100706,50,35,15,41
HWRF,2026100700,12,2026100712,37,40,-3,57
HWRF,2026100700,18,2026100718,47,50,-3,61
HWRF,2026100700,24,2026100800,52,60,-8,78
HWRF,2026100700,30,2026100806,67,70,-3,90
HWRF,2026100700,36,2026100812,77,75,2,106
HWRF,2026100700,42,2026100818,84,80,4,131
HWRF,2026100700,48,2026100900,93,85,8,165
HWRF,2026100700,54,2026100906,101,90,11,203
HWRF,2026100700,60,2026100912,99,105,-6,247
IVCN,2026100700,12,2026100712,37,40,-3,
IVCN,2026100700,24,2026100800,48,60,-12,
IVCN,2026100700,36,2026100812,62,75,-13,
IVCN,2026100700,48,2026100900,72,85,-13,
IVCN,2026100700,60,2026100912,76,105,-29,
LGEM,2026100700,12,2026100712,36,40,-4,13
LGEM,2026100700,24,2026100800,43,60,-17,6
LGEM,2026100700,36,2026100812,51,75,-24,8
LGEM,2026100700,48,2026100900,56,85,-29,13
LGEM,2026100700,60,2026100912,56,105,-49,32
NNIB,2026100700,12,2026100712,36,40,-4,44
NNIB,2026100700,24,2026100800,47,60,-13,96
NNIB,2026100700,36,2026100812,58,75,-17,152
NNIB,2026100700,48,2026100900,65,85,-20,222
NNIB,2026100700,60,2026100912,66,105,-39,315
NNIC,2026100700,12,2026100712,39,40,-1,44
NNIC,2026100700,24,2026100800,54,60,-6,96
NNIC,2026100700,36,2026100812,67,75,-8,152
NNIC,2026100700,48,2026100900,71,85,-14,222
NNIC,2026100700,60,2026100912,69,105,-36,315
NVGM,2026100700,6,2026100706,29,35,-6,13
NVGM,2026100700,12,2026100712,30,40,-10,23
NVGM,2026100700,18,2026100718,30,50,-20,33
NVGM,2026100700,24,2026100800,28,60,-32,57
NVGM,2026100700,30,2026100806,30,70,-40,86
NVGM,2026100700,36,2026100812,36,75,-39,102
NVGM,2026100700,42,2026100818,41,80,-39,126
NVGM,2026100700,48,2026100900,47,85,-38,163
NVGM,2026100700,54,2026100906,53,90,-37,205
NVGM,2026100700,60,2026100912,56,105,-49,253
OCD5,2026100700,12,2026100712,38,40,-2,50
OCD5,2026100700,24,2026100800,47,60,-13,112
OCD5,2026100700,36,2026100812,52,75,-23,178
OCD5,2026100700,48,2026100900,56,85,-29,234
OCD5,2026100700,60,2026100912,56,105,-49,306
OFCI,2026100700,12,2026100712,37,40,-3,17
OFCI,2026100700,24,2026100800,47,60,-13,17
OFCI,2026100700,36,2026100812,59,75,-16,23
OFCI,2026100700,48,2026100900,71,85,-14,33
OFCI,2026100700,60,2026100912,77,105,-28,59
OFCL,2026100700,12,2026100712,40,40,0,17
OFCL,2026100700,24,2026100800,50,60,-10,25
OFCL,2026100700,36,2026100812,60,75,-15,30
OFCL,2026100700,48,2026100900,75,85,-10,49
OFCL,2026100700,60,2026100912,85,105,-20,80
RVCN,2026100700,12,2026100712,35,40,-5,38
RVCN,2026100700,24,2026100800,50,60,-10,66
RVCN,2026100700,36,2026100812,65,75,-10,94
RVCN,2026100700,48,2026100900,65,85,-20,150
RVCN,2026100700,60,2026100912,65,105,-40,226
SHF5,2026100700,12,2026100712,38,40,-2,
SHF5,2026100700,24,2026100800,47,60,-13,
SHF5,2026100700,36,2026100812,52,75,-23,
SHF5,2026100700,48,2026100900,56,85,-29,
SHF5,2026100700,60,2026100912,56,105,-49,
SHIP,2026100700,12,2026100712,41,40,1,13
SHIP,2026100700,24,2026100800,54,60,-6,6
SHIP,2026100700,36,2026100812,67,75,-8,8
SHIP,2026100700,48,2026100900,74,85,-11,13
SHIP,2026100700,60,2026100912,73,105,-32,32
TCLP,2026100700,12,2026100712,34,40,-6,57
TCLP,2026100700,24,2026100800,36,60,-24,130
TCLP,2026100700,36,2026100812,38,75,-37,226
TCLP,2026100700,48,2026100900,39,85,-46,324
TCLP,2026100700,60,2026100912,40,105,-65,441
UKX2,2026100700,12,2026100712,30,40,-10,22
UKX2,2026100700,24,2026100800,30,60,-30,56
UKX2,2026100700,36,2026100812,31,75,-44,101
UKX2,2026100700,48,2026100900,33,85,-52,142
UKX2,2026100700,60,2026100912,39,105,-66,186
AC00,2026100706,6,2026100712,31,40,-9,13
AC00,2026100706,12,2026100718,34,50,-16,25
AC00,2026100706,18,2026100800,41,60,-19,36
AC00,2026100706,24,2026100806,48,70,-22,62
AC00,2026100706,30,2026100812,42,75,-33,68
AC00,2026100706,36,2026100818,44,80,-36,58
AC00,2026100706,42,2026100900,49,85,-36,82
AC00,2026100706,48,2026100906,51,90,-39,109
AC00,2026100706,54,2026100912,50,105,-55,121
AEMI,2026100706,12,2026100718,37,50,-13,25
AEMI,2026100706,24,2026100806,43,70,-27,70
AEMI,2026100706,36,2026100818,49,80,-31,106
AEMI,2026100706,48,2026100906,52,90,-38,165
AEMN,2026100706,6,2026100712,32,40,-8,13
AEMN,2026100706,12,2026100718,37,50,-13,24
AEMN,2026100706,18,2026100800,42,60,-18,40
AEMN,2026100706,24,2026100806,44,70,-26,66
AEMN,2026100706,30,2026100812,45,75,-30,74
AEMN,2026100706,36,2026100818,48,80,-32,83
AEMN,2026100706,42,2026100900,47,85,-38,108
AEMN,2026100706,48,2026100906,49,90,-41,134
AEMN,2026100706,54,2026100912,51,105,-54,166
AP01,2026100706,6,2026100712,27,40,-13,45
AP01,2026100706,12,2026100718,35,50,-15,53
AP01,2026100706,18,2026100800,44,60,-16,66
AP01,2026100706,24,2026100806,50,70,-20,90
AP01,2026100706,30,2026100812,47,75,-28,90
AP01,2026100706,36,2026100818,52,80,-28,92
AP01,2026100706,42,2026100900,55,85,-30,110
AP01,2026100706,48,2026100906,52,90,-38,157
AP01,2026100706,54,2026100912,64,105,-41,187
AP02,2026100706,6,2026100712,26,40,-14,48
AP02,2026100706,12,2026100718,37,50,-13,35
AP02,2026100706,18,2026100800,47,60,-13,6
AP02,2026100706,24,2026100806,44,70,-26,36
AP02,2026100706,30,2026100812,48,75,-27,51
AP02,2026100706,36,2026100818,44,80,-36,51
AP02,2026100706,42,2026100900,51,85,-34,75
AP02,2026100706,48,2026100906,48,90,-42,98
AP02,2026100706,54,2026100912,51,105,-54,114
AP03,2026100706,6,2026100712,33,40,-7,19
AP03,2026100706,12,2026100718,38,50,-12,24
AP03,2026100706,18,2026100800,41,60,-19,16
AP03,2026100706,24,2026100806,49,70,-21,45
AP03,2026100706,30,2026100812,47,75,-28,71
AP03,2026100706,36,2026100818,52,80,-28,99
AP03,2026100706,42,2026100900,50,85,-35,126
AP03,2026100706,48,2026100906,55,90,-35,150
AP03,2026100706,54,2026100912,58,105,-47,171
AP04,2026100706,6,2026100712,33,40,-7,23
AP04,2026100706,12,2026100718,42,50,-8,34
AP04,2026100706,18,2026100800,43,60,-17,57
AP04,2026100706,24,2026100806,40,70,-30,78
AP04,2026100706,30,2026100812,45,75,-30,73
AP04,2026100706,36,2026100818,45,80,-35,72
AP04,2026100706,42,2026100900,49,85,-36,96
AP04,2026100706,48,2026100906,57,90,-33,109
AP04,2026100706,54,2026100912,55,105,-50,132
AP05,2026100706,6,2026100712,26,40,-14,19
AP05,2026100706,12,2026100718,32,50,-18,25
AP05,2026100706,18,2026100800,35,60,-25,57
AP05,2026100706,24,2026100806,29,70,-41,119
AP05,2026100706,30,2026100812,39,75,-36,147
AP05,2026100706,36,2026100818,40,80,-40,179
AP05,2026100706,42,2026100900,37,85,-48,229
AP05,2026100706,48,2026100906,34,90,-56,291
AP05,2026100706,54,2026100912,38,105,-67,344
AP06,2026100706,6,2026100712,32,40,-8,21
AP06,2026100706,12,2026100718,38,50,-12,30
AP06,2026100706,18,2026100800,41,60,-19,49
AP06,2026100706,24,2026100806,41,70,-29,73
AP06,2026100706,30,2026100812,44,75,-31,94
AP06,2026100706,36,2026100818,40,80,-40,118
AP06,2026100706,42,2026100900,39,85,-46,158
AP06,2026100706,48,2026100906,48,90,-42,198
AP06,2026100706,54,2026100912,42,105,-63,255
AP07,2026100706,6,2026100712,33,40,-7,8
AP07,2026100706,12,2026100718,40,50,-10,18
AP07,2026100706,18,2026100800,41,60,-19,13
AP07,2026100706,24,2026100806,59,70,-11,19
AP07,2026100706,30,2026100812,47,75,-28,32
AP07,2026100706,36,2026100818,49,80,-31,29
AP07,2026100706,42,2026100900,52,85,-33,37
AP07,2026100706,48,2026100906,53,90,-37,79
AP07,2026100706,54,2026100912,57,105,-48,95
AP08,2026100706,6,2026100712,35,40,-5,17
AP08,2026100706,12,2026100718,42,50,-8,22
AP08,2026100706,18,2026100800,47,60,-13,17
AP08,2026100706,24,2026100806,47,70,-23,37
AP08,2026100706,30,2026100812,48,75,-27,38
AP08,2026100706,36,2026100818,51,80,-29,33
AP08,2026100706,42,2026100900,50,85,-35,45
AP08,2026100706,48,2026100906,56,90,-34,47
AP08,2026100706,54,2026100912,65,105,-40,60
AP09,2026100706,6,2026100712,23,40,-17,24
AP09,2026100706,12,2026100718,28,50,-22,34
AP09,2026100706,18,2026100800,38,60,-22,63
AP09,2026100706,24,2026100806,34,70,-36,100
AP09,2026100706,30,2026100812,38,75,-37,130
AP09,2026100706,36,2026100818,37,80,-43,141
AP09,2026100706,42,2026100900,38,85,-47,149
AP09,2026100706,48,2026100906,36,90,-54,179
AP09,2026100706,54,2026100912,36,105,-69,216
AP10,2026100706,6,2026100712,27,40,-13,24
AP10,2026100706,12,2026100718,31,50,-19,24
AP10,2026100706,18,2026100800,33,60,-27,55
AP10,2026100706,24,2026100806,32,70,-38,74
AP10,2026100706,30,2026100812,44,75,-31,58
AP10,2026100706,36,2026100818,47,80,-33,77
AP10,2026100706,42,2026100900,41,85,-44,116
AP10,2026100706,48,2026100906,45,90,-45,153
AP10,2026100706,54,2026100912,49,105,-56,193
AP11,2026100706,6,2026100712,29,40,-11,33
AP11,2026100706,12,2026100718,35,50,-15,21
AP11,2026100706,18,2026100800,42,60,-18,21
AP11,2026100706,24,2026100806,44,70,-26,70
AP11,2026100706,30,2026100812,38,75,-37,119
AP11,2026100706,36,2026100818,30,80,-50,150
AP11,2026100706,42,2026100900,28,85,-57,188
AP11,2026100706,48,2026100906,30,90,-60,237
AP11,2026100706,54,2026100912,34,105,-71,273
AP12,2026100706,6,2026100712,32,40,-8,13
AP12,2026100706,12,2026100718,37,50,-13,19
AP12,2026100706,18,2026100800,39,60,-21,26
AP12,2026100706,24,2026100806,41,70,-29,32
AP12,2026100706,30,2026100812,39,75,-36,24
AP12,2026100706,36,2026100818,52,80,-28,13
AP12,2026100706,42,2026100900,50,85,-35,28
AP12,2026100706,48,2026100906,54,90,-36,38
AP12,2026100706,54,2026100912,57,105,-48,64
AP13,2026100706,6,2026100712,29,40,-11,18
AP13,2026100706,12,2026100718,36,50,-14,33
AP13,2026100706,18,2026100800,45,60,-15,57
AP13,2026100706,24,2026100806,45,70,-25,95
AP13,2026100706,30,2026100812,45,75,-30,114
AP13,2026100706,36,2026100818,41,80,-39,143
AP13,2026100706,42,2026100900,45,85,-40,175
AP13,2026100706,48,2026100906,41,90,-49,219
AP13,2026100706,54,2026100912,46,105,-59,258
AP14,2026100706,6,2026100712,31,40,-9,18
AP14,2026100706,12,2026100718,42,50,-8,25
AP14,2026100706,18,2026100800,53,60,-7,29
AP14,2026100706,24,2026100806,54,70,-16,34
AP14,2026100706,30,2026100812,52,75,-23,41
AP14,2026100706,36,2026100818,60,80,-20,46
AP14,2026100706,42,2026100900,60,85,-25,72
AP14,2026100706,48,2026100906,66,90,-24,79
AP14,2026100706,54,2026100912,65,105,-40,103
AP15,2026100706,6,2026100712,32,40,-8,8
AP15,2026100706,12,2026100718,36,50,-14,31
AP15,2026100706,18,2026100800,38,60,-22,58
AP15,2026100706,24,2026100806,37,70,-33,87
AP15,2026100706,30,2026100812,34,75,-41,106
AP15,2026100706,36,2026100818,36,80,-44,112
AP15,2026100706,42,2026100900,38,85,-47,141
AP15,2026100706,48,2026100906,39,90,-51,191
AP15,2026100706,54,2026100912,45,105,-60,235
AP16,2026100706,6,2026100712,36,40,-4,25
AP16,2026100706,12,2026100718,42,50,-8,45
AP16,2026100706,18,2026100800,45,60,-15,70
AP16,2026100706,24,2026100806,47,70,-23,99
AP16,2026100706,30,2026100812,50,75,-25,122
AP16,2026100706,36,2026100818,45,80,-35,150
AP16,2026100706,42,2026100900,42,85,-43,178
AP16,2026100706,48,2026100906,47,90,-43,206
AP16,2026100706,54,2026100912,55,105,-50,243
AP17,2026100706,6,2026100712,37,40,-3,32
AP17,2026100706,12,2026100718,40,50,-10,42
AP17,2026100706,18,2026100800,46,60,-14,48
AP17,2026100706,24,2026100806,45,70,-25,81
AP17,2026100706,30,2026100812,40,75,-35,82
AP17,2026100706,36,2026100818,47,80,-33,99
AP17,2026100706,42,2026100900,50,85,-35,118
AP17,2026100706,48,2026100906,51,90,-39,145
AP17,2026100706,54,2026100912,51,105,-54,177
AP18,2026100706,6,2026100712,27,40,-13,6
AP18,2026100706,12,2026100718,35,50,-15,18
AP18,2026100706,18,2026100800,35,60,-25,31
AP18,2026100706,24,2026100806,39,70,-31,55
AP18,2026100706,30,2026100812,36,75,-39,55
AP18,2026100706,36,2026100818,38,80,-42,45
AP18,2026100706,42,2026100900,37,85,-48,53
AP18,2026100706,48,2026100906,50,90,-40,52
AP18,2026100706,54,2026100912,48,105,-57,42
AP19,2026100706,6,2026100712,33,40,-7,25
AP19,2026100706,12,2026100718,45,50,-5,33
AP19,2026100706,18,2026100800,51,60,-9,17
AP19,2026100706,24,2026100806,57,70,-13,6
AP19,2026100706,30,2026100812,65,75,-10,12
AP19,2026100706,36,2026100818,72,80,-8,11
AP19,2026100706,42,2026100900,61,85,-24,17
AP19,2026100706,48,2026100906,61,90,-29,35
AP19,2026100706,54,2026100912,57,105,-48,64
AP20,2026100706,6,2026100712,39,40,-1,17
AP20,2026100706,12,2026100718,39,50,-11,21
AP20,2026100706,18,2026100800,51,60,-9,13
AP20,2026100706,24,2026100806,62,70,-8,19
AP20,2026100706,30,2026100812,56,75,-19,32
AP20,2026100706,36,2026100818,63,80,-17,38
AP20,2026100706,42,2026100900,64,85,-21,62
AP20,2026100706,48,2026100906,65,90,-25,83
AP20,2026100706,54,2026100912,53,105,-52,105
AP21,2026100706,6,2026100712,37,40,-3,19
AP21,2026100706,12,2026100718,36,50,-14,36
AP21,2026100706,18,2026100800,46,60,-14,48
AP21,2026100706,24,2026100806,48,70,-22,66
AP21,2026100706,30,2026100812,50,75,-25,72
AP21,2026100706,36,2026100818,53,80,-27,61
AP21,2026100706,42,2026100900,52,85,-33,90
AP21,2026100706,48,2026100906,57,90,-33,109
AP21,2026100706,54,2026100912,61,105,-44,124
AP22,2026100706,6,2026100712,27,40,-13,29
AP22,2026100706,12,2026100718,28,50,-22,61
AP22,2026100706,18,2026100800,31,60,-29,102
AP22,2026100706,24,2026100806,28,70,-42,160
AP22,2026100706,30,2026100812,29,75,-46,184
AP22,2026100706,36,2026100818,32,80,-48,198
AP22,2026100706,42,2026100900,27,85,-58,267
AP22,2026100706,48,2026100906,31,90,-59,324
AP22,2026100706,54,2026100912,32,105,-73,384
AP23,2026100706,6,2026100712,35,40,-5,16
AP23,2026100706,12,2026100718,39,50,-11,26
AP23,2026100706,18,2026100800,44,60,-16,37
AP23,2026100706,24,2026100806,54,70,-16,54
AP23,2026100706,30,2026100812,47,75,-28,69
AP23,2026100706,36,2026100818,51,80,-29,66
AP23,2026100706,42,2026100900,57,85,-28,94
AP23,2026100706,48,2026100906,56,90,-34,135
AP23,2026100706,54,2026100912,57,105,-48,159
AP24,2026100706,6,2026100712,26,40,-14,29
AP24,2026100706,12,2026100718,31,50,-19,55
AP24,2026100706,18,2026100800,34,60,-26,98
AP24,2026100706,24,2026100806,35,70,-35,154
AP24,2026100706,30,2026100812,37,75,-38,175
AP24,2026100706,36,2026100818,36,80,-44,205
AP24,2026100706,42,2026100900,30,85,-55,251
AP24,2026100706,48,2026100906,31,90,-59,298
AP24,2026100706,54,2026100912,32,105,-73,350
AP25,2026100706,6,2026100712,32,40,-8,18
AP25,2026100706,12,2026100718,35,50,-15,18
AP25,2026100706,18,2026100800,42,60,-18,11
AP25,2026100706,24,2026100806,47,70,-23,19
AP25,2026100706,30,2026100812,51,75,-24,32
AP25,2026100706,36,2026100818,44,80,-36,37
AP25,2026100706,42,2026100900,43,85,-42,61
AP25,2026100706,48,2026100906,52,90,-38,81
AP25,2026100706,54,2026100912,61,105,-44,120
AP26,2026100706,6,2026100712,32,40,-8,24
AP26,2026100706,12,2026100718,32,50,-18,36
AP26,2026100706,18,2026100800,43,60,-17,58
AP26,2026100706,24,2026100806,40,70,-30,117
AP26,2026100706,30,2026100812,43,75,-32,130
AP26,2026100706,36,2026100818,49,80,-31,150
AP26,2026100706,42,2026100900,41,85,-44,180
AP26,2026100706,48,2026100906,44,90,-46,220
AP26,2026100706,54,2026100912,44,105,-61,258
AP27,2026100706,6,2026100712,30,40,-10,36
AP27,2026100706,12,2026100718,37,50,-13,42
AP27,2026100706,18,2026100800,41,60,-19,60
AP27,2026100706,24,2026100806,45,70,-25,66
AP27,2026100706,30,2026100812,53,75,-22,66
AP27,2026100706,36,2026100818,62,80,-18,74
AP27,2026100706,42,2026100900,59,85,-26,92
AP27,2026100706,48,2026100906,59,90,-31,113
AP27,2026100706,54,2026100912,59,105,-46,139
AP28,2026100706,6,2026100712,32,40,-8,13
AP28,2026100706,12,2026100718,38,50,-12,13
AP28,2026100706,18,2026100800,44,60,-16,8
AP28,2026100706,24,2026100806,43,70,-27,12
AP28,2026100706,30,2026100812,48,75,-27,13
AP28,2026100706,36,2026100818,49,80,-31,13
AP28,2026100706,42,2026100900,47,85,-38,25
AP28,2026100706,48,2026100906,54,90,-36,25
AP28,2026100706,54,2026100912,54,105,-51,44
AP29,2026100706,6,2026100712,44,40,4,11
AP29,2026100706,12,2026100718,43,50,-7,19
AP29,2026100706,18,2026100800,50,60,-10,25
AP29,2026100706,24,2026100806,55,70,-15,36
AP29,2026100706,30,2026100812,54,75,-21,31
AP29,2026100706,36,2026100818,58,80,-22,33
AP29,2026100706,42,2026100900,55,85,-30,55
AP29,2026100706,48,2026100906,57,90,-33,87
AP29,2026100706,54,2026100912,62,105,-43,122
AP30,2026100706,6,2026100712,30,40,-10,31
AP30,2026100706,12,2026100718,36,50,-14,42
AP30,2026100706,18,2026100800,41,60,-19,57
AP30,2026100706,24,2026100806,36,70,-34,96
AP30,2026100706,30,2026100812,47,75,-28,103
AP30,2026100706,36,2026100818,50,80,-30,115
AP30,2026100706,42,2026100900,47,85,-38,150
AP30,2026100706,48,2026100906,49,90,-41,199
AP30,2026100706,54,2026100912,46,105,-59,247
AVNI,2026100706,12,2026100718,41,50,-9,18
AVNI,2026100706,24,2026100806,52,70,-18,48
AVNI,2026100706,36,2026100818,65,80,-15,57
AVNI,2026100706,48,2026100906,74,90,-16,74
AVNO,2026100706,6,2026100712,39,40,-1,8
AVNO,2026100706,12,2026100718,38,50,-12,19
AVNO,2026100706,18,2026100800,44,60,-16,26
AVNO,2026100706,24,2026100806,58,70,-12,51
AVNO,2026100706,30,2026100812,64,75,-11,57
AVNO,2026100706,36,2026100818,64,80,-16,53
AVNO,2026100706,42,2026100900,60,85,-25,64
AVNO,2026100706,48,2026100906,64,90,-26,77
AVNO,2026100706,54,2026100912,66,105,-39,73
CEMI,2026100706,12,2026100718,36,50,-14,31
CEMI,2026100706,24,2026100806,40,70,-30,65
CEMI,2026100706,36,2026100818,42,80,-38,106
CEMI,2026100706,48,2026100906,44,90,-46,167
CMCI,2026100706,12,2026100718,35,50,-15,34
CMCI,2026100706,24,2026100806,38,70,-32,81
CMCI,2026100706,36,2026100818,44,80,-36,126
CMCI,2026100706,48,2026100906,47,90,-43,205
CTCI,2026100706,12,2026100718,54,50,4,37
CTCI,2026100706,24,2026100806,75,70,5,88
CTCI,2026100706,36,2026100818,94,80,14,116
CTCI,2026100706,48,2026100906,102,90,12,179
CTCX,2026100706,6,2026100712,50,40,10,8
CTCX,2026100706,12,2026100718,54,50,4,16
CTCX,2026100706,18,2026100800,69,60,9,49
CTCX,2026100706,24,2026100806,88,70,18,70
CTCX,2026100706,30,2026100812,99,75,24,90
CTCX,2026100706,36,2026100818,111,80,31,114
CTCX,2026100706,42,2026100900,104,85,19,144
CTCX,2026100706,48,2026100906,96,90,6,186
CTCX,2026100706,54,2026100912,90,105,-15,222
DRCL,2026100706,12,2026100718,50,50,0,29
DRCL,2026100706,24,2026100806,65,70,-5,25
DRCL,2026100706,36,2026100818,80,80,0,5
DRCL,2026100706,48,2026100906,95,90,5,19
DSHP,2026100706,12,2026100718,46,50,-4,32
DSHP,2026100706,24,2026100806,58,70,-12,36
DSHP,2026100706,36,2026100818,70,80,-10,32
DSHP,2026100706,48,2026100906,77,90,-13,68
GDMI,2026100706,12,2026100718,51,50,1,25
GDMI,2026100706,24,2026100806,65,70,-5,25
GDMI,2026100706,36,2026100818,77,80,-3,23
GDMI,2026100706,48,2026100906,85,90,-5,22
GDMN,2026100706,6,2026100712,46,40,6,8
GDMN,2026100706,12,2026100718,53,50,3,16
GDMN,2026100706,18,2026100800,58,60,-2,18
GDMN,2026100706,24,2026100806,65,70,-5,0
GDMN,2026100706,30,2026100812,70,75,-5,6
GDMN,2026100706,36,2026100818,81,80,1,6
GDMN,2026100706,42,2026100900,86,85,1,6
GDMN,2026100706,48,2026100906,90,90,0,19
GDMN,2026100706,54,2026100912,93,105,-12,18
HCCA,2026100706,12,2026100718,51,50,1,25
HCCA,2026100706,24,2026100806,70,70,0,21
HCCA,2026100706,36,2026100818,83,80,3,8
HCCA,2026100706,48,2026100906,90,90,0,19
HFAI,2026100706,12,2026100718,49,50,-1,32
HFAI,2026100706,24,2026100806,71,70,1,57
HFAI,2026100706,36,2026100818,81,80,1,82
HFAI,2026100706,48,2026100906,100,90,10,105
HFBI,2026100706,12,2026100718,49,50,-1,21
HFBI,2026100706,24,2026100806,76,70,6,49
HFBI,2026100706,36,2026100818,94,80,14,68
HFBI,2026100706,48,2026100906,108,90,18,85
HFSA,2026100706,6,2026100712,39,40,-1,11
HFSA,2026100706,12,2026100718,38,50,-12,34
HFSA,2026100706,18,2026100800,47,60,-13,45
HFSA,2026100706,24,2026100806,68,70,-2,63
HFSA,2026100706,30,2026100812,76,75,1,70
HFSA,2026100706,36,2026100818,71,80,-9,89
HFSA,2026100706,42,2026100900,93,85,8,118
HFSA,2026100706,48,2026100906,78,90,-12,152
HFSA,2026100706,54,2026100912,83,105,-22,183
HFSB,2026100706,6,2026100712,49,40,9,8
HFSB,2026100706,12,2026100718,47,50,-3,26
HFSB,2026100706,18,2026100800,47,60,-13,50
HFSB,2026100706,24,2026100806,81,70,11,61
HFSB,2026100706,30,2026100812,64,75,-11,71
HFSB,2026100706,36,2026100818,94,80,14,85
HFSB,2026100706,42,2026100900,87,85,2,107
HFSB,2026100706,48,2026100906,76,90,-14,139
HFSB,2026100706,54,2026100912,97,105,-8,166
HMNI,2026100706,12,2026100718,40,50,-10,21
HMNI,2026100706,24,2026100806,60,70,-10,57
HMNI,2026100706,36,2026100818,77,80,-3,82
HMNI,2026100706,48,2026100906,86,90,-4,115
HMON,2026100706,6,2026100712,39,40,-1,25
HMON,2026100706,12,2026100718,38,50,-12,33
HMON,2026100706,18,2026100800,50,60,-10,53
HMON,2026100706,24,2026100806,67,70,-3,70
HMON,2026100706,30,2026100812,64,75,-11,82
HMON,2026100706,36,2026100818,83,80,3,85
HMON,2026100706,42,2026100900,97,85,12,128
HMON,2026100706,48,2026100906,100,90,10,150
HMON,2026100706,54,2026100912,107,105,2,155
HWFI,2026100706,12,2026100718,44,50,-6,36
HWFI,2026100706,24,2026100806,63,70,-7,63
HWFI,2026100706,36,2026100818,82,80,2,96
HWFI,2026100706,48,2026100906,95,90,5,174
HWRF,2026100706,6,2026100712,33,40,-7,34
HWRF,2026100706,12,2026100718,49,50,-1,30
HWRF,2026100706,18,2026100800,66,60,6,25
HWRF,2026100706,24,2026100806,65,70,-5,40
HWRF,2026100706,30,2026100812,70,75,-5,33
HWRF,2026100706,36,2026100818,77,80,-3,53
HWRF,2026100706,42,2026100900,78,85,-7,78
HWRF,2026100706,48,2026100906,87,90,-3,87
HWRF,2026100706,54,2026100912,102,105,-3,92
IVCN,2026100706,12,2026100718,47,50,-3,
IVCN,2026100706,24,2026100806,65,70,-5,
IVCN,2026100706,36,2026100818,79,80,-1,
IVCN,2026100706,48,2026100906,90,90,0,
LGEM,2026100706,12,2026100718,42,50,-8,32
LGEM,2026100706,24,2026100806,50,70,-20,36
LGEM,2026100706,36,2026100818,58,80,-22,32
LGEM,2026100706,48,2026100906,63,90,-27,68
NNIB,2026100706,12,2026100718,45,50,-5,46
NNIB,2026100706,24,2026100806,59,70,-11,111
NNIB,2026100706,36,2026100818,70,80,-10,173
NNIB,2026100706,48,2026100906,80,90,-10,265
NNIC,2026100706,12,2026100718,50,50,0,46
NNIC,2026100706,24,2026100806,68,70,-2,111
NNIC,2026100706,36,2026100818,85,80,5,173
NNIC,2026100706,48,2026100906,95,90,5,265
NVGI,2026100706,12,2026100718,35,50,-15,34
NVGI,2026100706,24,2026100806,38,70,-32,82
NVGI,2026100706,36,2026100818,47,80,-33,122
NVGI,2026100706,48,2026100906,57,90,-33,200
NVGM,2026100706,6,2026100712,31,40,-9,21
NVGM,2026100706,12,2026100718,31,50,-19,32
NVGM,2026100706,18,2026100800,29,60,-31,50
NVGM,2026100706,24,2026100806,32,70,-38,70
NVGM,2026100706,30,2026100812,40,75,-35,77
NVGM,2026100706,36,2026100818,49,80,-31,90
NVGM,2026100706,42,2026100900,57,85,-28,117
NVGM,2026100706,48,2026100906,67,90,-23,138
NVGM,2026100706,54,2026100912,72,105,-33,165
OCD5,2026100706,12,2026100718,42,50,-8,40
OCD5,2026100706,24,2026100806,50,70,-20,90
OCD5,2026100706,36,2026100818,54,80,-26,146
OCD5,2026100706,48,2026100906,57,90,-33,214
OFCI,2026100706,12,2026100718,45,50,-5,26
OFCI,2026100706,24,2026100806,55,70,-15,31
OFCI,2026100706,36,2026100818,67,80,-13,29
OFCI,2026100706,48,2026100906,79,90,-11,58
OFCL,2026100706,12,2026100718,50,50,0,29
OFCL,2026100706,24,2026100806,65,70,-5,25
OFCL,2026100706,36,2026100818,80,80,0,5
OFCL,2026100706,48,2026100906,95,90,5,19
RVCN,2026100706,12,2026100718,50,50,0,25
RVCN,2026100706,24,2026100806,65,70,-5,49
RVCN,2026100706,36,2026100818,65,80,-15,69
RVCN,2026100706,48,2026100906,65,90,-25,111
SHF5,2026100706,12,2026100718,42,50,-8,
SHF5,2026100706,24,2026100806,50,70,-20,
SHF5,2026100706,36,2026100818,54,80,-26,
SHF5,2026100706,48,2026100906,57,90,-33,
SHIP,2026100706,12,2026100718,46,50,-4,32
SHIP,2026100706,24,2026100806,58,70,-12,36
SHIP,2026100706,36,2026100818,70,80,-10,32
SHIP,2026100706,48,2026100906,77,90,-13,68
TCLP,2026100706,12,2026100718,39,50,-11,51
TCLP,2026100706,24,2026100806,41,70,-29,114
TCLP,2026100706,36,2026100818,43,80,-37,195
TCLP,2026100706,48,2026100906,44,90,-46,304
UKXI,2026100706,12,2026100718,36,50,-14,6
UKXI,2026100706,24,2026100806,40,70,-30,49
UKXI,2026100706,36,2026100818,43,80,-37,77
UKXI,2026100706,48,2026100906,48,90,-42,108
CMC,2026100712,6,2026100718,31,50,-19,17
CMC,2026100712,12,2026100800,32,60,-28,35
CMC,2026100712,18,2026100806,36,70,-34,46
CMC,2026100712,24,2026100812,48,75,-27,55
CMC,2026100712,30,2026100818,42,80,-38,81
CMC,2026100712,36,2026100900,47,85,-38,103
CMC,2026100712,42,2026100906,48,90,-42,129
CMC,2026100712,48,2026100912,54,105,-51,153
NGX,2026100712,6,2026100718,31,50,-19,48
NGX,2026100712,12,2026100800,30,60,-30,51
NGX,2026100712,18,2026100806,35,70,-35,78
NGX,2026100712,24,2026100812,39,75,-36,94
NGX,2026100712,30,2026100818,45,80,-35,116
NGX,2026100712,36,2026100900,52,85,-33,158
NGX,2026100712,42,2026100906,58,90,-32,186
NGX,2026100712,48,2026100912,68,105,-37,222
UKX,2026100712,6,2026100718,30,50,-20,21
UKX,2026100712,12,2026100800,30,60,-30,51
UKX,2026100712,18,2026100806,32,70,-38,70
UKX,2026100712,24,2026100812,36,75,-39,88
UKX,2026100712,30,2026100818,41,80,-39,91
UKX,2026100712,36,2026100900,43,85,-42,122
UKX,2026100712,42,2026100906,45,90,-45,144
UKX,2026100712,48,2026100912,50,105,-55,158
AC00,2026100712,6,2026100718,28,50,-22,18
AC00,2026100712,12,2026100800,33,60,-27,21
AC00,2026100712,18,2026100806,41,70,-29,41
AC00,2026100712,24,2026100812,43,75,-32,54
AC00,2026100712,30,2026100818,44,80,-36,70
AC00,2026100712,36,2026100900,49,85,-36,79
AC00,2026100712,42,2026100906,51,90,-39,98
AC00,2026100712,48,2026100912,53,105,-52,113
AEMI,2026100712,12,2026100800,43,60,-17,41
AEMI,2026100712,24,2026100812,48,75,-27,73
AEMI,2026100712,36,2026100900,50,85,-35,110
AEMI,2026100712,48,2026100912,53,105,-52,166
AEMN,2026100712,6,2026100718,31,50,-19,19
AEMN,2026100712,12,2026100800,35,60,-25,25
AEMN,2026100712,18,2026100806,39,70,-31,49
AEMN,2026100712,24,2026100812,44,75,-31,57
AEMN,2026100712,30,2026100818,44,80,-36,73
AEMN,2026100712,36,2026100900,44,85,-41,94
AEMN,2026100712,42,2026100906,46,90,-44,127
AEMN,2026100712,48,2026100912,48,105,-57,154
AP01,2026100712,6,2026100718,28,50,-22,19
AP01,2026100712,12,2026100800,33,60,-27,30
AP01,2026100712,18,2026100806,36,70,-34,55
AP01,2026100712,24,2026100812,37,75,-38,73
AP01,2026100712,30,2026100818,39,80,-41,72
AP01,2026100712,36,2026100900,42,85,-43,120
AP01,2026100712,42,2026100906,53,90,-37,169
AP01,2026100712,48,2026100912,52,105,-53,207
AP02,2026100712,6,2026100718,28,50,-22,41
AP02,2026100712,12,2026100800,29,60,-31,65
AP02,2026100712,18,2026100806,31,70,-39,98
AP02,2026100712,24,2026100812,38,75,-37,106
AP02,2026100712,30,2026100818,35,80,-45,123
AP02,2026100712,36,2026100900,37,85,-48,159
AP02,2026100712,42,2026100906,42,90,-48,179
AP02,2026100712,48,2026100912,44,105,-61,240
AP03,2026100712,6,2026100718,36,50,-14,8
AP03,2026100712,12,2026100800,41,60,-19,21
AP03,2026100712,18,2026100806,44,70,-26,38
AP03,2026100712,24,2026100812,47,75,-28,55
AP03,2026100712,30,2026100818,51,80,-29,57
AP03,2026100712,36,2026100900,52,85,-33,53
AP03,2026100712,42,2026100906,45,90,-45,89
AP03,2026100712,48,2026100912,42,105,-63,128
AP04,2026100712,6,2026100718,26,50,-24,33
AP04,2026100712,12,2026100800,32,60,-28,57
AP04,2026100712,18,2026100806,26,70,-44,91
AP04,2026100712,24,2026100812,30,75,-45,110
AP04,2026100712,30,2026100818,31,80,-49,143
AP04,2026100712,36,2026100900,30,85,-55,186
AP04,2026100712,42,2026100906,30,90,-60,239
AP04,2026100712,48,2026100912,30,105,-75,291
AP05,2026100712,6,2026100718,29,50,-21,16
AP05,2026100712,12,2026100800,33,60,-27,0
AP05,2026100712,18,2026100806,34,70,-36,46
AP05,2026100712,24,2026100812,43,75,-32,53
AP05,2026100712,30,2026100818,38,80,-42,49
AP05,2026100712,36,2026100900,31,85,-54,63
AP05,2026100712,42,2026100906,43,90,-47,99
AP05,2026100712,48,2026100912,41,105,-64,127
AP06,2026100712,6,2026100718,26,50,-24,24
AP06,2026100712,12,2026100800,33,60,-27,45
AP06,2026100712,18,2026100806,34,70,-36,78
AP06,2026100712,24,2026100812,40,75,-35,112
AP06,2026100712,30,2026100818,39,80,-41,119
AP06,2026100712,36,2026100900,36,85,-49,165
AP06,2026100712,42,2026100906,41,90,-49,207
AP06,2026100712,48,2026100912,46,105,-59,261
AP07,2026100712,6,2026100718,29,50,-21,36
AP07,2026100712,12,2026100800,35,60,-25,31
AP07,2026100712,18,2026100806,40,70,-30,50
AP07,2026100712,24,2026100812,51,75,-24,57
AP07,2026100712,30,2026100818,49,80,-31,90
AP07,2026100712,36,2026100900,54,85,-31,126
AP07,2026100712,42,2026100906,63,90,-27,153
AP07,2026100712,48,2026100912,58,105,-47,180
AP08,2026100712,6,2026100718,30,50,-20,13
AP08,2026100712,12,2026100800,35,60,-25,24
AP08,2026100712,18,2026100806,39,70,-31,8
AP08,2026100712,24,2026100812,44,75,-31,30
AP08,2026100712,30,2026100818,42,80,-38,58
AP08,2026100712,36,2026100900,35,85,-50,70
AP08,2026100712,42,2026100906,34,90,-56,103
AP08,2026100712,48,2026100912,35,105,-70,147
AP09,2026100712,6,2026100718,35,50,-15,8
AP09,2026100712,12,2026100800,41,60,-19,23
AP09,2026100712,18,2026100806,44,70,-26,45
AP09,2026100712,24,2026100812,42,75,-33,57
AP09,2026100712,30,2026100818,48,80,-32,69
AP09,2026100712,36,2026100900,44,85,-41,86
AP09,2026100712,42,2026100906,52,90,-38,111
AP09,2026100712,48,2026100912,49,105,-56,133
AP10,2026100712,6,2026100718,33,50,-17,36
AP10,2026100712,12,2026100800,36,60,-24,40
AP10,2026100712,18,2026100806,40,70,-30,54
AP10,2026100712,24,2026100812,51,75,-24,50
AP10,2026100712,30,2026100818,52,80,-28,70
AP10,2026100712,36,2026100900,50,85,-35,100
AP10,2026100712,42,2026100906,55,90,-35,116
AP10,2026100712,48,2026100912,54,105,-51,132
AP11,2026100712,6,2026100718,27,50,-23,25
AP11,2026100712,12,2026100800,27,60,-33,41
AP11,2026100712,18,2026100806,30,70,-40,61
AP11,2026100712,24,2026100812,36,75,-39,53
AP11,2026100712,30,2026100818,36,80,-44,64
AP11,2026100712,36,2026100900,35,85,-50,85
AP11,2026100712,42,2026100906,33,90,-57,106
AP11,2026100712,48,2026100912,33,105,-72,135
AP12,2026100712,6,2026100718,31,50,-19,26
AP12,2026100712,12,2026100800,30,60,-30,25
AP12,2026100712,18,2026100806,34,70,-36,16
AP12,2026100712,24,2026100812,42,75,-33,18
AP12,2026100712,30,2026100818,52,80,-28,5
AP12,2026100712,36,2026100900,44,85,-41,0
AP12,2026100712,42,2026100906,42,90,-48,24
AP12,2026100712,48,2026100912,46,105,-59,51
AP13,2026100712,6,2026100718,28,50,-22,34
AP13,2026100712,12,2026100800,30,60,-30,41
AP13,2026100712,18,2026100806,35,70,-35,74
AP13,2026100712,24,2026100812,42,75,-33,98
AP13,2026100712,30,2026100818,39,80,-41,120
AP13,2026100712,36,2026100900,42,85,-43,125
AP13,2026100712,42,2026100906,45,90,-45,155
AP13,2026100712,48,2026100912,47,105,-58,171
AP14,2026100712,6,2026100718,28,50,-22,35
AP14,2026100712,12,2026100800,29,60,-31,57
AP14,2026100712,18,2026100806,28,70,-42,78
AP14,2026100712,24,2026100812,36,75,-39,85
AP14,2026100712,30,2026100818,37,80,-43,107
AP14,2026100712,36,2026100900,36,85,-49,123
AP14,2026100712,42,2026100906,33,90,-57,187
AP14,2026100712,48,2026100912,35,105,-70,216
AP15,2026100712,6,2026100718,31,50,-19,8
AP15,2026100712,12,2026100800,32,60,-28,6
AP15,2026100712,18,2026100806,35,70,-35,33
AP15,2026100712,24,2026100812,44,75,-31,61
AP15,2026100712,30,2026100818,41,80,-39,68
AP15,2026100712,36,2026100900,38,85,-47,90
AP15,2026100712,42,2026100906,41,90,-49,123
AP15,2026100712,48,2026100912,41,105,-64,140
AP16,2026100712,6,2026100718,35,50,-15,23
AP16,2026100712,12,2026100800,46,60,-14,23
AP16,2026100712,18,2026100806,54,70,-16,17
AP16,2026100712,24,2026100812,61,75,-14,23
AP16,2026100712,30,2026100818,62,80,-18,39
AP16,2026100712,36,2026100900,61,85,-24,38
AP16,2026100712,42,2026100906,66,90,-24,38
AP16,2026100712,48,2026100912,66,105,-39,32
AP17,2026100712,6,2026100718,32,50,-18,25
AP17,2026100712,12,2026100800,36,60,-24,32
AP17,2026100712,18,2026100806,39,70,-31,61
AP17,2026100712,24,2026100812,39,75,-36,79
AP17,2026100712,30,2026100818,36,80,-44,111
AP17,2026100712,36,2026100900,40,85,-45,158
AP17,2026100712,42,2026100906,41,90,-49,217
AP17,2026100712,48,2026100912,44,105,-61,274
AP18,2026100712,6,2026100718,33,50,-17,36
AP18,2026100712,12,2026100800,44,60,-16,38
AP18,2026100712,18,2026100806,45,70,-25,62
AP18,2026100712,24,2026100812,47,75,-28,82
AP18,2026100712,30,2026100818,49,80,-31,110
AP18,2026100712,36,2026100900,52,85,-33,139
AP18,2026100712,42,2026100906,56,90,-34,171
AP18,2026100712,48,2026100912,62,105,-43,190
AP19,2026100712,6,2026100718,40,50,-10,16
AP19,2026100712,12,2026100800,43,60,-17,8
AP19,2026100712,18,2026100806,52,70,-18,6
AP19,2026100712,24,2026100812,53,75,-22,13
AP19,2026100712,30,2026100818,63,80,-17,13
AP19,2026100712,36,2026100900,58,85,-27,8
AP19,2026100712,42,2026100906,58,90,-32,16
AP19,2026100712,48,2026100912,63,105,-42,40
AP20,2026100712,6,2026100718,26,50,-24,16
AP20,2026100712,12,2026100800,34,60,-26,28
AP20,2026100712,18,2026100806,38,70,-32,25
AP20,2026100712,24,2026100812,41,75,-34,25
AP20,2026100712,30,2026100818,39,80,-41,53
AP20,2026100712,36,2026100900,42,85,-43,71
AP20,2026100712,42,2026100906,43,90,-47,100
AP20,2026100712,48,2026100912,48,105,-57,123
AP21,2026100712,6,2026100718,27,50,-23,21
AP21,2026100712,12,2026100800,28,60,-32,37
AP21,2026100712,18,2026100806,28,70,-42,57
AP21,2026100712,24,2026100812,41,75,-34,73
AP21,2026100712,30,2026100818,41,80,-39,69
AP21,2026100712,36,2026100900,41,85,-44,86
AP21,2026100712,42,2026100906,44,90,-46,110
AP21,2026100712,48,2026100912,45,105,-60,126
AP22,2026100712,6,2026100718,36,50,-14,11
AP22,2026100712,12,2026100800,36,60,-24,6
AP22,2026100712,18,2026100806,48,70,-22,17
AP22,2026100712,24,2026100812,52,75,-23,23
AP22,2026100712,30,2026100818,56,80,-24,27
AP22,2026100712,36,2026100900,49,85,-36,27
AP22,2026100712,42,2026100906,55,90,-35,33
AP22,2026100712,48,2026100912,60,105,-45,50
AP23,2026100712,6,2026100718,35,50,-15,31
AP23,2026100712,12,2026100800,35,60,-25,37
AP23,2026100712,18,2026100806,36,70,-34,57
AP23,2026100712,24,2026100812,41,75,-34,60
AP23,2026100712,30,2026100818,46,80,-34,75
AP23,2026100712,36,2026100900,46,85,-39,80
AP23,2026100712,42,2026100906,44,90,-46,97
AP23,2026100712,48,2026100912,54,105,-51,104
AP24,2026100712,6,2026100718,25,50,-25,23
AP24,2026100712,12,2026100800,29,60,-31,57
AP24,2026100712,18,2026100806,27,70,-43,98
AP24,2026100712,24,2026100812,28,75,-47,89
AP24,2026100712,30,2026100818,30,80,-50,107
AP24,2026100712,36,2026100900,29,85,-56,127
AP24,2026100712,42,2026100906,31,90,-59,153
AP24,2026100712,48,2026100912,32,105,-73,190
AP25,2026100712,6,2026100718,30,50,-20,38
AP25,2026100712,12,2026100800,35,60,-25,43
AP25,2026100712,18,2026100806,46,70,-24,38
AP25,2026100712,24,2026100812,49,75,-26,49
AP25,2026100712,30,2026100818,52,80,-28,65
AP25,2026100712,36,2026100900,50,85,-35,93
AP25,2026100712,42,2026100906,54,90,-36,125
AP25,2026100712,48,2026100912,49,105,-56,177
AP26,2026100712,6,2026100718,30,50,-20,21
AP26,2026100712,12,2026100800,32,60,-28,13
AP26,2026100712,18,2026100806,37,70,-33,26
AP26,2026100712,24,2026100812,46,75,-29,42
AP26,2026100712,30,2026100818,42,80,-38,66
AP26,2026100712,36,2026100900,45,85,-40,95
AP26,2026100712,42,2026100906,44,90,-46,134
AP26,2026100712,48,2026100912,50,105,-55,182
AP27,2026100712,6,2026100718,34,50,-16,19
AP27,2026100712,12,2026100800,36,60,-24,24
AP27,2026100712,18,2026100806,44,70,-26,26
AP27,2026100712,24,2026100812,44,75,-31,54
AP27,2026100712,30,2026100818,47,80,-33,65
AP27,2026100712,36,2026100900,46,85,-39,93
AP27,2026100712,42,2026100906,50,90,-40,134
AP27,2026100712,48,2026100912,54,105,-51,167
AP28,2026100712,6,2026100718,35,50,-15,26
AP28,2026100712,12,2026100800,38,60,-22,49
AP28,2026100712,18,2026100806,38,70,-32,91
AP28,2026100712,24,2026100812,44,75,-31,125
AP28,2026100712,30,2026100818,43,80,-37,125
AP28,2026100712,36,2026100900,37,85,-48,181
AP28,2026100712,42,2026100906,39,90,-51,249
AP28,2026100712,48,2026100912,34,105,-71,328
AP29,2026100712,6,2026100718,44,50,-6,26
AP29,2026100712,12,2026100800,45,60,-15,34
AP29,2026100712,18,2026100806,53,70,-17,62
AP29,2026100712,24,2026100812,53,75,-22,75
AP29,2026100712,30,2026100818,47,80,-33,85
AP29,2026100712,36,2026100900,54,85,-31,105
AP29,2026100712,42,2026100906,56,90,-34,129
AP29,2026100712,48,2026100912,57,105,-48,160
AP30,2026100712,6,2026100718,35,50,-15,37
AP30,2026100712,12,2026100800,43,60,-17,57
AP30,2026100712,18,2026100806,49,70,-21,86
AP30,2026100712,24,2026100812,61,75,-14,114
AP30,2026100712,30,2026100818,48,80,-32,142
AP30,2026100712,36,2026100900,57,85,-28,180
AP30,2026100712,42,2026100906,52,90,-38,225
AP30,2026100712,48,2026100912,62,105,-43,274
AVNI,2026100712,12,2026100800,48,60,-12,34
AVNI,2026100712,24,2026100812,61,75,-14,50
AVNI,2026100712,36,2026100900,63,85,-22,66
AVNI,2026100712,48,2026100912,65,105,-40,82
AVNO,2026100712,6,2026100718,33,50,-17,18
AVNO,2026100712,12,2026100800,44,60,-16,16
AVNO,2026100712,18,2026100806,51,70,-19,37
AVNO,2026100712,24,2026100812,59,75,-16,49
AVNO,2026100712,30,2026100818,66,80,-14,45
AVNO,2026100712,36,2026100900,57,85,-28,70
AVNO,2026100712,42,2026100906,61,90,-29,76
AVNO,2026100712,48,2026100912,67,105,-38,79
CEM2,2026100712,12,2026100800,37,60,-23,33
CEM2,2026100712,24,2026100812,40,75,-35,74
CEM2,2026100712,36,2026100900,42,85,-43,130
CEM2,2026100712,48,2026100912,45,105,-60,198
CEMN,2026100712,6,2026100718,31,50,-19,13
CEMN,2026100712,12,2026100800,34,60,-26,30
CEMN,2026100712,18,2026100806,37,70,-33,55
CEMN,2026100712,24,2026100812,41,75,-34,68
CEMN,2026100712,30,2026100818,41,80,-39,83
CEMN,2026100712,36,2026100900,40,85,-45,105
CEMN,2026100712,42,2026100906,42,90,-48,121
CEMN,2026100712,48,2026100912,46,105,-59,152
CMC2,2026100712,12,2026100800,36,60,-24,45
CMC2,2026100712,24,2026100812,41,75,-34,90
CMC2,2026100712,36,2026100900,46,85,-39,158
CMC2,2026100712,48,2026100912,48,105,-57,248
CTCI,2026100712,12,2026100800,63,60,3,45
CTCI,2026100712,24,2026100812,90,75,15,90
CTCI,2026100712,36,2026100900,96,85,11,146
CTCI,2026100712,48,2026100912,76,105,-29,222
CTCX,2026100712,6,2026100718,46,50,-4,8
CTCX,2026100712,12,2026100800,52,60,-8,21
CTCX,2026100712,18,2026100806,88,70,18,41
CTCX,2026100712,24,2026100812,71,75,-4,48
CTCX,2026100712,30,2026100818,96,80,16,70
CTCX,2026100712,36,2026100900,81,85,-4,106
CTCX,2026100712,42,2026100906,90,90,0,131
CTCX,2026100712,48,2026100912,104,105,-1,164
DRCL,2026100712,12,2026100800,50,60,-10,8
DRCL,2026100712,24,2026100812,65,75,-10,13
DRCL,2026100712,36,2026100900,80,85,-5,16
DRCL,2026100712,48,2026100912,95,105,-10,36
DSHP,2026100712,12,2026100800,45,60,-15,29
DSHP,2026100712,24,2026100812,57,75,-18,13
DSHP,2026100712,36,2026100900,66,85,-19,16
DSHP,2026100712,48,2026100912,71,105,-34,52
GDMI,2026100712,12,2026100800,49,60,-11,6
GDMI,2026100712,24,2026100812,64,75,-11,8
GDMI,2026100712,36,2026100900,78,85,-7,13
GDMI,2026100712,48,2026100912,84,105,-21,25
GDMN,2026100712,6,2026100718,56,50,6,16
GDMN,2026100712,12,2026100800,63,60,3,19
GDMN,2026100712,18,2026100806,68,70,-2,6
GDMN,2026100712,24,2026100812,72,75,-3,11
GDMN,2026100712,30,2026100818,83,80,3,11
GDMN,2026100712,36,2026100900,88,85,3,13
GDMN,2026100712,42,2026100906,88,90,-2,18
GDMN,2026100712,48,2026100912,94,105,-11,25
HCCA,2026100712,12,2026100800,50,60,-10,8
HCCA,2026100712,24,2026100812,71,75,-4,16
HCCA,2026100712,36,2026100900,86,85,1,29
HCCA,2026100712,48,2026100912,93,105,-12,50
HFAI,2026100712,12,2026100800,49,60,-11,37
HFAI,2026100712,24,2026100812,69,75,-6,65
HFAI,2026100712,36,2026100900,80,85,-5,114
HFAI,2026100712,48,2026100912,79,105,-26,171
HFBI,2026100712,12,2026100800,50,60,-10,40
HFBI,2026100712,24,2026100812,71,75,-4,66
HFBI,2026100712,36,2026100900,83,85,-2,102
HFBI,2026100712,48,2026100912,84,105,-21,150
HFSA,2026100712,6,2026100718,42,50,-8,19
HFSA,2026100712,12,2026100800,46,60,-14,21
HFSA,2026100712,18,2026100806,68,70,-2,29
HFSA,2026100712,24,2026100812,79,75,4,41
HFSA,2026100712,30,2026100818,76,80,-4,57
HFSA,2026100712,36,2026100900,71,85,-14,66
HFSA,2026100712,42,2026100906,74,90,-16,77
HFSA,2026100712,48,2026100912,71,105,-34,89
HFSB,2026100712,6,2026100718,41,50,-9,18
HFSB,2026100712,12,2026100800,46,60,-14,21
HFSB,2026100712,18,2026100806,67,70,-3,26
HFSB,2026100712,24,2026100812,61,75,-14,41
HFSB,2026100712,30,2026100818,68,80,-12,57
HFSB,2026100712,36,2026100900,77,85,-8,70
HFSB,2026100712,42,2026100906,63,90,-27,94
HFSB,2026100712,48,2026100912,84,105,-21,112
HMNI,2026100712,12,2026100800,48,60,-12,41
HMNI,2026100712,24,2026100812,68,75,-7,69
HMNI,2026100712,36,2026100900,90,85,5,107
HMNI,2026100712,48,2026100912,101,105,-4,145
HMON,2026100712,6,2026100718,37,50,-13,21
HMON,2026100712,12,2026100800,41,60,-19,45
HMON,2026100712,18,2026100806,44,70,-26,63
HMON,2026100712,24,2026100812,73,75,-2,41
HMON,2026100712,30,2026100818,71,80,-9,49
HMON,2026100712,36,2026100900,62,85,-23,73
HMON,2026100712,42,2026100906,72,90,-18,84
HMON,2026100712,48,2026100912,74,105,-31,73
HWFI,2026100712,12,2026100800,52,60,-8,16
HWFI,2026100712,24,2026100812,65,75,-10,30
HWFI,2026100712,36,2026100900,76,85,-9,61
HWFI,2026100712,48,2026100912,92,105,-13,80
HWRF,2026100712,6,2026100718,48,50,-2,19
HWRF,2026100712,12,2026100800,62,60,2,16
HWRF,2026100712,18,2026100806,63,70,-7,19
HWRF,2026100712,24,2026100812,75,75,0,18
HWRF,2026100712,30,2026100818,75,80,-5,25
HWRF,2026100712,36,2026100900,75,85,-10,41
HWRF,2026100712,42,2026100906,87,90,-3,47
HWRF,2026100712,48,2026100912,92,105,-13,44
IVCN,2026100712,12,2026100800,50,60,-10,
IVCN,2026100712,24,2026100812,67,75,-8,
IVCN,2026100712,36,2026100900,78,85,-7,
IVCN,2026100712,48,2026100912,81,105,-24,
LGEM,2026100712,12,2026100800,41,60,-19,29
LGEM,2026100712,24,2026100812,48,75,-27,13
LGEM,2026100712,36,2026100900,54,85,-31,16
LGEM,2026100712,48,2026100912,57,105,-48,52
NGX2,2026100712,12,2026100800,35,60,-25,45
NGX2,2026100712,24,2026100812,41,75,-34,86
NGX2,2026100712,36,2026100900,52,85,-33,152
NGX2,2026100712,48,2026100912,61,105,-44,238
NNIB,2026100712,12,2026100800,45,60,-15,63
NNIB,2026100712,24,2026100812,58,75,-17,129
NNIB,2026100712,36,2026100900,65,85,-20,191
NNIB,2026100712,48,2026100912,71,105,-34,287
NNIC,2026100712,12,2026100800,47,60,-13,63
NNIC,2026100712,24,2026100812,65,75,-10,129
NNIC,2026100712,36,2026100900,75,85,-10,191
NNIC,2026100712,48,2026100912,79,105,-26,287
NVGI,2026100712,12,2026100800,36,60,-24,37
NVGI,2026100712,24,2026100812,45,75,-30,65
NVGI,2026100712,36,2026100900,62,85,-23,101
NVGI,2026100712,48,2026100912,75,105,-30,153
NVGM,2026100712,6,2026100718,31,50,-19,48
NVGM,2026100712,12,2026100800,30,60,-30,51
NVGM,2026100712,18,2026100806,35,70,-35,78
NVGM,2026100712,24,2026100812,39,75,-36,94
NVGM,2026100712,30,2026100818,45,80,-35,121
NVGM,2026100712,36,2026100900,52,85,-33,158
NVGM,2026100712,42,2026100906,58,90,-32,190
NVGM,2026100712,48,2026100912,68,105,-37,218
OCD5,2026100712,12,2026100800,42,60,-18,30
OCD5,2026100712,24,2026100812,50,75,-25,74
OCD5,2026100712,36,2026100900,54,85,-31,130
OCD5,2026100712,48,2026100912,57,105,-48,193
OFCI,2026100712,12,2026100800,50,60,-10,12
OFCI,2026100712,24,2026100812,64,75,-11,11
OFCI,2026100712,36,2026100900,78,85,-7,17
OFCI,2026100712,48,2026100912,83,105,-22,46
OFCL,2026100712,12,2026100800,50,60,-10,6
OFCL,2026100712,24,2026100812,65,75,-10,11
OFCL,2026100712,36,2026100900,80,85,-5,16
OFCL,2026100712,48,2026100912,95,105,-10,36
RVCN,2026100712,12,2026100800,50,60,-10,29
RVCN,2026100712,24,2026100812,65,75,-10,53
RVCN,2026100712,36,2026100900,65,85,-20,89
RVCN,2026100712,48,2026100912,65,105,-40,130
SHF5,2026100712,12,2026100800,42,60,-18,
SHF5,2026100712,24,2026100812,50,75,-25,
SHF5,2026100712,36,2026100900,54,85,-31,
SHF5,2026100712,48,2026100912,57,105,-48,
SHIP,2026100712,12,2026100800,45,60,-15,29
SHIP,2026100712,24,2026100812,57,75,-18,13
SHIP,2026100712,36,2026100900,66,85,-19,16
SHIP,2026100712,48,2026100912,71,105,-34,52
TCLP,2026100712,12,2026100800,39,60,-21,37
TCLP,2026100712,24,2026100812,41,75,-34,93
TCLP,2026100712,36,2026100900,43,85,-42,177
TCLP,2026100712,48,2026100912,44,105,-61,286
UKX2,2026100712,12,2026100800,38,60,-22,33
UKX2,2026100712,24,2026100812,42,75,-33,73
UKX2,2026100712,36,2026100900,45,85,-40,103
UKX2,2026100712,48,2026100912,53,105,-52,123
AC00,2026100718,6,2026100800,38,60,-22,29
AC00,2026100718,12,2026100806,36,70,-34,55
AC00,2026100718,18,2026100812,44,75,-31,65
AC00,2026100718,24,2026100818,48,80,-32,87
AC00,2026100718,30,2026100900,47,85,-38,95
AC00,2026100718,36,2026100906,53,90,-37,124
AC00,2026100718,42,2026100912,53,105,-52,139
AEMI,2026100718,12,2026100806,56,70,-14,33
AEMI,2026100718,24,2026100818,60,80,-20,58
AEMI,2026100718,36,2026100906,63,90,-27,109
AEMN,2026100718,6,2026100800,39,60,-21,25
AEMN,2026100718,12,2026100806,39,70,-31,54
AEMN,2026100718,18,2026100812,43,75,-32,62
AEMN,2026100718,24,2026100818,45,80,-35,70
AEMN,2026100718,30,2026100900,44,85,-41,92
AEMN,2026100718,36,2026100906,47,90,-43,118
AEMN,2026100718,42,2026100912,50,105,-55,143
AP01,2026100718,6,2026100800,32,60,-28,37
AP01,2026100718,12,2026100806,31,70,-39,66
AP01,2026100718,18,2026100812,40,75,-35,42
AP01,2026100718,24,2026100818,44,80,-36,45
AP01,2026100718,30,2026100900,42,85,-43,38
AP01,2026100718,36,2026100906,46,90,-44,48
AP01,2026100718,42,2026100912,53,105,-52,38
AP02,2026100718,6,2026100800,45,60,-15,13
AP02,2026100718,12,2026100806,49,70,-21,37
AP02,2026100718,18,2026100812,54,75,-21,66
AP02,2026100718,24,2026100818,49,80,-31,69
AP02,2026100718,30,2026100900,55,85,-30,92
AP02,2026100718,36,2026100906,58,90,-32,108
AP02,2026100718,42,2026100912,61,105,-44,132
AP03,2026100718,6,2026100800,39,60,-21,33
AP03,2026100718,12,2026100806,41,70,-29,45
AP03,2026100718,18,2026100812,44,75,-31,61
AP03,2026100718,24,2026100818,45,80,-35,46
AP03,2026100718,30,2026100900,44,85,-41,45
AP03,2026100718,36,2026100906,47,90,-43,53
AP03,2026100718,42,2026100912,55,105,-50,42
AP04,2026100718,6,2026100800,37,60,-23,48
AP04,2026100718,12,2026100806,29,70,-41,104
AP04,2026100718,18,2026100812,31,75,-44,116
AP04,2026100718,24,2026100818,31,80,-49,114
AP04,2026100718,30,2026100900,32,85,-53,131
AP04,2026100718,36,2026100906,34,90,-56,190
AP04,2026100718,42,2026100912,42,105,-63,219
AP05,2026100718,6,2026100800,35,60,-25,49
AP05,2026100718,12,2026100806,37,70,-33,72
AP05,2026100718,18,2026100812,49,75,-26,85
AP05,2026100718,24,2026100818,54,80,-26,96
AP05,2026100718,30,2026100900,50,85,-35,142
AP05,2026100718,36,2026100906,55,90,-35,168
AP05,2026100718,42,2026100912,55,105,-50,201
AP06,2026100718,6,2026100800,34,60,-26,16
AP06,2026100718,12,2026100806,37,70,-33,61
AP06,2026100718,18,2026100812,44,75,-31,89
AP06,2026100718,24,2026100818,38,80,-42,107
AP06,2026100718,30,2026100900,38,85,-47,152
AP06,2026100718,36,2026100906,40,90,-50,205
AP06,2026100718,42,2026100912,44,105,-61,242
AP07,2026100718,6,2026100800,48,60,-12,8
AP07,2026100718,12,2026100806,39,70,-31,40
AP07,2026100718,18,2026100812,40,75,-35,41
AP07,2026100718,24,2026100818,44,80,-36,50
AP07,2026100718,30,2026100900,52,85,-33,61
AP07,2026100718,36,2026100906,47,90,-43,87
AP07,2026100718,42,2026100912,51,105,-54,126
AP08,2026100718,6,2026100800,36,60,-24,49
AP08,2026100718,12,2026100806,31,70,-39,83
AP08,2026100718,18,2026100812,40,75,-35,77
AP08,2026100718,24,2026100818,46,80,-34,89
AP08,2026100718,30,2026100900,40,85,-45,136
AP08,2026100718,36,2026100906,43,90,-47,166
AP08,2026100718,42,2026100912,48,105,-57,201
AP09,2026100718,6,2026100800,42,60,-18,37
AP09,2026100718,12,2026100806,48,70,-22,55
AP09,2026100718,18,2026100812,50,75,-25,58
AP09,2026100718,24,2026100818,59,80,-21,53
AP09,2026100718,30,2026100900,54,85,-31,66
AP09,2026100718,36,2026100906,59,90,-31,58
AP09,2026100718,42,2026100912,60,105,-45,76
AP10,2026100718,6,2026100800,36,60,-24,58
AP10,2026100718,12,2026100806,30,70,-40,102
AP10,2026100718,18,2026100812,35,75,-40,107
AP10,2026100718,24,2026100818,49,80,-31,135
AP10,2026100718,30,2026100900,39,85,-46,158
AP10,2026100718,36,2026100906,38,90,-52,210
AP10,2026100718,42,2026100912,43,105,-62,249
AP11,2026100718,6,2026100800,38,60,-22,6
AP11,2026100718,12,2026100806,41,70,-29,37
AP11,2026100718,18,2026100812,42,75,-33,65
AP11,2026100718,24,2026100818,43,80,-37,70
AP11,2026100718,30,2026100900,42,85,-43,95
AP11,2026100718,36,2026100906,38,90,-52,124
AP11,2026100718,42,2026100912,43,105,-62,153
AP12,2026100718,6,2026100800,39,60,-21,25
AP12,2026100718,12,2026100806,36,70,-34,65
AP12,2026100718,18,2026100812,38,75,-37,77
AP12,2026100718,24,2026100818,33,80,-47,57
AP12,2026100718,30,2026100900,36,85,-49,44
AP12,2026100718,36,2026100906,40,90,-50,77
AP12,2026100718,42,2026100912,42,105,-63,113
AP13,2026100718,6,2026100800,40,60,-20,33
AP13,2026100718,12,2026100806,39,70,-31,53
AP13,2026100718,18,2026100812,39,75,-36,58
AP13,2026100718,24,2026100818,44,80,-36,71
AP13,2026100718,30,2026100900,45,85,-40,90
AP13,2026100718,36,2026100906,46,90,-44,111
AP13,2026100718,42,2026100912,49,105,-56,126
AP14,2026100718,6,2026100800,42,60,-18,25
AP14,2026100718,12,2026100806,45,70,-25,8
AP14,2026100718,18,2026100812,41,75,-34,25
AP14,2026100718,24,2026100818,42,80,-38,32
AP14,2026100718,30,2026100900,41,85,-44,67
AP14,2026100718,36,2026100906,47,90,-43,72
AP14,2026100718,42,2026100912,45,105,-60,100
AP15,2026100718,6,2026100800,42,60,-18,25
AP15,2026100718,12,2026100806,46,70,-24,49
AP15,2026100718,18,2026100812,54,75,-21,55
AP15,2026100718,24,2026100818,51,80,-29,42
AP15,2026100718,30,2026100900,58,85,-27,49
AP15,2026100718,36,2026100906,52,90,-38,72
AP15,2026100718,42,2026100912,63,105,-42,113
AP16,2026100718,6,2026100800,46,60,-14,13
AP16,2026100718,12,2026100806,48,70,-22,18
AP16,2026100718,18,2026100812,53,75,-22,13
AP16,2026100718,24,2026100818,66,80,-14,21
AP16,2026100718,30,2026100900,56,85,-29,30
AP16,2026100718,36,2026100906,61,90,-29,54
AP16,2026100718,42,2026100912,70,105,-35,60
AP17,2026100718,6,2026100800,44,60,-16,45
AP17,2026100718,12,2026100806,32,70,-38,78
AP17,2026100718,18,2026100812,38,75,-37,78
AP17,2026100718,24,2026100818,48,80,-32,93
AP17,2026100718,30,2026100900,43,85,-42,120
AP17,2026100718,36,2026100906,40,90,-50,162
AP17,2026100718,42,2026100912,39,105,-66,215
AP18,2026100718,6,2026100800,32,60,-28,8
AP18,2026100718,12,2026100806,36,70,-34,45
AP18,2026100718,18,2026100812,37,75,-38,70
AP18,2026100718,24,2026100818,36,80,-44,66
AP18,2026100718,30,2026100900,37,85,-48,95
AP18,2026100718,36,2026100906,40,90,-50,100
AP18,2026100718,42,2026100912,47,105,-58,139
AP19,2026100718,6,2026100800,36,60,-24,0
AP19,2026100718,12,2026100806,36,70,-34,33
AP19,2026100718,18,2026100812,41,75,-34,50
AP19,2026100718,24,2026100818,41,80,-39,53
AP19,2026100718,30,2026100900,40,85,-45,37
AP19,2026100718,36,2026100906,43,90,-47,57
AP19,2026100718,42,2026100912,44,105,-61,77
AP20,2026100718,6,2026100800,31,60,-29,33
AP20,2026100718,12,2026100806,31,70,-39,54
AP20,2026100718,18,2026100812,49,75,-26,65
AP20,2026100718,24,2026100818,42,80,-38,79
AP20,2026100718,30,2026100900,39,85,-46,79
AP20,2026100718,36,2026100906,43,90,-47,102
AP20,2026100718,42,2026100912,40,105,-65,149
AP21,2026100718,6,2026100800,33,60,-27,16
AP21,2026100718,12,2026100806,45,70,-25,29
AP21,2026100718,18,2026100812,42,75,-33,61
AP21,2026100718,24,2026100818,46,80,-34,65
AP21,2026100718,30,2026100900,48,85,-37,82
AP21,2026100718,36,2026100906,46,90,-44,113
AP21,2026100718,42,2026100912,48,105,-57,144
AP22,2026100718,6,2026100800,40,60,-20,19
AP22,2026100718,12,2026100806,42,70,-28,43
AP22,2026100718,18,2026100812,45,75,-30,58
AP22,2026100718,24,2026100818,41,80,-39,82
AP22,2026100718,30,2026100900,45,85,-40,106
AP22,2026100718,36,2026100906,50,90,-40,137
AP22,2026100718,42,2026100912,51,105,-54,157
AP23,2026100718,6,2026100800,42,60,-18,33
AP23,2026100718,12,2026100806,36,70,-34,67
AP23,2026100718,18,2026100812,48,75,-27,86
AP23,2026100718,24,2026100818,44,80,-36,106
AP23,2026100718,30,2026100900,47,85,-38,130
AP23,2026100718,36,2026100906,56,90,-34,145
AP23,2026100718,42,2026100912,57,105,-48,173
AP24,2026100718,6,2026100800,37,60,-23,32
AP24,2026100718,12,2026100806,32,70,-38,72
AP24,2026100718,18,2026100812,37,75,-38,55
AP24,2026100718,24,2026100818,39,80,-41,66
AP24,2026100718,30,2026100900,36,85,-49,90
AP24,2026100718,36,2026100906,51,90,-39,97
AP24,2026100718,42,2026100912,51,105,-54,116
AP25,2026100718,6,2026100800,32,60,-28,43
AP25,2026100718,12,2026100806,31,70,-39,77
AP25,2026100718,18,2026100812,40,75,-35,83
AP25,2026100718,24,2026100818,41,80,-39,112
AP25,2026100718,30,2026100900,44,85,-41,136
AP25,2026100718,36,2026100906,47,90,-43,183
AP25,2026100718,42,2026100912,50,105,-55,209
AP26,2026100718,6,2026100800,41,60,-19,33
AP26,2026100718,12,2026100806,47,70,-23,50
AP26,2026100718,18,2026100812,50,75,-25,70
AP26,2026100718,24,2026100818,49,80,-31,76
AP26,2026100718,30,2026100900,51,85,-34,102
AP26,2026100718,36,2026100906,58,90,-32,113
AP26,2026100718,42,2026100912,60,105,-45,118
AP27,2026100718,6,2026100800,39,60,-21,16
AP27,2026100718,12,2026100806,38,70,-32,55
AP27,2026100718,18,2026100812,46,75,-29,58
AP27,2026100718,24,2026100818,46,80,-34,74
AP27,2026100718,30,2026100900,44,85,-41,103
AP27,2026100718,36,2026100906,44,90,-46,133
AP27,2026100718,42,2026100912,51,105,-54,167
AP28,2026100718,6,2026100800,39,60,-21,40
AP28,2026100718,12,2026100806,47,70,-23,74
AP28,2026100718,18,2026100812,42,75,-33,93
AP28,2026100718,24,2026100818,42,80,-38,103
AP28,2026100718,30,2026100900,44,85,-41,137
AP28,2026100718,36,2026100906,49,90,-41,187
AP28,2026100718,42,2026100912,50,105,-55,245
AP29,2026100718,6,2026100800,37,60,-23,43
AP29,2026100718,12,2026100806,36,70,-34,70
AP29,2026100718,18,2026100812,40,75,-35,94
AP29,2026100718,24,2026100818,48,80,-32,113
AP29,2026100718,30,2026100900,37,85,-48,138
AP29,2026100718,36,2026100906,37,90,-53,182
AP29,2026100718,42,2026100912,36,105,-69,217
AP30,2026100718,6,2026100800,44,60,-16,17
AP30,2026100718,12,2026100806,42,70,-28,37
AP30,2026100718,18,2026100812,52,75,-23,45
AP30,2026100718,24,2026100818,48,80,-32,45
AP30,2026100718,30,2026100900,43,85,-42,53
AP30,2026100718,36,2026100906,47,90,-43,57
AP30,2026100718,42,2026100912,53,105,-52,57
AVNI,2026100718,12,2026100806,60,70,-10,30
AVNI,2026100718,24,2026100818,68,80,-12,46
AVNI,2026100718,36,2026100906,69,90,-21,60
AVNO,2026100718,6,2026100800,48,60,-12,21
AVNO,2026100718,12,2026100806,59,70,-11,45
AVNO,2026100718,18,2026100812,57,75,-18,57
AVNO,2026100718,24,2026100818,58,80,-22,65
AVNO,2026100718,30,2026100900,56,85,-29,87
AVNO,2026100718,36,2026100906,59,90,-31,100
AVNO,2026100718,42,2026100912,64,105,-41,108
CEMI,2026100718,12,2026100806,55,70,-15,34
CEMI,2026100718,24,2026100818,59,80,-21,63
CEMI,2026100718,36,2026100906,61,90,-29,101
CMCI,2026100718,12,2026100806,56,70,-14,35
CMCI,2026100718,24,2026100818,62,80,-18,68
CMCI,2026100718,36,2026100906,67,90,-23,109
CTCI,2026100718,12,2026100806,75,70,5,35
CTCI,2026100718,24,2026100818,87,80,7,65
CTCI,2026100718,36,2026100906,94,90,4,122
CTCX,2026100718,6,2026100800,52,60,-8,18
CTCX,2026100718,12,2026100806,54,70,-16,38
CTCX,2026100718,18,2026100812,65,75,-10,48
CTCX,2026100718,24,2026100818,70,80,-10,66
CTCX,2026100718,30,2026100900,75,85,-10,81
CTCX,2026100718,36,2026100906,67,90,-23,79
CTCX,2026100718,42,2026100912,86,105,-19,92
DRCL,2026100718,12,2026100806,65,70,-5,17
DRCL,2026100718,24,2026100818,80,80,0,20
DRCL,2026100718,36,2026100906,90,90,0,16
DSHP,2026100718,12,2026100806,63,70,-7,13
DSHP,2026100718,24,2026100818,76,80,-4,18
DSHP,2026100718,36,2026100906,80,90,-10,20
GDM2,2026100718,12,2026100806,63,70,-7,11
GDM2,2026100718,24,2026100818,77,80,-3,13
GDM2,2026100718,36,2026100906,87,90,-3,13
GDMI,2026100718,12,2026100806,68,70,-2,18
GDMI,2026100718,24,2026100818,80,80,0,18
GDMI,2026100718,36,2026100906,89,90,-1,16
GDMN,2026100718,6,2026100800,61,60,1,8
GDMN,2026100718,12,2026100806,64,70,-6,8
GDMN,2026100718,18,2026100812,73,75,-2,8
GDMN,2026100718,24,2026100818,83,80,3,0
GDMN,2026100718,30,2026100900,89,85,4,8
GDMN,2026100718,36,2026100906,95,90,5,12
GDMN,2026100718,42,2026100912,99,105,-6,19
HCCA,2026100718,12,2026100806,68,70,-2,11
HCCA,2026100718,24,2026100818,82,80,2,18
HCCA,2026100718,36,2026100906,84,90,-6,20
HFAI,2026100718,12,2026100806,68,70,-2,23
HFAI,2026100718,24,2026100818,77,80,-3,44
HFAI,2026100718,36,2026100906,74,90,-16,65
HFBI,2026100718,12,2026100806,64,70,-6,23
HFBI,2026100718,24,2026100818,71,80,-9,46
HFBI,2026100718,36,2026100906,74,90,-16,77
HFSA,2026100718,6,2026100800,73,60,13,13
HFSA,2026100718,12,2026100806,79,70,9,29
HFSA,2026100718,18,2026100812,90,75,15,50
HFSA,2026100718,24,2026100818,70,80,-10,68
HFSA,2026100718,30,2026100900,68,85,-17,77
HFSA,2026100718,36,2026100906,62,90,-28,101
HFSA,2026100718,42,2026100912,83,105,-22,109
HFSB,2026100718,6,2026100800,54,60,-6,8
HFSB,2026100718,12,2026100806,70,70,0,24
HFSB,2026100718,18,2026100812,78,75,3,50
HFSB,2026100718,24,2026100818,84,80,4,70
HFSB,2026100718,30,2026100900,78,85,-7,93
HFSB,2026100718,36,2026100906,65,90,-25,113
HFSB,2026100718,42,2026100912,81,105,-24,129
HMNI,2026100718,12,2026100806,63,70,-7,29
HMNI,2026100718,24,2026100818,76,80,-4,33
HMNI,2026100718,36,2026100906,78,90,-12,49
HMON,2026100718,6,2026100800,54,60,-6,21
HMON,2026100718,12,2026100806,100,70,30,37
HMON,2026100718,18,2026100812,63,75,-12,28
HMON,2026100718,24,2026100818,71,80,-9,35
HMON,2026100718,30,2026100900,72,85,-13,42
HMON,2026100718,36,2026100906,74,90,-16,40
HMON,2026100718,42,2026100912,96,105,-9,36
HWFI,2026100718,12,2026100806,66,70,-4,11
HWFI,2026100718,24,2026100818,75,80,-5,25
HWFI,2026100718,36,2026100906,86,90,-4,28
HWRF,2026100718,6,2026100800,54,60,-6,13
HWRF,2026100718,12,2026100806,62,70,-8,21
HWRF,2026100718,18,2026100812,57,75,-18,18
HWRF,2026100718,24,2026100818,57,80,-23,25
HWRF,2026100718,30,2026100900,59,85,-26,33
HWRF,2026100718,36,2026100906,75,90,-15,48
HWRF,2026100718,42,2026100912,80,105,-25,57
IVCN,2026100718,12,2026100806,67,70,-3,
IVCN,2026100718,24,2026100818,77,80,-3,
IVCN,2026100718,36,2026100906,82,90,-8,
LGEM,2026100718,12,2026100806,63,70,-7,13
LGEM,2026100718,24,2026100818,71,80,-9,18
LGEM,2026100718,36,2026100906,76,90,-14,20
NNIB,2026100718,12,2026100806,63,70,-7,57
NNIB,2026100718,24,2026100818,72,80,-8,118
NNIB,2026100718,36,2026100906,75,90,-15,194
NNIC,2026100718,12,2026100806,67,70,-3,57
NNIC,2026100718,24,2026100818,79,80,-1,118
NNIC,2026100718,36,2026100906,80,90,-10,194
NVG2,2026100718,12,2026100806,54,70,-16,38
NVG2,2026100718,24,2026100818,68,80,-12,65
NVG2,2026100718,36,2026100906,84,90,-6,106
NVGM,2026100718,6,2026100800,33,60,-27,21
NVGM,2026100718,12,2026100806,34,70,-36,70
NVGM,2026100718,18,2026100812,42,75,-33,90
NVGM,2026100718,24,2026100818,46,80,-34,118
NVGM,2026100718,30,2026100900,54,85,-31,144
NVGM,2026100718,36,2026100906,58,90,-32,187
NVGM,2026100718,42,2026100912,71,105,-34,242
OCD5,2026100718,12,2026100806,60,70,-10,39
OCD5,2026100718,24,2026100818,68,80,-12,77
OCD5,2026100718,36,2026100906,72,90,-18,119
OFCI,2026100718,12,2026100806,65,70,-5,18
OFCI,2026100718,24,2026100818,79,80,-1,28
OFCI,2026100718,36,2026100906,93,90,3,27
OFCL,2026100718,12,2026100806,70,70,0,17
OFCL,2026100718,24,2026100818,80,80,0,20
OFCL,2026100718,36,2026100906,90,90,0,16
RI25,2026100718,12,2026100806,63,70,-7,
RI25,2026100718,24,2026100818,75,80,-5,
RVCN,2026100718,12,2026100806,65,70,-5,23
RVCN,2026100718,24,2026100818,65,80,-15,46
RVCN,2026100718,36,2026100906,65,90,-25,72
SHF5,2026100718,12,2026100806,60,70,-10,
SHF5,2026100718,24,2026100818,68,80,-12,
SHF5,2026100718,36,2026100906,72,90,-18,
SHIP,2026100718,12,2026100806,63,70,-7,13
SHIP,2026100718,24,2026100818,76,80,-4,18
SHIP,2026100718,36,2026100906,80,90,-10,20
TCLP,2026100718,12,2026100806,60,70,-10,34
TCLP,2026100718,24,2026100818,64,80,-16,84
TCLP,2026100718,36,2026100906,64,90,-26,158
UKXI,2026100718,12,2026100806,52,70,-18,50
UKXI,2026100718,24,2026100818,59,80,-21,75
UKXI,2026100718,36,2026100906,66,90,-24,115
CMC,2026100800,6,2026100806,43,70,-27,11
CMC,2026100800,12,2026100812,52,75,-23,33
CMC,2026100800,18,2026100818,48,80,-32,50
CMC,2026100800,24,2026100900,49,85,-36,67
CMC,2026100800,30,2026100906,48,90,-42,77
CMC,2026100800,36,2026100912,49,105,-56,113
NGX,2026100800,6,2026100806,31,70,-39,29
NGX,2026100800,12,2026100812,39,75,-36,37
NGX,2026100800,18,2026100818,43,80,-37,58
NGX,2026100800,24,2026100900,48,85,-37,81
NGX,2026100800,30,2026100906,53,90,-37,108
NGX,2026100800,36,2026100912,63,105,-42,132
UKX,2026100800,6,2026100806,41,70,-29,33
UKX,2026100800,12,2026100812,43,75,-32,45
UKX,2026100800,18,2026100818,46,80,-34,61
UKX,2026100800,24,2026100900,47,85,-38,87
UKX,2026100800,30,2026100906,53,90,-37,92
UKX,2026100800,36,2026100912,52,105,-53,97
AC00,2026100800,6,2026100806,40,70,-30,25
AC00,2026100800,12,2026100812,42,75,-33,45
AC00,2026100800,18,2026100818,46,80,-34,53
AC00,2026100800,24,2026100900,45,85,-40,66
AC00,2026100800,30,2026100906,53,90,-37,71
AC00,2026100800,36,2026100912,53,105,-52,90
AEMI,2026100800,12,2026100812,64,75,-11,33
AEMI,2026100800,24,2026100900,68,85,-17,66
AEMI,2026100800,36,2026100912,72,105,-33,114
AEMN,2026100800,6,2026100806,39,70,-31,29
AEMN,2026100800,12,2026100812,42,75,-33,45
AEMN,2026100800,18,2026100818,44,80,-36,58
AEMN,2026100800,24,2026100900,45,85,-40,73
AEMN,2026100800,30,2026100906,48,90,-42,95
AEMN,2026100800,36,2026100912,51,105,-54,117
AP01,2026100800,6,2026100806,43,70,-27,18
AP01,2026100800,12,2026100812,43,75,-32,22
AP01,2026100800,18,2026100818,56,80,-24,11
AP01,2026100800,24,2026100900,52,85,-33,6
AP01,2026100800,30,2026100906,50,90,-40,26
AP01,2026100800,36,2026100912,56,105,-49,36
AP02,2026100800,6,2026100806,42,70,-28,13
AP02,2026100800,12,2026100812,46,75,-29,33
AP02,2026100800,18,2026100818,50,80,-30,49
AP02,2026100800,24,2026100900,55,85,-30,69
AP02,2026100800,30,2026100906,53,90,-37,98
AP02,2026100800,36,2026100912,50,105,-55,137
AP03,2026100800,6,2026100806,36,70,-34,25
AP03,2026100800,12,2026100812,39,75,-36,35
AP03,2026100800,18,2026100818,44,80,-36,38
AP03,2026100800,24,2026100900,47,85,-38,39
AP03,2026100800,30,2026100906,52,90,-38,29
AP03,2026100800,36,2026100912,59,105,-46,47
AP04,2026100800,6,2026100806,39,70,-31,41
AP04,2026100800,12,2026100812,37,75,-38,49
AP04,2026100800,18,2026100818,38,80,-42,68
AP04,2026100800,24,2026100900,40,85,-45,81
AP04,2026100800,30,2026100906,48,90,-42,121
AP04,2026100800,36,2026100912,45,105,-60,161
AP05,2026100800,6,2026100806,31,70,-39,21
AP05,2026100800,12,2026100812,39,75,-36,57
AP05,2026100800,18,2026100818,40,80,-40,50
AP05,2026100800,24,2026100900,45,85,-40,66
AP05,2026100800,30,2026100906,46,90,-44,86
AP05,2026100800,36,2026100912,56,105,-49,104
AP06,2026100800,6,2026100806,39,70,-31,21
AP06,2026100800,12,2026100812,44,75,-31,41
AP06,2026100800,18,2026100818,44,80,-36,53
AP06,2026100800,24,2026100900,46,85,-39,78
AP06,2026100800,30,2026100906,46,90,-44,116
AP06,2026100800,36,2026100912,44,105,-61,159
AP07,2026100800,6,2026100806,46,70,-24,0
AP07,2026100800,12,2026100812,49,75,-26,17
AP07,2026100800,18,2026100818,51,80,-29,16
AP07,2026100800,24,2026100900,44,85,-41,17
AP07,2026100800,30,2026100906,49,90,-41,29
AP07,2026100800,36,2026100912,55,105,-50,48
AP08,2026100800,6,2026100806,36,70,-34,41
AP08,2026100800,12,2026100812,38,75,-37,61
AP08,2026100800,18,2026100818,43,80,-37,74
AP08,2026100800,24,2026100900,50,85,-35,98
AP08,2026100800,30,2026100906,55,90,-35,119
AP08,2026100800,36,2026100912,53,105,-52,156
AP09,2026100800,6,2026100806,38,70,-32,37
AP09,2026100800,12,2026100812,36,75,-39,53
AP09,2026100800,18,2026100818,44,80,-36,61
AP09,2026100800,24,2026100900,41,85,-44,71
AP09,2026100800,30,2026100906,48,90,-42,95
AP09,2026100800,36,2026100912,55,105,-50,134
AP10,2026100800,6,2026100806,50,70,-20,8
AP10,2026100800,12,2026100812,49,75,-26,11
AP10,2026100800,18,2026100818,54,80,-26,16
AP10,2026100800,24,2026100900,54,85,-31,16
AP10,2026100800,30,2026100906,54,90,-36,16
AP10,2026100800,36,2026100912,62,105,-43,48
AP11,2026100800,6,2026100806,40,70,-30,31
AP11,2026100800,12,2026100812,42,75,-33,35
AP11,2026100800,18,2026100818,45,80,-35,56
AP11,2026100800,24,2026100900,51,85,-34,75
AP11,2026100800,30,2026100906,48,90,-42,85
AP11,2026100800,36,2026100912,50,105,-55,104
AP12,2026100800,6,2026100806,41,70,-29,12
AP12,2026100800,12,2026100812,47,75,-28,22
AP12,2026100800,18,2026100818,48,80,-32,44
AP12,2026100800,24,2026100900,50,85,-35,44
AP12,2026100800,30,2026100906,59,90,-31,54
AP12,2026100800,36,2026100912,59,105,-46,66
AP13,2026100800,6,2026100806,41,70,-29,37
AP13,2026100800,12,2026100812,41,75,-34,74
AP13,2026100800,18,2026100818,47,80,-33,86
AP13,2026100800,24,2026100900,47,85,-38,109
AP13,2026100800,30,2026100906,57,90,-33,140
AP13,2026100800,36,2026100912,56,105,-49,179
AP14,2026100800,6,2026100806,30,70,-40,51
AP14,2026100800,12,2026100812,34,75,-41,85
AP14,2026100800,18,2026100818,34,80,-46,85
AP14,2026100800,24,2026100900,32,85,-53,111
AP14,2026100800,30,2026100906,31,90,-59,125
AP14,2026100800,36,2026100912,48,105,-57,120
AP15,2026100800,6,2026100806,37,70,-33,42
AP15,2026100800,12,2026100812,40,75,-35,41
AP15,2026100800,18,2026100818,36,80,-44,65
AP15,2026100800,24,2026100900,34,85,-51,92
AP15,2026100800,30,2026100906,42,90,-48,120
AP15,2026100800,36,2026100912,46,105,-59,139
AP16,2026100800,6,2026100806,42,70,-28,35
AP16,2026100800,12,2026100812,41,75,-34,71
AP16,2026100800,18,2026100818,42,80,-38,94
AP16,2026100800,24,2026100900,37,85,-48,149
AP16,2026100800,30,2026100906,39,90,-51,184
AP16,2026100800,36,2026100912,47,105,-58,222
AP17,2026100800,6,2026100806,40,70,-30,66
AP17,2026100800,12,2026100812,36,75,-39,77
AP17,2026100800,18,2026100818,37,80,-43,85
AP17,2026100800,24,2026100900,37,85,-48,111
AP17,2026100800,30,2026100906,41,90,-49,126
AP17,2026100800,36,2026100912,48,105,-57,140
AP18,2026100800,6,2026100806,38,70,-32,29
AP18,2026100800,12,2026100812,42,75,-33,58
AP18,2026100800,18,2026100818,42,80,-38,90
AP18,2026100800,24,2026100900,42,85,-43,105
AP18,2026100800,30,2026100906,47,90,-43,133
AP18,2026100800,36,2026100912,47,105,-58,177
AP19,2026100800,6,2026100806,37,70,-33,23
AP19,2026100800,12,2026100812,39,75,-36,58
AP19,2026100800,18,2026100818,40,80,-40,85
AP19,2026100800,24,2026100900,40,85,-45,115
AP19,2026100800,30,2026100906,38,90,-52,145
AP19,2026100800,36,2026100912,41,105,-64,182
AP20,2026100800,6,2026100806,32,70,-38,53
AP20,2026100800,12,2026100812,40,75,-35,73
AP20,2026100800,18,2026100818,38,80,-42,85
AP20,2026100800,24,2026100900,41,85,-44,121
AP20,2026100800,30,2026100906,42,90,-48,161
AP20,2026100800,36,2026100912,47,105,-58,192
AP21,2026100800,6,2026100806,37,70,-33,54
AP21,2026100800,12,2026100812,37,75,-38,65
AP21,2026100800,18,2026100818,40,80,-40,77
AP21,2026100800,24,2026100900,41,85,-44,101
AP21,2026100800,30,2026100906,52,90,-38,135
AP21,2026100800,36,2026100912,47,105,-58,155
AP22,2026100800,6,2026100806,44,70,-26,23
AP22,2026100800,12,2026100812,46,75,-29,48
AP22,2026100800,18,2026100818,43,80,-37,50
AP22,2026100800,24,2026100900,47,85,-38,61
AP22,2026100800,30,2026100906,41,90,-49,76
AP22,2026100800,36,2026100912,41,105,-64,105
AP23,2026100800,6,2026100806,42,70,-28,12
AP23,2026100800,12,2026100812,44,75,-31,28
AP23,2026100800,18,2026100818,49,80,-31,46
AP23,2026100800,24,2026100900,54,85,-31,53
AP23,2026100800,30,2026100906,63,90,-27,60
AP23,2026100800,36,2026100912,62,105,-43,100
AP24,2026100800,6,2026100806,35,70,-35,21
AP24,2026100800,12,2026100812,41,75,-34,43
AP24,2026100800,18,2026100818,42,80,-38,49
AP24,2026100800,24,2026100900,42,85,-43,50
AP24,2026100800,30,2026100906,43,90,-47,47
AP24,2026100800,36,2026100912,50,105,-55,56
AP25,2026100800,6,2026100806,41,70,-29,55
AP25,2026100800,12,2026100812,36,75,-39,73
AP25,2026100800,18,2026100818,43,80,-37,93
AP25,2026100800,24,2026100900,44,85,-41,134
AP25,2026100800,30,2026100906,51,90,-39,181
AP25,2026100800,36,2026100912,50,105,-55,214
AP26,2026100800,6,2026100806,41,70,-29,28
AP26,2026100800,12,2026100812,49,75,-26,51
AP26,2026100800,18,2026100818,47,80,-33,58
AP26,2026100800,24,2026100900,51,85,-34,78
AP26,2026100800,30,2026100906,61,90,-29,105
AP26,2026100800,36,2026100912,52,105,-53,133
AP27,2026100800,6,2026100806,51,70,-19,18
AP27,2026100800,12,2026100812,53,75,-22,20
AP27,2026100800,18,2026100818,58,80,-22,38
AP27,2026100800,24,2026100900,54,85,-31,49
AP27,2026100800,30,2026100906,54,90,-36,61
AP27,2026100800,36,2026100912,61,105,-44,77
AP28,2026100800,6,2026100806,46,70,-24,20
AP28,2026100800,12,2026100812,57,75,-18,28
AP28,2026100800,18,2026100818,59,80,-21,40
AP28,2026100800,24,2026100900,60,85,-25,41
AP28,2026100800,30,2026100906,56,90,-34,45
AP28,2026100800,36,2026100912,61,105,-44,64
AP29,2026100800,6,2026100806,28,70,-42,49
AP29,2026100800,12,2026100812,33,75,-42,70
AP29,2026100800,18,2026100818,36,80,-44,70
AP29,2026100800,24,2026100900,37,85,-48,103
AP29,2026100800,30,2026100906,38,90,-52,143
AP29,2026100800,36,2026100912,42,105,-63,153
AP30,2026100800,6,2026100806,32,70,-38,18
AP30,2026100800,12,2026100812,43,75,-32,6
AP30,2026100800,18,2026100818,44,80,-36,12
AP30,2026100800,24,2026100900,43,85,-42,36
AP30,2026100800,30,2026100906,41,90,-49,60
AP30,2026100800,36,2026100912,47,105,-58,69
AVNI,2026100800,12,2026100812,70,75,-5,24
AVNI,2026100800,24,2026100900,70,85,-15,55
AVNI,2026100800,36,2026100912,74,105,-31,82
AVNO,2026100800,6,2026100806,56,70,-14,20
AVNO,2026100800,12,2026100812,65,75,-10,35
AVNO,2026100800,18,2026100818,59,80,-21,50
AVNO,2026100800,24,2026100900,63,85,-22,57
AVNO,2026100800,30,2026100906,65,90,-25,77
AVNO,2026100800,36,2026100912,67,105,-38,97
CEM2,2026100800,12,2026100812,65,75,-10,30
CEM2,2026100800,24,2026100900,67,85,-18,73
CEM2,2026100800,36,2026100912,71,105,-34,120
CEMN,2026100800,6,2026100806,38,70,-32,18
CEMN,2026100800,12,2026100812,44,75,-31,40
CEMN,2026100800,18,2026100818,42,80,-38,58
CEMN,2026100800,24,2026100900,42,85,-43,73
CEMN,2026100800,30,2026100906,43,90,-47,89
CEMN,2026100800,36,2026100912,46,105,-59,108
CMC2,2026100800,12,2026100812,68,75,-7,30
CMC2,2026100800,24,2026100900,72,85,-13,73
CMC2,2026100800,36,2026100912,78,105,-27,125
CTCI,2026100800,12,2026100812,76,75,1,25
CTCI,2026100800,24,2026100900,83,85,-2,53
CTCI,2026100800,36,2026100912,90,105,-15,73
CTCX,2026100800,6,2026100806,63,70,-7,33
CTCX,2026100800,12,2026100812,61,75,-14,66
CTCX,2026100800,18,2026100818,91,80,11,81
CTCX,2026100800,24,2026100900,105,85,20,94
CTCX,2026100800,30,2026100906,101,90,11,108
CTCX,2026100800,36,2026100912,108,105,3,123
DRCL,2026100800,12,2026100812,75,75,0,6
DRCL,2026100800,24,2026100900,85,85,0,8
DRCL,2026100800,36,2026100912,95,105,-10,20
DSHP,2026100800,12,2026100812,75,75,0,0
DSHP,2026100800,24,2026100900,85,85,0,0
DSHP,2026100800,36,2026100912,89,105,-16,13
GDMI,2026100800,12,2026100812,74,75,-1,0
GDMI,2026100800,24,2026100900,89,85,4,6
GDMI,2026100800,36,2026100912,95,105,-10,13
GDMN,2026100800,6,2026100806,69,70,-1,6
GDMN,2026100800,12,2026100812,80,75,5,6
GDMN,2026100800,18,2026100818,91,80,11,12
GDMN,2026100800,24,2026100900,96,85,11,6
GDMN,2026100800,30,2026100906,98,90,8,0
GDMN,2026100800,36,2026100912,97,105,-8,12
HCCA,2026100800,12,2026100812,75,75,0,0
HCCA,2026100800,24,2026100900,86,85,1,12
HCCA,2026100800,36,2026100912,90,105,-15,21
HFAI,2026100800,12,2026100812,73,75,-2,30
HFAI,2026100800,24,2026100900,67,85,-18,65
HFAI,2026100800,36,2026100912,71,105,-34,93
HFBI,2026100800,12,2026100812,76,75,1,33
HFBI,2026100800,24,2026100900,77,85,-8,77
HFBI,2026100800,36,2026100912,76,105,-29,117
HFSA,2026100800,6,2026100806,73,70,3,6
HFSA,2026100800,12,2026100812,83,75,8,22
HFSA,2026100800,18,2026100818,78,80,-2,30
HFSA,2026100800,24,2026100900,73,85,-12,35
HFSA,2026100800,30,2026100906,75,90,-15,48
HFSA,2026100800,36,2026100912,82,105,-23,72
HFSB,2026100800,6,2026100806,83,70,13,6
HFSB,2026100800,12,2026100812,87,75,12,13
HFSB,2026100800,18,2026100818,88,80,8,22
HFSB,2026100800,24,2026100900,84,85,-1,33
HFSB,2026100800,30,2026100906,85,90,-5,42
HFSB,2026100800,36,2026100912,106,105,1,59
HMNI,2026100800,12,2026100812,70,75,-5,11
HMNI,2026100800,24,2026100900,71,85,-14,23
HMNI,2026100800,36,2026100912,87,105,-18,17
HMON,2026100800,6,2026100806,101,70,31,8
HMON,2026100800,12,2026100812,87,75,12,20
HMON,2026100800,18,2026100818,80,80,0,30
HMON,2026100800,24,2026100900,93,85,8,30
HMON,2026100800,30,2026100906,106,90,16,22
HMON,2026100800,36,2026100912,112,105,7,17
HWFI,2026100800,12,2026100812,61,75,-14,6
HWFI,2026100800,24,2026100900,66,85,-19,25
HWFI,2026100800,36,2026100912,77,105,-28,51
HWRF,2026100800,6,2026100806,76,70,6,13
HWRF,2026100800,12,2026100812,78,75,3,23
HWRF,2026100800,18,2026100818,81,80,1,28
HWRF,2026100800,24,2026100900,73,85,-12,38
HWRF,2026100800,30,2026100906,81,90,-9,38
HWRF,2026100800,36,2026100912,79,105,-26,54
IVCN,2026100800,12,2026100812,73,75,-2,
IVCN,2026100800,24,2026100900,78,85,-7,
IVCN,2026100800,36,2026100912,84,105,-21,
LGEM,2026100800,12,2026100812,76,75,1,0
LGEM,2026100800,24,2026100900,83,85,-2,0
LGEM,2026100800,36,2026100912,88,105,-17,13
NGX2,2026100800,12,2026100812,67,75,-8,50
NGX2,2026100800,24,2026100900,79,85,-6,105
NGX2,2026100800,36,2026100912,93,105,-12,169
NNIB,2026100800,12,2026100812,73,75,-2,53
NNIB,2026100800,24,2026100900,79,85,-6,121
NNIB,2026100800,36,2026100912,83,105,-22,211
NNIC,2026100800,12,2026100812,74,75,-1,53
NNIC,2026100800,24,2026100900,84,85,-1,121
NNIC,2026100800,36,2026100912,87,105,-18,211
NVG2,2026100800,12,2026100812,67,75,-8,51
NVG2,2026100800,24,2026100900,79,85,-6,105
NVG2,2026100800,36,2026100912,93,105,-12,169
NVGM,2026100800,6,2026100806,31,70,-39,33
NVGM,2026100800,12,2026100812,39,75,-36,37
NVGM,2026100800,18,2026100818,43,80,-37,58
NVGM,2026100800,24,2026100900,48,85,-37,85
NVGM,2026100800,30,2026100906,53,90,-37,108
NVGM,2026100800,36,2026100912,63,105,-42,132
OCD5,2026100800,12,2026100812,70,75,-5,28
OCD5,2026100800,24,2026100900,77,85,-8,60
OCD5,2026100800,36,2026100912,80,105,-25,126
OFCI,2026100800,12,2026100812,74,75,-1,8
OFCI,2026100800,24,2026100900,85,85,0,12
OFCI,2026100800,36,2026100912,90,105,-15,22
OFCL,2026100800,12,2026100812,75,75,0,6
OFCL,2026100800,24,2026100900,85,85,0,8
OFCL,2026100800,36,2026100912,95,105,-10,20
RI25,2026100800,12,2026100812,73,75,-2,
RI25,2026100800,24,2026100900,85,85,0,
RVCN,2026100800,12,2026100812,65,75,-10,25
RVCN,2026100800,24,2026100900,65,85,-20,57
RVCN,2026100800,36,2026100912,65,105,-40,85
SHF5,2026100800,12,2026100812,70,75,-5,
SHF5,2026100800,24,2026100900,77,85,-8,
SHF5,2026100800,36,2026100912,80,105,-25,
SHIP,2026100800,12,2026100812,75,75,0,0
SHIP,2026100800,24,2026100900,85,85,0,0
SHIP,2026100800,36,2026100912,89,105,-16,13
TCLP,2026100800,12,2026100812,73,75,-2,18
TCLP,2026100800,24,2026100900,76,85,-9,73
TCLP,2026100800,36,2026100912,74,105,-31,171
UKX2,2026100800,12,2026100812,65,75,-10,37
UKX2,2026100800,24,2026100900,71,85,-14,74
UKX2,2026100800,36,2026100912,78,105,-27,115
AC00,2026100806,6,2026100812,48,75,-27,13
AC00,2026100806,12,2026100818,47,80,-33,30
AC00,2026100806,18,2026100900,52,85,-33,28
AC00,2026100806,24,2026100906,53,90,-37,33
AC00,2026100806,30,2026100912,60,105,-45,49
AEMI,2026100806,12,2026100818,71,80,-9,33
AEMI,2026100806,24,2026100906,76,90,-14,68
AEMN,2026100806,6,2026100812,48,75,-27,13
AEMN,2026100806,12,2026100818,51,80,-29,28
AEMN,2026100806,18,2026100900,51,85,-34,30
AEMN,2026100806,24,2026100906,54,90,-36,40
AEMN,2026100806,30,2026100912,58,105,-47,65
AP01,2026100806,6,2026100812,47,75,-28,24
AP01,2026100806,12,2026100818,48,80,-32,40
AP01,2026100806,18,2026100900,51,85,-34,70
AP01,2026100806,24,2026100906,63,90,-27,92
AP01,2026100806,30,2026100912,57,105,-48,127
AP02,2026100806,6,2026100812,49,75,-26,6
AP02,2026100806,12,2026100818,50,80,-30,26
AP02,2026100806,18,2026100900,51,85,-34,13
AP02,2026100806,24,2026100906,52,90,-38,8
AP02,2026100806,30,2026100912,52,105,-53,33
AP03,2026100806,6,2026100812,46,75,-29,13
AP03,2026100806,12,2026100818,56,80,-24,24
AP03,2026100806,18,2026100900,54,85,-31,8
AP03,2026100806,24,2026100906,58,90,-32,17
AP03,2026100806,30,2026100912,64,105,-41,12
AP04,2026100806,6,2026100812,48,75,-27,11
AP04,2026100806,12,2026100818,51,80,-29,33
AP04,2026100806,18,2026100900,58,85,-27,16
AP04,2026100806,24,2026100906,51,90,-39,22
AP04,2026100806,30,2026100912,59,105,-46,39
AP05,2026100806,6,2026100812,53,75,-22,20
AP05,2026100806,12,2026100818,48,80,-32,33
AP05,2026100806,18,2026100900,52,85,-33,25
AP05,2026100806,24,2026100906,54,90,-36,28
AP05,2026100806,30,2026100912,63,105,-42,27
AP06,2026100806,6,2026100812,51,75,-24,30
AP06,2026100806,12,2026100818,54,80,-26,68
AP06,2026100806,18,2026100900,57,85,-28,84
AP06,2026100806,24,2026100906,57,90,-33,94
AP06,2026100806,30,2026100912,61,105,-44,120
AP07,2026100806,6,2026100812,58,75,-17,29
AP07,2026100806,12,2026100818,56,80,-24,42
AP07,2026100806,18,2026100900,56,85,-29,27
AP07,2026100806,24,2026100906,56,90,-34,33
AP07,2026100806,30,2026100912,67,105,-38,40
AP08,2026100806,6,2026100812,54,75,-21,6
AP08,2026100806,12,2026100818,62,80,-18,21
AP08,2026100806,18,2026100900,62,85,-23,17
AP08,2026100806,24,2026100906,60,90,-30,34
AP08,2026100806,30,2026100912,64,105,-41,40
AP09,2026100806,6,2026100812,42,75,-33,37
AP09,2026100806,12,2026100818,43,80,-37,35
AP09,2026100806,18,2026100900,39,85,-46,57
AP09,2026100806,24,2026100906,48,90,-42,74
AP09,2026100806,30,2026100912,51,105,-54,101
AP10,2026100806,6,2026100812,54,75,-21,0
AP10,2026100806,12,2026100818,39,80,-41,16
AP10,2026100806,18,2026100900,45,85,-40,24
AP10,2026100806,24,2026100906,42,90,-48,49
AP10,2026100806,30,2026100912,52,105,-53,60
AP11,2026100806,6,2026100812,50,75,-25,21
AP11,2026100806,12,2026100818,44,80,-36,42
AP11,2026100806,18,2026100900,47,85,-38,60
AP11,2026100806,24,2026100906,55,90,-35,84
AP11,2026100806,30,2026100912,57,105,-48,113
AP12,2026100806,6,2026100812,49,75,-26,28
AP12,2026100806,12,2026100818,49,80,-31,44
AP12,2026100806,18,2026100900,50,85,-35,55
AP12,2026100806,24,2026100906,54,90,-36,62
AP12,2026100806,30,2026100912,53,105,-52,86
AP13,2026100806,6,2026100812,41,75,-34,16
AP13,2026100806,12,2026100818,44,80,-36,34
AP13,2026100806,18,2026100900,47,85,-38,66
AP13,2026100806,24,2026100906,50,90,-40,101
AP13,2026100806,30,2026100912,60,105,-45,145
AP14,2026100806,6,2026100812,60,75,-15,6
AP14,2026100806,12,2026100818,62,80,-18,21
AP14,2026100806,18,2026100900,56,85,-29,12
AP14,2026100806,24,2026100906,55,90,-35,17
AP14,2026100806,30,2026100912,64,105,-41,25
AP15,2026100806,6,2026100812,41,75,-34,28
AP15,2026100806,12,2026100818,52,80,-28,25
AP15,2026100806,18,2026100900,47,85,-38,38
AP15,2026100806,24,2026100906,48,90,-42,69
AP15,2026100806,30,2026100912,53,105,-52,113
AP16,2026100806,6,2026100812,50,75,-25,18
AP16,2026100806,12,2026100818,59,80,-21,40
AP16,2026100806,18,2026100900,59,85,-26,39
AP16,2026100806,24,2026100906,59,90,-31,44
AP16,2026100806,30,2026100912,67,105,-38,71
AP17,2026100806,6,2026100812,44,75,-31,28
AP17,2026100806,12,2026100818,48,80,-32,44
AP17,2026100806,18,2026100900,51,85,-34,57
AP17,2026100806,24,2026100906,54,90,-36,77
AP17,2026100806,30,2026100912,55,105,-50,113
AP18,2026100806,6,2026100812,43,75,-32,11
AP18,2026100806,12,2026100818,50,80,-30,35
AP18,2026100806,18,2026100900,51,85,-34,23
AP18,2026100806,24,2026100906,56,90,-34,30
AP18,2026100806,30,2026100912,57,105,-48,59
AP19,2026100806,6,2026100812,57,75,-18,6
AP19,2026100806,12,2026100818,63,80,-17,28
AP19,2026100806,18,2026100900,61,85,-24,27
AP19,2026100806,24,2026100906,63,90,-27,37
AP19,2026100806,30,2026100912,63,105,-42,65
AP20,2026100806,6,2026100812,59,75,-16,20
AP20,2026100806,12,2026100818,58,80,-22,38
AP20,2026100806,18,2026100900,56,85,-29,42
AP20,2026100806,24,2026100906,63,90,-27,53
AP20,2026100806,30,2026100912,64,105,-41,63
AP21,2026100806,6,2026100812,44,75,-31,33
AP21,2026100806,12,2026100818,46,80,-34,41
AP21,2026100806,18,2026100900,50,85,-35,77
AP21,2026100806,24,2026100906,54,90,-36,107
AP21,2026100806,30,2026100912,52,105,-53,142
AP22,2026100806,6,2026100812,40,75,-35,28
AP22,2026100806,12,2026100818,46,80,-34,21
AP22,2026100806,18,2026100900,45,85,-40,22
AP22,2026100806,24,2026100906,48,90,-42,32
AP22,2026100806,30,2026100912,51,105,-54,58
AP23,2026100806,6,2026100812,44,75,-31,18
AP23,2026100806,12,2026100818,53,80,-27,22
AP23,2026100806,18,2026100900,54,85,-31,24
AP23,2026100806,24,2026100906,55,90,-35,29
AP23,2026100806,30,2026100912,59,105,-46,34
AP24,2026100806,6,2026100812,39,75,-36,28
AP24,2026100806,12,2026100818,44,80,-36,22
AP24,2026100806,18,2026100900,44,85,-41,29
AP24,2026100806,24,2026100906,53,90,-37,31
AP24,2026100806,30,2026100912,56,105,-49,34
AP25,2026100806,6,2026100812,55,75,-20,6
AP25,2026100806,12,2026100818,64,80,-16,36
AP25,2026100806,18,2026100900,56,85,-29,21
AP25,2026100806,24,2026100906,58,90,-32,22
AP25,2026100806,30,2026100912,59,105,-46,38
AP26,2026100806,6,2026100812,38,75,-37,28
AP26,2026100806,12,2026100818,46,80,-34,33
AP26,2026100806,18,2026100900,41,85,-44,53
AP26,2026100806,24,2026100906,47,90,-43,79
AP26,2026100806,30,2026100912,49,105,-56,89
AP27,2026100806,6,2026100812,39,75,-36,18
AP27,2026100806,12,2026100818,41,80,-39,16
AP27,2026100806,18,2026100900,42,85,-43,20
AP27,2026100806,24,2026100906,43,90,-47,37
AP27,2026100806,30,2026100912,52,105,-53,48
AP28,2026100806,6,2026100812,48,75,-27,17
AP28,2026100806,12,2026100818,49,80,-31,44
AP28,2026100806,18,2026100900,51,85,-34,60
AP28,2026100806,24,2026100906,53,90,-37,81
AP28,2026100806,30,2026100912,52,105,-53,116
AP29,2026100806,6,2026100812,49,75,-26,22
AP29,2026100806,12,2026100818,63,80,-17,38
AP29,2026100806,18,2026100900,56,85,-29,47
AP29,2026100806,24,2026100906,53,90,-37,57
AP29,2026100806,30,2026100912,73,105,-32,79
AP30,2026100806,6,2026100812,51,75,-24,19
AP30,2026100806,12,2026100818,48,80,-32,27
AP30,2026100806,18,2026100900,52,85,-33,33
AP30,2026100806,24,2026100906,50,90,-40,37
AP30,2026100806,30,2026100912,53,105,-52,52
AVNI,2026100806,12,2026100818,78,80,-2,28
AVNI,2026100806,24,2026100906,80,90,-10,52
AVNO,2026100806,6,2026100812,53,75,-22,13
AVNO,2026100806,12,2026100818,68,80,-12,16
AVNO,2026100806,18,2026100900,71,85,-14,20
AVNO,2026100806,24,2026100906,70,90,-20,36
AVNO,2026100806,30,2026100912,76,105,-29,49
CEMI,2026100806,12,2026100818,75,80,-5,38
CEMI,2026100806,24,2026100906,77,90,-13,69
CMCI,2026100806,12,2026100818,71,80,-9,44
CMCI,2026100806,24,2026100906,71,90,-19,74
CTCI,2026100806,12,2026100818,91,80,11,45
CTCI,2026100806,24,2026100906,108,90,18,79
CTCX,2026100806,6,2026100812,76,75,1,13
CTCX,2026100806,12,2026100818,96,80,16,33
CTCX,2026100806,18,2026100900,107,85,22,23
CTCX,2026100806,24,2026100906,113,90,23,20
CTCX,2026100806,30,2026100912,113,105,8,22
DRCL,2026100806,12,2026100818,85,80,5,21
DRCL,2026100806,24,2026100906,95,90,5,12
DSHP,2026100806,12,2026100818,82,80,2,12
DSHP,2026100806,24,2026100906,89,90,-1,5
GDMI,2026100806,12,2026100818,88,80,8,19
GDMI,2026100806,24,2026100906,96,90,6,8
GDMN,2026100806,6,2026100812,82,75,7,8
GDMN,2026100806,12,2026100818,91,80,11,18
GDMN,2026100806,18,2026100900,95,85,10,12
GDMN,2026100806,24,2026100906,94,90,4,6
GDMN,2026100806,30,2026100912,95,105,-10,17
HCCA,2026100806,12,2026100818,83,80,3,21
HCCA,2026100806,24,2026100906,90,90,0,12
HFAI,2026100806,12,2026100818,76,80,-4,28
HFAI,2026100806,24,2026100906,76,90,-14,42
HFBI,2026100806,12,2026100818,81,80,1,30
HFBI,2026100806,24,2026100906,88,90,-2,44
HFSA,2026100806,6,2026100812,73,75,-2,18
HFSA,2026100806,12,2026100818,82,80,2,18
HFSA,2026100806,18,2026100900,73,85,-12,23
HFSA,2026100806,24,2026100906,79,90,-11,27
HFSA,2026100806,30,2026100912,90,105,-15,44
HFSB,2026100806,6,2026100812,83,75,8,8
HFSB,2026100806,12,2026100818,77,80,-3,5
HFSB,2026100806,18,2026100900,81,85,-4,8
HFSB,2026100806,24,2026100906,93,90,3,12
HFSB,2026100806,30,2026100912,108,105,3,22
HMNI,2026100806,12,2026100818,80,80,0,28
HMNI,2026100806,24,2026100906,95,90,5,17
HMON,2026100806,6,2026100812,72,75,-3,11
HMON,2026100806,12,2026100818,81,80,1,28
HMON,2026100806,18,2026100900,79,85,-6,28
HMON,2026100806,24,2026100906,92,90,2,33
HMON,2026100806,30,2026100912,105,105,0,34
HWFI,2026100806,12,2026100818,75,80,-5,33
HWFI,2026100806,24,2026100906,77,90,-13,38
HWRF,2026100806,6,2026100812,72,75,-3,20
HWRF,2026100806,12,2026100818,75,80,-5,33
HWRF,2026100806,18,2026100900,90,85,5,33
HWRF,2026100806,24,2026100906,88,90,-2,32
HWRF,2026100806,30,2026100912,100,105,-5,43
IVCN,2026100806,12,2026100818,83,80,3,
IVCN,2026100806,24,2026100906,90,90,0,
LGEM,2026100806,12,2026100818,84,80,4,12
LGEM,2026100806,24,2026100906,90,90,0,5
NNIB,2026100806,12,2026100818,79,80,-1,58
NNIB,2026100806,24,2026100906,84,90,-6,131
NNIC,2026100806,12,2026100818,79,80,-1,58
NNIC,2026100806,24,2026100906,86,90,-4,131
NVG2,2026100806,12,2026100818,80,80,0,53
NVG2,2026100806,24,2026100906,93,90,3,127
NVGI,2026100806,12,2026100818,79,80,-1,33
NVGI,2026100806,24,2026100906,91,90,1,73
NVGM,2026100806,6,2026100812,44,75,-31,13
NVGM,2026100806,12,2026100818,43,80,-37,35
NVGM,2026100806,18,2026100900,49,85,-36,55
NVGM,2026100806,24,2026100906,49,90,-41,77
NVGM,2026100806,30,2026100912,57,105,-48,98
OCD5,2026100806,12,2026100818,78,80,-2,39
OCD5,2026100806,24,2026100906,82,90,-8,72
OFCI,2026100806,12,2026100818,82,80,2,16
OFCI,2026100806,24,2026100906,91,90,1,16
OFCL,2026100806,12,2026100818,85,80,5,21
OFCL,2026100806,24,2026100906,95,90,5,12
RVCN,2026100806,12,2026100818,65,80,-15,28
RVCN,2026100806,24,2026100906,65,90,-25,42
SHF5,2026100806,12,2026100818,78,80,-2,
SHF5,2026100806,24,2026100906,82,90,-8,
SHIP,2026100806,12,2026100818,82,80,2,12
SHIP,2026100806,24,2026100906,89,90,-1,5
TCLP,2026100806,12,2026100818,82,80,2,28
TCLP,2026100806,24,2026100906,82,90,-8,92
UKXI,2026100806,12,2026100818,75,80,-5,33
UKXI,2026100806,24,2026100906,80,90,-10,60
CMC,2026100812,6,2026100818,51,80,-29,6
CMC,2026100812,12,2026100900,45,85,-40,11
CMC,2026100812,18,2026100906,44,90,-46,25
CMC,2026100812,24,2026100912,49,105,-56,32
NGX,2026100812,6,2026100818,41,80,-39,16
NGX,2026100812,12,2026100900,44,85,-41,32
NGX,2026100812,18,2026100906,51,90,-39,37
NGX,2026100812,24,2026100912,61,105,-44,52
UKX,2026100812,6,2026100818,49,80,-31,12
UKX,2026100812,12,2026100900,49,85,-36,24
UKX,2026100812,18,2026100906,53,90,-37,25
UKX,2026100812,24,2026100912,56,105,-49,21
AC00,2026100812,6,2026100818,50,80,-30,18
AC00,2026100812,12,2026100900,50,85,-35,34
AC00,2026100812,18,2026100906,56,90,-34,34
AC00,2026100812,24,2026100912,64,105,-41,37
AEMI,2026100812,12,2026100900,70,85,-15,20
AEMI,2026100812,24,2026100912,75,105,-30,52
AEMN,2026100812,6,2026100818,55,80,-25,16
AEMN,2026100812,12,2026100900,50,85,-35,29
AEMN,2026100812,18,2026100906,53,90,-37,34
AEMN,2026100812,24,2026100912,57,105,-48,44
AP01,2026100812,6,2026100818,49,80,-31,32
AP01,2026100812,12,2026100900,42,85,-43,56
AP01,2026100812,18,2026100906,47,90,-43,60
AP01,2026100812,24,2026100912,51,105,-54,73
AP02,2026100812,6,2026100818,46,80,-34,22
AP02,2026100812,12,2026100900,48,85,-37,36
AP02,2026100812,18,2026100906,51,90,-39,44
AP02,2026100812,24,2026100912,55,105,-50,56
AP03,2026100812,6,2026100818,53,80,-27,30
AP03,2026100812,12,2026100900,60,85,-25,17
AP03,2026100812,18,2026100906,56,90,-34,22
AP03,2026100812,24,2026100912,65,105,-40,43
AP04,2026100812,6,2026100818,57,80,-23,16
AP04,2026100812,12,2026100900,49,85,-36,40
AP04,2026100812,18,2026100906,50,90,-40,49
AP04,2026100812,24,2026100912,54,105,-51,76
AP05,2026100812,6,2026100818,61,80,-19,36
AP05,2026100812,12,2026100900,57,85,-28,36
AP05,2026100812,18,2026100906,57,90,-33,32
AP05,2026100812,24,2026100912,69,105,-36,54
AP06,2026100812,6,2026100818,48,80,-32,37
AP06,2026100812,12,2026100900,45,85,-40,61
AP06,2026100812,18,2026100906,49,90,-41,82
AP06,2026100812,24,2026100912,51,105,-54,97
AP07,2026100812,6,2026100818,54,80,-26,6
AP07,2026100812,12,2026100900,47,85,-38,26
AP07,2026100812,18,2026100906,51,90,-39,49
AP07,2026100812,24,2026100912,55,105,-50,68
AP08,2026100812,6,2026100818,62,80,-18,33
AP08,2026100812,12,2026100900,50,85,-35,47
AP08,2026100812,18,2026100906,50,90,-40,58
AP08,2026100812,24,2026100912,54,105,-51,79
AP09,2026100812,6,2026100818,55,80,-25,13
AP09,2026100812,12,2026100900,53,85,-32,26
AP09,2026100812,18,2026100906,56,90,-34,25
AP09,2026100812,24,2026100912,64,105,-41,22
AP10,2026100812,6,2026100818,53,80,-27,18
AP10,2026100812,12,2026100900,52,85,-33,21
AP10,2026100812,18,2026100906,55,90,-35,21
AP10,2026100812,24,2026100912,66,105,-39,29
AP11,2026100812,6,2026100818,45,80,-35,41
AP11,2026100812,12,2026100900,44,85,-41,63
AP11,2026100812,18,2026100906,49,90,-41,58
AP11,2026100812,24,2026100912,48,105,-57,60
AP12,2026100812,6,2026100818,50,80,-30,13
AP12,2026100812,12,2026100900,50,85,-35,42
AP12,2026100812,18,2026100906,54,90,-36,54
AP12,2026100812,24,2026100912,60,105,-45,78
AP13,2026100812,6,2026100818,52,80,-28,16
AP13,2026100812,12,2026100900,46,85,-39,26
AP13,2026100812,18,2026100906,47,90,-43,40
AP13,2026100812,24,2026100912,58,105,-47,47
AP14,2026100812,6,2026100818,60,80,-20,5
AP14,2026100812,12,2026100900,53,85,-32,25
AP14,2026100812,18,2026100906,52,90,-38,37
AP14,2026100812,24,2026100912,55,105,-50,58
AP15,2026100812,6,2026100818,62,80,-18,8
AP15,2026100812,12,2026100900,49,85,-36,36
AP15,2026100812,18,2026100906,47,90,-43,51
AP15,2026100812,24,2026100912,50,105,-55,36
AP16,2026100812,6,2026100818,60,80,-20,28
AP16,2026100812,12,2026100900,57,85,-28,34
AP16,2026100812,18,2026100906,56,90,-34,53
AP16,2026100812,24,2026100912,64,105,-41,66
AP17,2026100812,6,2026100818,62,80,-18,20
AP17,2026100812,12,2026100900,49,85,-36,32
AP17,2026100812,18,2026100906,51,90,-39,24
AP17,2026100812,24,2026100912,59,105,-46,28
AP18,2026100812,6,2026100818,65,80,-15,21
AP18,2026100812,12,2026100900,55,85,-30,13
AP18,2026100812,18,2026100906,59,90,-31,20
AP18,2026100812,24,2026100912,58,105,-47,32
AP19,2026100812,6,2026100818,68,80,-12,24
AP19,2026100812,12,2026100900,56,85,-29,16
AP19,2026100812,18,2026100906,61,90,-29,20
AP19,2026100812,24,2026100912,62,105,-43,33
AP20,2026100812,6,2026100818,55,80,-25,13
AP20,2026100812,12,2026100900,56,85,-29,12
AP20,2026100812,18,2026100906,58,90,-32,24
AP20,2026100812,24,2026100912,64,105,-41,8
AP21,2026100812,6,2026100818,48,80,-32,24
AP21,2026100812,12,2026100900,51,85,-34,24
AP21,2026100812,18,2026100906,62,90,-28,26
AP21,2026100812,24,2026100912,67,105,-38,45
AP22,2026100812,6,2026100818,63,80,-17,38
AP22,2026100812,12,2026100900,58,85,-27,44
AP22,2026100812,18,2026100906,56,90,-34,45
AP22,2026100812,24,2026100912,58,105,-47,55
AP23,2026100812,6,2026100818,67,80,-13,28
AP23,2026100812,12,2026100900,55,85,-30,44
AP23,2026100812,18,2026100906,58,90,-32,65
AP23,2026100812,24,2026100912,58,105,-47,93
AP24,2026100812,6,2026100818,54,80,-26,13
AP24,2026100812,12,2026100900,45,85,-40,28
AP24,2026100812,18,2026100906,51,90,-39,29
AP24,2026100812,24,2026100912,57,105,-48,33
AP25,2026100812,6,2026100818,47,80,-33,29
AP25,2026100812,12,2026100900,41,85,-44,49
AP25,2026100812,18,2026100906,42,90,-48,48
AP25,2026100812,24,2026100912,47,105,-58,54
AP26,2026100812,6,2026100818,55,80,-25,13
AP26,2026100812,12,2026100900,51,85,-34,13
AP26,2026100812,18,2026100906,58,90,-32,21
AP26,2026100812,24,2026100912,61,105,-44,37
AP27,2026100812,6,2026100818,62,80,-18,23
AP27,2026100812,12,2026100900,52,85,-33,40
AP27,2026100812,18,2026100906,55,90,-35,63
AP27,2026100812,24,2026100912,58,105,-47,73
AP28,2026100812,6,2026100818,52,80,-28,26
AP28,2026100812,12,2026100900,44,85,-41,49
AP28,2026100812,18,2026100906,44,90,-46,70
AP28,2026100812,24,2026100912,42,105,-63,87
AP29,2026100812,6,2026100818,52,80,-28,16
AP29,2026100812,12,2026100900,53,85,-32,33
AP29,2026100812,18,2026100906,58,90,-32,45
AP29,2026100812,24,2026100912,57,105,-48,67
AP30,2026100812,6,2026100818,45,80,-35,35
AP30,2026100812,12,2026100900,44,85,-41,29
AP30,2026100812,18,2026100906,50,90,-40,36
AP30,2026100812,24,2026100912,54,105,-51,30
AVNI,2026100812,12,2026100900,77,85,-8,12
AVNI,2026100812,24,2026100912,80,105,-25,37
AVNO,2026100812,6,2026100818,67,80,-13,18
AVNO,2026100812,12,2026100900,65,85,-20,26
AVNO,2026100812,18,2026100906,68,90,-22,34
AVNO,2026100812,24,2026100912,76,105,-29,40
CEM2,2026100812,12,2026100900,72,85,-13,36
CEM2,2026100812,24,2026100912,75,105,-30,81
CEMN,2026100812,6,2026100818,46,80,-34,0
CEMN,2026100812,12,2026100900,46,85,-39,8
CEMN,2026100812,18,2026100906,47,90,-43,16
CEMN,2026100812,24,2026100912,51,105,-54,25
CMC2,2026100812,12,2026100900,70,85,-15,41
CMC2,2026100812,24,2026100912,72,105,-33,84
CTCI,2026100812,12,2026100900,93,85,8,11
CTCI,2026100812,24,2026100912,101,105,-4,12
CTCX,2026100812,6,2026100818,84,80,4,11
CTCX,2026100812,12,2026100900,94,85,9,17
CTCX,2026100812,18,2026100906,104,90,14,24
CTCX,2026100812,24,2026100912,106,105,1,22
DRCL,2026100812,12,2026100900,85,85,0,6
DRCL,2026100812,24,2026100912,95,105,-10,17
DSHP,2026100812,12,2026100900,79,85,-6,12
DSHP,2026100812,24,2026100912,82,105,-23,12
GDM2,2026100812,12,2026100900,84,85,-1,0
GDM2,2026100812,24,2026100912,86,105,-19,12
GDMI,2026100812,12,2026100900,82,85,-3,6
GDMI,2026100812,24,2026100912,84,105,-21,11
GDMN,2026100812,6,2026100818,106,80,26,12
GDMN,2026100812,12,2026100900,109,85,24,8
GDMN,2026100812,18,2026100906,107,90,17,8
GDMN,2026100812,24,2026100912,104,105,-1,6
HCCA,2026100812,12,2026100900,82,85,-3,0
HCCA,2026100812,24,2026100912,91,105,-14,12
HFA2,2026100812,12,2026100900,71,85,-14,20
HFA2,2026100812,24,2026100912,74,105,-31,60
HFAI,2026100812,12,2026100900,75,85,-10,11
HFAI,2026100812,24,2026100912,87,105,-18,34
HFBI,2026100812,12,2026100900,79,85,-6,5
HFBI,2026100812,24,2026100912,96,105,-9,22
HFSA,2026100812,6,2026100818,77,80,-3,5
HFSA,2026100812,12,2026100900,81,85,-4,0
HFSA,2026100812,18,2026100906,98,90,8,5
HFSA,2026100812,24,2026100912,103,105,-2,20
HFSB,2026100812,6,2026100818,85,80,5,8
HFSB,2026100812,12,2026100900,82,85,-3,11
HFSB,2026100812,18,2026100906,97,90,7,12
HFSB,2026100812,24,2026100912,99,105,-6,5
HMNI,2026100812,12,2026100900,78,85,-7,17
HMNI,2026100812,24,2026100912,92,105,-13,22
HMON,2026100812,6,2026100818,92,80,12,5
HMON,2026100812,12,2026100900,81,85,-4,12
HMON,2026100812,18,2026100906,89,90,-1,12
HMON,2026100812,24,2026100912,99,105,-6,0
HWF2,2026100812,12,2026100900,72,85,-13,16
HWF2,2026100812,24,2026100912,77,105,-28,38
HWFI,2026100812,12,2026100900,77,85,-8,16
HWFI,2026100812,24,2026100912,87,105,-18,32
HWRF,2026100812,6,2026100818,87,80,7,5
HWRF,2026100812,12,2026100900,83,85,-2,17
HWRF,2026100812,18,2026100906,95,90,5,11
HWRF,2026100812,24,2026100912,96,105,-9,17
IVCN,2026100812,12,2026100900,80,85,-5,
IVCN,2026100812,24,2026100912,89,105,-16,
LGEM,2026100812,12,2026100900,78,85,-7,12
LGEM,2026100812,24,2026100912,83,105,-22,12
NGX2,2026100812,12,2026100900,80,85,-5,45
NGX2,2026100812,24,2026100912,94,105,-11,92
NNIB,2026100812,12,2026100900,78,85,-7,65
NNIB,2026100812,24,2026100912,85,105,-20,163
NNIC,2026100812,12,2026100900,81,85,-4,65
NNIC,2026100812,24,2026100912,92,105,-13,163
NVG2,2026100812,12,2026100900,80,85,-5,45
NVG2,2026100812,24,2026100912,94,105,-11,92
NVGI,2026100812,12,2026100900,78,85,-7,39
NVGI,2026100812,24,2026100912,87,105,-18,86
NVGM,2026100812,6,2026100818,41,80,-39,16
NVGM,2026100812,12,2026100900,44,85,-41,32
NVGM,2026100812,18,2026100906,51,90,-39,45
NVGM,2026100812,24,2026100912,61,105,-44,52
OCD5,2026100812,12,2026100900,74,85,-11,36
OCD5,2026100812,24,2026100912,76,105,-29,102
OFCI,2026100812,12,2026100900,81,85,-4,5
OFCI,2026100812,24,2026100912,82,105,-23,22
OFCL,2026100812,12,2026100900,90,85,5,6
OFCL,2026100812,24,2026100912,95,105,-10,17
RVCN,2026100812,12,2026100900,65,85,-20,12
RVCN,2026100812,24,2026100912,65,105,-40,29
SHF5,2026100812,12,2026100900,74,85,-11,
SHF5,2026100812,24,2026100912,76,105,-29,
SHIP,2026100812,12,2026100900,79,85,-6,12
SHIP,2026100812,24,2026100912,82,105,-23,12
TCLP,2026100812,12,2026100900,75,85,-10,40
TCLP,2026100812,24,2026100912,75,105,-30,128
UKX2,2026100812,12,2026100900,75,85,-10,38
UKX2,2026100812,24,2026100912,79,105,-26,64
AC00,2026100818,6,2026100900,50,85,-35,6
AC00,2026100818,12,2026100906,51,90,-39,17
AC00,2026100818,18,2026100912,58,105,-47,37
AEMI,2026100818,12,2026100906,73,90,-17,19
AEMN,2026100818,6,2026100900,51,85,-34,0
AEMN,2026100818,12,2026100906,51,90,-39,22
AEMN,2026100818,18,2026100912,56,105,-49,43
AP01,2026100818,6,2026100900,55,85,-30,23
AP01,2026100818,12,2026100906,49,90,-41,45
AP01,2026100818,18,2026100912,53,105,-52,64
AP02,2026100818,6,2026100900,46,85,-39,19
AP02,2026100818,12,2026100906,45,90,-45,35
AP02,2026100818,18,2026100912,49,105,-56,50
AP03,2026100818,6,2026100900,53,85,-32,16
AP03,2026100818,12,2026100906,47,90,-43,49
AP03,2026100818,18,2026100912,48,105,-57,86
AP04,2026100818,6,2026100900,45,85,-40,8
AP04,2026100818,12,2026100906,53,90,-37,12
AP04,2026100818,18,2026100912,56,105,-49,20
AP05,2026100818,6,2026100900,44,85,-41,18
AP05,2026100818,12,2026100906,43,90,-47,45
AP05,2026100818,18,2026100912,49,105,-56,64
AP06,2026100818,6,2026100900,55,85,-30,31
AP06,2026100818,12,2026100906,54,90,-36,29
AP06,2026100818,18,2026100912,67,105,-38,40
AP07,2026100818,6,2026100900,56,85,-29,12
AP07,2026100818,12,2026100906,53,90,-37,25
AP07,2026100818,18,2026100912,62,105,-43,48
AP08,2026100818,6,2026100900,45,85,-40,24
AP08,2026100818,12,2026100906,44,90,-46,40
AP08,2026100818,18,2026100912,48,105,-57,83
AP09,2026100818,6,2026100900,54,85,-31,5
AP09,2026100818,12,2026100906,51,90,-39,38
AP09,2026100818,18,2026100912,55,105,-50,76
AP10,2026100818,6,2026100900,41,85,-44,16
AP10,2026100818,12,2026100906,41,90,-49,36
AP10,2026100818,18,2026100912,51,105,-54,27
AP11,2026100818,6,2026100900,53,85,-32,6
AP11,2026100818,12,2026100906,50,90,-40,16
AP11,2026100818,18,2026100912,60,105,-45,32
AP12,2026100818,6,2026100900,53,85,-32,19
AP12,2026100818,12,2026100906,57,90,-33,16
AP12,2026100818,18,2026100912,56,105,-49,61
AP13,2026100818,6,2026100900,53,85,-32,13
AP13,2026100818,12,2026100906,52,90,-38,13
AP13,2026100818,18,2026100912,53,105,-52,12
AP14,2026100818,6,2026100900,63,85,-22,27
AP14,2026100818,12,2026100906,65,90,-25,24
AP14,2026100818,18,2026100912,64,105,-41,19
AP15,2026100818,6,2026100900,54,85,-31,8
AP15,2026100818,12,2026100906,56,90,-34,19
AP15,2026100818,18,2026100912,56,105,-49,24
AP16,2026100818,6,2026100900,55,85,-30,0
AP16,2026100818,12,2026100906,48,90,-42,30
AP16,2026100818,18,2026100912,54,105,-51,49
AP17,2026100818,6,2026100900,50,85,-35,13
AP17,2026100818,12,2026100906,51,90,-39,22
AP17,2026100818,18,2026100912,59,105,-46,48
AP18,2026100818,6,2026100900,47,85,-38,16
AP18,2026100818,12,2026100906,45,90,-45,22
AP18,2026100818,18,2026100912,52,105,-53,43
AP19,2026100818,6,2026100900,61,85,-24,6
AP19,2026100818,12,2026100906,58,90,-32,12
AP19,2026100818,18,2026100912,65,105,-40,29
AP20,2026100818,6,2026100900,49,85,-36,18
AP20,2026100818,12,2026100906,54,90,-36,19
AP20,2026100818,18,2026100912,57,105,-48,32
AP21,2026100818,6,2026100900,55,85,-30,6
AP21,2026100818,12,2026100906,51,90,-39,33
AP21,2026100818,18,2026100912,65,105,-40,59
AP22,2026100818,6,2026100900,51,85,-34,19
AP22,2026100818,12,2026100906,50,90,-40,20
AP22,2026100818,18,2026100912,58,105,-47,51
AP23,2026100818,6,2026100900,50,85,-35,25
AP23,2026100818,12,2026100906,52,90,-38,38
AP23,2026100818,18,2026100912,60,105,-45,75
AP24,2026100818,6,2026100900,54,85,-31,18
AP24,2026100818,12,2026100906,56,90,-34,16
AP24,2026100818,18,2026100912,61,105,-44,33
AP25,2026100818,6,2026100900,47,85,-38,32
AP25,2026100818,12,2026100906,49,90,-41,25
AP25,2026100818,18,2026100912,51,105,-54,16
AP26,2026100818,6,2026100900,54,85,-31,5
AP26,2026100818,12,2026100906,51,90,-39,5
AP26,2026100818,18,2026100912,63,105,-42,8
AP27,2026100818,6,2026100900,52,85,-33,28
AP27,2026100818,12,2026100906,56,90,-34,20
AP27,2026100818,18,2026100912,55,105,-50,59
AP28,2026100818,6,2026100900,37,85,-48,39
AP28,2026100818,12,2026100906,36,90,-54,79
AP28,2026100818,18,2026100912,42,105,-63,100
AP29,2026100818,6,2026100900,49,85,-36,11
AP29,2026100818,12,2026100906,50,90,-40,40
AP29,2026100818,18,2026100912,54,105,-51,62
AP30,2026100818,6,2026100900,52,85,-33,40
AP30,2026100818,12,2026100906,50,90,-40,30
AP30,2026100818,18,2026100912,54,105,-51,40
AVNI,2026100818,12,2026100906,80,90,-10,19
AVNO,2026100818,6,2026100900,64,85,-21,0
AVNO,2026100818,12,2026100906,66,90,-24,8
AVNO,2026100818,18,2026100912,75,105,-30,36
CEMI,2026100818,12,2026100906,77,90,-13,8
CMCI,2026100818,12,2026100906,59,90,-31,17
CTCI,2026100818,12,2026100906,93,90,3,8
CTCX,2026100818,6,2026100900,80,85,-5,8
CTCX,2026100818,12,2026100906,87,90,-3,13
CTCX,2026100818,18,2026100912,90,105,-15,11
DRCL,2026100818,12,2026100906,95,90,5,6
DSHP,2026100818,12,2026100906,78,90,-12,8
GDMI,2026100818,12,2026100906,89,90,-1,5
GDMN,2026100818,6,2026100900,98,85,13,8
GDMN,2026100818,12,2026100906,94,90,4,8
GDMN,2026100818,18,2026100912,99,105,-6,6
HCCA,2026100818,12,2026100906,89,90,-1,5
HFAI,2026100818,12,2026100906,90,90,0,5
HFBI,2026100818,12,2026100906,88,90,-2,6
HFSA,2026100818,6,2026100900,80,85,-5,12
HFSA,2026100818,12,2026100906,85,90,-5,24
HFSA,2026100818,18,2026100912,103,105,-2,36
HFSB,2026100818,6,2026100900,77,85,-8,16
HFSB,2026100818,12,2026100906,92,90,2,29
HFSB,2026100818,18,2026100912,92,105,-13,26
HMNI,2026100818,12,2026100906,87,90,-3,5
HMON,2026100818,6,2026100900,70,85,-15,5
HMON,2026100818,12,2026100906,82,90,-8,8
HMON,2026100818,18,2026100912,99,105,-6,16
HWFI,2026100818,12,2026100906,88,90,-2,12
HWRF,2026100818,6,2026100900,72,85,-13,12
HWRF,2026100818,12,2026100906,84,90,-6,5
HWRF,2026100818,18,2026100912,94,105,-11,21
IVCN,2026100818,12,2026100906,87,90,-3,
LGEM,2026100818,12,2026100906,80,90,-10,8
NNIB,2026100818,12,2026100906,83,90,-7,61
NNIC,2026100818,12,2026100906,86,90,-4,61
NVGI,2026100818,12,2026100906,85,90,-5,21
NVGM,2026100818,6,2026100900,44,85,-41,12
NVGM,2026100818,12,2026100906,53,90,-37,33
NVGM,2026100818,18,2026100912,60,105,-45,71
OCD5,2026100818,12,2026100906,76,90,-14,38
OFCI,2026100818,12,2026100906,86,90,-4,8
OFCL,2026100818,12,2026100906,95,90,5,6
RVCN,2026100818,12,2026100906,65,90,-25,5
SHF5,2026100818,12,2026100906,76,90,-14,
SHIP,2026100818,12,2026100906,78,90,-12,8
TCLP,2026100818,12,2026100906,77,90,-13,48
UKXI,2026100818,12,2026100906,78,90,-12,8
CMC,2026100900,6,2026100906,51,90,-39,24
CMC,2026100900,12,2026100912,55,105,-50,37
UKX,2026100900,6,2026100906,54,90,-36,5
UKX,2026100900,12,2026100912,58,105,-47,16
AC00,2026100900,6,2026100906,53,90,-37,5
AC00,2026100900,12,2026100912,62,105,-43,29
AEMI,2026100900,12,2026100912,79,105,-26,21
AEMN,2026100900,6,2026100906,54,90,-36,8
AEMN,2026100900,12,2026100912,61,105,-44,22
AP01,2026100900,6,2026100906,58,90,-32,8
AP01,2026100900,12,2026100912,64,105,-41,39
AP02,2026100900,6,2026100906,53,90,-37,18
AP02,2026100900,12,2026100912,58,105,-47,21
AP03,2026100900,6,2026100906,61,90,-29,13
AP03,2026100900,12,2026100912,68,105,-37,36
AP04,2026100900,6,2026100906,60,90,-30,13
AP04,2026100900,12,2026100912,67,105,-38,21
AP05,2026100900,6,2026100906,52,90,-38,16
AP05,2026100900,12,2026100912,67,105,-38,22
AP06,2026100900,6,2026100906,59,90,-31,8
AP06,2026100900,12,2026100912,66,105,-39,22
AP07,2026100900,6,2026100906,55,90,-35,16
AP07,2026100900,12,2026100912,64,105,-41,13
AP08,2026100900,6,2026100906,47,90,-43,56
AP08,2026100900,12,2026100912,50,105,-55,61
AP09,2026100900,6,2026100906,56,90,-34,17
AP09,2026100900,12,2026100912,64,105,-41,44
AP10,2026100900,6,2026100906,59,90,-31,29
AP10,2026100900,12,2026100912,67,105,-38,36
AP11,2026100900,6,2026100906,54,90,-36,12
AP11,2026100900,12,2026100912,67,105,-38,32
AP12,2026100900,6,2026100906,57,90,-33,31
AP12,2026100900,12,2026100912,62,105,-43,45
AP13,2026100900,6,2026100906,44,90,-46,49
AP13,2026100900,12,2026100912,54,105,-51,45
AP14,2026100900,6,2026100906,49,90,-41,19
AP14,2026100900,12,2026100912,58,105,-47,27
AP15,2026100900,6,2026100906,55,90,-35,8
AP15,2026100900,12,2026100912,62,105,-43,20
AP16,2026100900,6,2026100906,48,90,-42,34
AP16,2026100900,12,2026100912,54,105,-51,32
AP17,2026100900,6,2026100906,54,90,-36,13
AP17,2026100900,12,2026100912,62,105,-43,22
AP18,2026100900,6,2026100906,53,90,-37,8
AP18,2026100900,12,2026100912,63,105,-42,38
AP19,2026100900,6,2026100906,61,90,-29,12
AP19,2026100900,12,2026100912,70,105,-35,6
AP20,2026100900,6,2026100906,46,90,-44,26
AP20,2026100900,12,2026100912,55,105,-50,17
AP21,2026100900,6,2026100906,50,90,-40,55
AP21,2026100900,12,2026100912,51,105,-54,40
AP22,2026100900,6,2026100906,56,90,-34,6
AP22,2026100900,12,2026100912,56,105,-49,29
AP23,2026100900,6,2026100906,61,90,-29,25
AP23,2026100900,12,2026100912,62,105,-43,40
AP24,2026100900,6,2026100906,55,90,-35,8
AP24,2026100900,12,2026100912,64,105,-41,29
AP25,2026100900,6,2026100906,55,90,-35,19
AP25,2026100900,12,2026100912,59,105,-46,17
AP26,2026100900,6,2026100906,50,90,-40,16
AP26,2026100900,12,2026100912,62,105,-43,27
AP27,2026100900,6,2026100906,57,90,-33,28
AP27,2026100900,12,2026100912,67,105,-38,48
AP28,2026100900,6,2026100906,54,90,-36,19
AP28,2026100900,12,2026100912,61,105,-44,32
AP29,2026100900,6,2026100906,52,90,-38,37
AP29,2026100900,12,2026100912,59,105,-46,60
AP30,2026100900,6,2026100906,51,90,-39,12
AP30,2026100900,12,2026100912,61,105,-44,11
AVNI,2026100900,12,2026100912,88,105,-17,21
AVNO,2026100900,6,2026100906,66,90,-24,5
AVNO,2026100900,12,2026100912,76,105,-29,25
CEM2,2026100900,12,2026100912,89,105,-16,12
CEMN,2026100900,6,2026100906,47,90,-43,20
CEMN,2026100900,12,2026100912,51,105,-54,42
CMC2,2026100900,12,2026100912,85,105,-20,20
CTCI,2026100900,12,2026100912,96,105,-9,6
CTCX,2026100900,6,2026100906,93,90,3,12
CTCX,2026100900,12,2026100912,101,105,-4,21
DRCL,2026100900,12,2026100912,95,105,-10,6
DSHP,2026100900,12,2026100912,90,105,-15,8
GDMI,2026100900,12,2026100912,91,105,-14,5
GDMN,2026100900,6,2026100906,87,90,-3,6
GDMN,2026100900,12,2026100912,93,105,-12,8
HCCA,2026100900,12,2026100912,96,105,-9,6
HFAI,2026100900,12,2026100912,99,105,-6,20
HFBI,2026100900,12,2026100912,93,105,-12,13
HFSA,2026100900,6,2026100906,108,90,18,20
HFSA,2026100900,12,2026100912,109,105,4,21
HFSB,2026100900,6,2026100906,123,90,33,20
HFSB,2026100900,12,2026100912,114,105,9,13
HMNI,2026100900,12,2026100912,96,105,-9,5
HMON,2026100900,6,2026100906,98,90,8,5
HMON,2026100900,12,2026100912,101,105,-4,20
HWFI,2026100900,12,2026100912,94,105,-11,12
HWRF,2026100900,6,2026100906,91,90,1,17
HWRF,2026100900,12,2026100912,92,105,-13,25
IVCN,2026100900,12,2026100912,95,105,-10,
LGEM,2026100900,12,2026100912,94,105,-11,8
NGX2,2026100900,12,2026100912,99,105,-6,21
NNIB,2026100900,12,2026100912,93,105,-12,71
NNIC,2026100900,12,2026100912,96,105,-9,71
NVG2,2026100900,12,2026100912,99,105,-6,21
NVGI,2026100900,12,2026100912,97,105,-8,37
NVGM,2026100900,6,2026100906,49,90,-41,22
NVGM,2026100900,12,2026100912,52,105,-53,55
OCD5,2026100900,12,2026100912,86,105,-19,36
OFCI,2026100900,12,2026100912,84,105,-21,6
OFCL,2026100900,12,2026100912,100,105,-5,6
RVCN,2026100900,12,2026100912,65,105,-40,8
SHF5,2026100900,12,2026100912,86,105,-19,
SHIP,2026100900,12,2026100912,90,105,-15,8
TCLP,2026100900,12,2026100912,88,105,-17,45
UKX2,2026100900,12,2026100912,89,105,-16,11
AC00,2026100906,6,2026100912,61,105,-44,12
AEMN,2026100906,6,2026100912,60,105,-45,11
AP01,2026100906,6,2026100912,58,105,-47,38
AP02,2026100906,6,2026100912,58,105,-47,19
AP03,2026100906,6,2026100912,57,105,-48,26
AP04,2026100906,6,2026100912,61,105,-44,11
AP05,2026100906,6,2026100912,63,105,-42,17
AP06,2026100906,6,2026100912,63,105,-42,13
AP07,2026100906,6,2026100912,60,105,-45,25
AP08,2026100906,6,2026100912,55,105,-50,24
AP09,2026100906,6,2026100912,56,105,-49,42
AP10,2026100906,6,2026100912,60,105,-45,8
AP11,2026100906,6,2026100912,56,105,-49,29
AP12,2026100906,6,2026100912,62,105,-43,21
AP13,2026100906,6,2026100912,59,105,-46,5
AP14,2026100906,6,2026100912,60,105,-45,22
AP15,2026100906,6,2026100912,57,105,-48,42
AP16,2026100906,6,2026100912,59,105,-46,29
AP17,2026100906,6,2026100912,59,105,-46,5
AP18,2026100906,6,2026100912,70,105,-35,27
AP19,2026100906,6,2026100912,58,105,-47,12
AP20,2026100906,6,2026100912,68,105,-37,19
AP21,2026100906,6,2026100912,55,105,-50,16
AP22,2026100906,6,2026100912,61,105,-44,6
AP23,2026100906,6,2026100912,60,105,-45,24
AP24,2026100906,6,2026100912,60,105,-45,6
AP25,2026100906,6,2026100912,64,105,-41,8
AP26,2026100906,6,2026100912,56,105,-49,21
AP27,2026100906,6,2026100912,63,105,-42,5
AP28,2026100906,6,2026100912,63,105,-42,8
AP29,2026100906,6,2026100912,63,105,-42,22
AP30,2026100906,6,2026100912,67,105,-38,27
AVNO,2026100906,6,2026100912,76,105,-29,8
CTCX,2026100906,6,2026100912,97,105,-8,5
GDMN,2026100906,6,2026100912,96,105,-9,8
HFSA,2026100906,6,2026100912,102,105,-3,16
HFSB,2026100906,6,2026100912,95,105,-10,5
HMON,2026100906,6,2026100912,97,105,-8,12
HWRF,2026100906,6,2026100912,92,105,-13,8
