storm,cycle,tau,ofcl,best,err
AL2024,2024061912,12,40,45,-5
AL2024,2024061912,24,40,35,5
AL2024,2024061918,12,40,45,-5
AL2024,2024062000,12,35,35,0
AL2023,2023060118,12,35,35,0
AL2023,2023060118,24,35,35,0
AL2023,2023060118,36,30,30,0
AL2023,2023060200,12,35,35,0
AL2023,2023060200,24,30,35,-5
AL2023,2023060206,12,30,35,-5
AL2023,2023060206,24,30,30,0
AL2023,2023060212,12,30,35,-5
AL2023,2023060218,12,30,30,0
AL2024,2024062818,12,35,45,-10
AL2024,2024062818,24,40,60,-20
AL2024,2024062818,36,50,85,-35
AL2024,2024062818,48,65,115,-50
AL2024,2024062818,60,75,100,-25
AL2024,2024062818,72,85,130,-45
AL2024,2024062818,96,90,135,-45
AL2024,2024062818,120,80,120,-40
AL2024,2024062900,12,40,55,-15
AL2024,2024062900,24,50,70,-20
AL2024,2024062900,36,60,100,-40
AL2024,2024062900,48,70,110,-40
AL2024,2024062900,60,80,115,-35
AL2024,2024062900,72,90,140,-50
AL2024,2024062900,96,90,130,-40
AL2024,2024062900,120,80,115,-35
AL2024,2024062906,12,55,60,-5
AL2024,2024062906,24,65,85,-20
AL2024,2024062906,36,75,115,-40
AL2024,2024062906,48,85,100,-15
AL2024,2024062906,60,95,130,-35
AL2024,2024062906,72,95,145,-50
AL2024,2024062906,96,90,125,-35
AL2024,2024062906,120,75,105,-30
AL2024,2024062912,12,70,70,0
AL2024,2024062912,24,85,100,-15
AL2024,2024062912,36,95,110,-15
AL2024,2024062912,48,100,115,-15
AL2024,2024062912,60,100,140,-40
AL2024,2024062912,72,100,140,-40
AL2024,2024062912,96,90,125,-35
AL2024,2024062912,120,80,95,-15
AL2024,2024062918,12,75,85,-10
AL2024,2024062918,24,90,115,-25
AL2024,2024062918,36,100,100,0
AL2024,2024062918,48,105,130,-25
AL2024,2024062918,60,105,145,-40
AL2024,2024062918,72,100,135,-35
AL2024,2024062918,96,90,120,-30
AL2024,2024062918,120,75,90,-15
AL2024,2024063000,12,90,100,-10
AL2024,2024063000,24,105,110,-5
AL2024,2024063000,36,110,115,-5
AL2024,2024063000,48,110,140,-30
AL2024,2024063000,60,105,140,-35
AL2024,2024063000,72,100,130,-30
AL2024,2024063000,96,85,115,-30
AL2024,2024063000,120,75,100,-25
AL2024,2024063006,12,100,115,-15
AL2024,2024063006,24,115,100,15
AL2024,2024063006,36,115,130,-15
AL2024,2024063006,48,110,145,-35
AL2024,2024063006,60,105,135,-30
AL2024,2024063006,72,100,125,-25
AL2024,2024063006,96,90,105,-15
AL2024,2024063006,120,85,95,-10
AL2024,2024063012,12,120,110,10
AL2024,2024063012,24,120,115,5
AL2024,2024063012,36,115,140,-25
AL2024,2024063012,48,115,140,-25
AL2024,2024063012,60,110,130,-20
AL2024,2024063012,72,105,125,-20
AL2024,2024063012,96,95,95,0
AL2024,2024063012,120,75,75,0
AL2024,2024063018,12,125,100,25
AL2024,2024063018,24,120,130,-10
AL2024,2024063018,36,110,145,-35
AL2024,2024063018,48,105,135,-30
AL2024,2024063018,60,100,125,-25
AL2024,2024063018,72,95,120,-25
AL2024,2024063018,96,85,90,-5
AL2024,2024063018,120,60,60,0
AL2024,2024070100,12,115,115,0
AL2024,2024070100,24,120,140,-20
AL2024,2024070100,36,115,140,-25
AL2024,2024070100,48,105,130,-25
AL2024,2024070100,60,95,125,-30
AL2024,2024070100,72,90,115,-25
AL2024,2024070100,96,85,100,-15
AL2024,2024070100,120,55,50,5
AL2024,2024070106,12,115,130,-15
AL2024,2024070106,24,115,145,-30
AL2024,2024070106,36,110,135,-25
AL2024,2024070106,48,95,125,-30
AL2024,2024070106,60,90,120,-30
AL2024,2024070106,72,85,105,-20
AL2024,2024070106,96,85,95,-10
AL2024,2024070106,120,55,45,10
AL2024,2024070112,12,125,140,-15
AL2024,2024070112,24,125,140,-15
AL2024,2024070112,36,110,130,-20
AL2024,2024070112,48,95,125,-30
AL2024,2024070112,60,90,115,-25
AL2024,2024070112,72,80,95,-15
AL2024,2024070112,96,65,75,-10
AL2024,2024070112,120,55,50,5
AL2024,2024070118,12,130,145,-15
AL2024,2024070118,24,125,135,-10
AL2024,2024070118,36,110,125,-15
AL2024,2024070118,48,95,120,-25
AL2024,2024070118,60,85,105,-20
AL2024,2024070118,72,80,90,-10
AL2024,2024070118,96,60,60,0
AL2024,2024070118,120,55,50,5
AL2024,2024070200,12,135,140,-5
AL2024,2024070200,24,125,130,-5
AL2024,2024070200,36,105,125,-20
AL2024,2024070200,48,95,115,-20
AL2024,2024070200,60,85,95,-10
AL2024,2024070200,72,80,100,-20
AL2024,2024070200,96,55,50,5
AL2024,2024070200,120,55,50,5
AL2024,2024070206,12,135,135,0
AL2024,2024070206,24,120,125,-5
AL2024,2024070206,36,105,120,-15
AL2024,2024070206,48,95,105,-10
AL2024,2024070206,60,85,90,-5
AL2024,2024070206,72,80,95,-15
AL2024,2024070206,96,55,45,10
AL2024,2024070206,120,55,50,5
AL2024,2024070212,12,135,130,5
AL2024,2024070212,24,120,125,-5
AL2024,2024070212,36,105,115,-10
AL2024,2024070212,48,90,95,-5
AL2024,2024070212,60,80,100,-20
AL2024,2024070212,72,65,75,-10
AL2024,2024070212,96,55,50,5
AL2024,2024070212,120,55,55,0
AL2024,2024070218,12,125,125,0
AL2024,2024070218,24,110,120,-10
AL2024,2024070218,36,95,105,-10
AL2024,2024070218,48,85,90,-5
AL2024,2024070218,60,75,95,-20
AL2024,2024070218,72,55,60,-5
AL2024,2024070218,96,60,50,10
AL2024,2024070218,120,60,55,5
AL2024,2024070300,12,125,125,0
AL2024,2024070300,24,110,115,-5
AL2024,2024070300,36,95,95,0
AL2024,2024070300,48,85,100,-15
AL2024,2024070300,60,55,75,-20
AL2024,2024070300,72,55,50,5
AL2024,2024070300,96,60,50,10
AL2024,2024070300,120,60,60,0
AL2024,2024070306,12,115,120,-5
AL2024,2024070306,24,100,105,-5
AL2024,2024070306,36,90,90,0
AL2024,2024070306,48,85,95,-10
AL2024,2024070306,60,50,60,-10
AL2024,2024070306,72,55,45,10
AL2024,2024070306,96,65,50,15
AL2024,2024070306,120,60,70,-10
AL2024,2024070312,12,115,115,0
AL2024,2024070312,24,100,95,5
AL2024,2024070312,36,90,100,-10
AL2024,2024070312,48,75,75,0
AL2024,2024070312,60,50,50,0
AL2024,2024070312,72,55,50,5
AL2024,2024070312,96,65,55,10
AL2024,2024070312,120,55,70,-15
AL2024,2024070318,12,110,105,5
AL2024,2024070318,24,95,90,5
AL2024,2024070318,36,85,95,-10
AL2024,2024070318,48,55,60,-5
AL2024,2024070318,60,50,45,5
AL2024,2024070318,72,55,50,5
AL2024,2024070318,96,65,55,10
AL2024,2024070318,120,45,50,-5
AL2024,2024070400,12,105,95,10
AL2024,2024070400,24,90,100,-10
AL2024,2024070400,36,75,75,0
AL2024,2024070400,48,50,50,0
AL2024,2024070400,60,55,50,5
AL2024,2024070400,72,60,50,10
AL2024,2024070400,96,65,60,5
AL2024,2024070400,120,40,30,10
AL2024,2024070406,12,95,90,5
AL2024,2024070406,24,80,95,-15
AL2024,2024070406,36,50,60,-10
AL2024,2024070406,48,50,45,5
AL2024,2024070406,60,55,50,5
AL2024,2024070406,72,60,50,10
AL2024,2024070406,96,65,70,-5
AL2024,2024070406,120,35,25,10
AL2024,2024070412,12,90,100,-10
AL2024,2024070412,24,70,75,-5
AL2024,2024070412,36,50,50,0
AL2024,2024070412,48,50,50,0
AL2024,2024070412,60,55,50,5
AL2024,2024070412,72,60,55,5
AL2024,2024070412,96,65,70,-5
AL2024,2024070418,12,85,95,-10
AL2024,2024070418,24,60,60,0
AL2024,2024070418,36,50,45,5
AL2024,2024070418,48,55,50,5
AL2024,2024070418,60,60,50,10
AL2024,2024070418,72,65,55,10
AL2024,2024070418,96,45,50,-5
AL2024,2024070500,12,95,75,20
AL2024,2024070500,24,55,50,5
AL2024,2024070500,36,55,50,5
AL2024,2024070500,48,60,50,10
AL2024,2024070500,60,65,55,10
AL2024,2024070500,72,70,60,10
AL2024,2024070500,96,45,30,15
AL2024,2024070506,12,60,60,0
AL2024,2024070506,24,50,45,5
AL2024,2024070506,36,55,50,5
AL2024,2024070506,48,60,50,10
AL2024,2024070506,60,70,55,15
AL2024,2024070506,72,75,70,5
AL2024,2024070506,96,35,25,10
AL2024,2024070512,12,55,50,5
AL2024,2024070512,24,55,50,5
AL2024,2024070512,36,60,50,10
AL2024,2024070512,48,65,55,10
AL2024,2024070512,60,70,60,10
AL2024,2024070512,72,75,70,5
AL2024,2024070518,12,50,45,5
AL2024,2024070518,24,55,50,5
AL2024,2024070518,36,60,50,10
AL2024,2024070518,48,65,55,10
AL2024,2024070518,60,70,70,0
AL2024,2024070518,72,80,50,30
AL2024,2024070600,12,50,50,0
AL2024,2024070600,24,55,50,5
AL2024,2024070600,36,60,55,5
AL2024,2024070600,48,70,60,10
AL2024,2024070600,60,80,70,10
AL2024,2024070600,72,50,30,20
AL2024,2024070606,12,50,50,0
AL2024,2024070606,24,55,50,5
AL2024,2024070606,36,60,55,5
AL2024,2024070606,48,70,70,0
AL2024,2024070606,60,80,50,30
AL2024,2024070606,72,35,25,10
AL2024,2024070612,12,50,50,0
AL2024,2024070612,24,55,55,0
AL2024,2024070612,36,65,60,5
AL2024,2024070612,48,75,70,5
AL2024,2024070612,60,50,30,20
AL2024,2024070618,12,55,50,5
AL2024,2024070618,24,65,55,10
AL2024,2024070618,36,75,70,5
AL2024,2024070618,48,60,50,10
AL2024,2024070618,60,35,25,10
AL2024,2024070700,12,60,55,5
AL2024,2024070700,24,75,60,15
AL2024,2024070700,36,75,70,5
AL2024,2024070700,48,40,30,10
AL2024,2024070706,12,60,55,5
AL2024,2024070706,24,75,70,5
AL2024,2024070706,36,45,50,-5
AL2024,2024070706,48,30,25,5
AL2024,2024070712,12,65,60,5
AL2024,2024070712,24,75,70,5
AL2024,2024070712,36,35,30,5
AL2024,2024070718,12,75,70,5
AL2024,2024070718,24,50,50,0
AL2024,2024070718,36,30,25,5
AL2024,2024070800,12,65,70,-5
AL2024,2024070800,24,40,30,10
AL2024,2024070806,12,55,50,5
AL2024,2024070806,24,35,25,10
AL2024,2024070812,12,40,30,10
AL2024,2024070818,12,30,25,5
AL2025,2025062818,12,30,30,0
AL2025,2025062818,24,35,40,-5
AL2025,2025062818,36,35,25,10
AL2025,2025062900,12,30,35,-5
AL2025,2025062900,24,35,35,0
AL2025,2025062906,12,35,40,-5
AL2025,2025062906,24,30,25,5
AL2025,2025062912,12,40,35,5
AL2025,2025062918,12,30,25,5
AL2023,2023061912,12,40,35,5
AL2023,2023061912,24,45,35,10
AL2023,2023061912,36,55,45,10
AL2023,2023061912,48,60,50,10
AL2023,2023061912,60,65,55,10
AL2023,2023061912,72,70,60,10
AL2023,2023061912,96,70,50,20
AL2023,2023061912,120,65,40,25
AL2023,2023061918,12,40,35,5
AL2023,2023061918,24,50,40,10
AL2023,2023061918,36,60,50,10
AL2023,2023061918,48,65,55,10
AL2023,2023061918,60,70,60,10
AL2023,2023061918,72,70,55,15
AL2023,2023061918,96,65,45,20
AL2023,2023062000,12,45,35,10
AL2023,2023062000,24,55,45,10
AL2023,2023062000,36,60,50,10
AL2023,2023062000,48,65,55,10
AL2023,2023062000,60,65,60,5
AL2023,2023062000,72,60,55,5
AL2023,2023062000,96,55,45,10
AL2023,2023062006,12,45,40,5
AL2023,2023062006,24,55,50,5
AL2023,2023062006,36,60,55,5
AL2023,2023062006,48,65,60,5
AL2023,2023062006,60,65,55,10
AL2023,2023062006,72,60,50,10
AL2023,2023062006,96,55,40,15
AL2023,2023062012,12,40,45,-5
AL2023,2023062012,24,45,50,-5
AL2023,2023062012,36,50,55,-5
AL2023,2023062012,48,55,60,-5
AL2023,2023062012,60,55,55,0
AL2023,2023062012,72,50,50,0
AL2023,2023062012,96,45,40,5
AL2023,2023062018,12,45,50,-5
AL2023,2023062018,24,50,55,-5
AL2023,2023062018,36,55,60,-5
AL2023,2023062018,48,55,55,0
AL2023,2023062018,60,55,50,5
AL2023,2023062018,72,50,45,5
AL2023,2023062100,12,50,50,0
AL2023,2023062100,24,55,55,0
AL2023,2023062100,36,55,60,-5
AL2023,2023062100,48,55,55,0
AL2023,2023062100,60,50,50,0
AL2023,2023062100,72,45,45,0
AL2023,2023062106,12,55,55,0
AL2023,2023062106,24,55,60,-5
AL2023,2023062106,36,55,55,0
AL2023,2023062106,48,50,50,0
AL2023,2023062106,60,45,45,0
AL2023,2023062106,72,40,40,0
AL2023,2023062112,12,55,55,0
AL2023,2023062112,24,55,60,-5
AL2023,2023062112,36,55,55,0
AL2023,2023062112,48,50,50,0
AL2023,2023062112,60,45,45,0
AL2023,2023062112,72,40,40,0
AL2023,2023062118,12,55,60,-5
AL2023,2023062118,24,55,55,0
AL2023,2023062118,36,50,50,0
AL2023,2023062118,48,50,45,5
AL2023,2023062118,60,45,40,5
AL2023,2023062200,12,55,60,-5
AL2023,2023062200,24,55,55,0
AL2023,2023062200,36,50,50,0
AL2023,2023062200,48,45,45,0
AL2023,2023062200,60,40,40,0
AL2023,2023062206,12,60,55,5
AL2023,2023062206,24,55,50,5
AL2023,2023062206,36,50,45,5
AL2023,2023062206,48,45,40,5
AL2023,2023062212,12,60,55,5
AL2023,2023062212,24,55,50,5
AL2023,2023062212,36,50,45,5
AL2023,2023062212,48,45,40,5
AL2023,2023062218,12,50,50,0
AL2023,2023062218,24,45,45,0
AL2023,2023062218,36,40,40,0
AL2023,2023062300,12,50,50,0
AL2023,2023062300,24,45,45,0
AL2023,2023062300,36,40,40,0
AL2023,2023062306,12,45,45,0
AL2023,2023062306,24,40,40,0
AL2023,2023062312,12,45,45,0
AL2023,2023062312,24,40,40,0
AL2023,2023062318,12,40,40,0
AL2023,2023062400,12,40,40,0
AL2024,2024063018,12,35,30,5
AL2025,2025070418,12,30,35,-5
AL2025,2025070418,24,35,40,-5
AL2025,2025070418,36,35,50,-15
AL2025,2025070418,48,30,25,5
AL2025,2025070418,60,25,25,0
AL2025,2025070500,12,35,35,0
AL2025,2025070500,24,40,45,-5
AL2025,2025070500,36,35,35,0
AL2025,2025070500,48,30,25,5
AL2025,2025070506,12,35,40,-5
AL2025,2025070506,24,40,50,-10
AL2025,2025070506,36,35,25,10
AL2025,2025070506,48,30,25,5
AL2025,2025070512,12,45,45,0
AL2025,2025070512,24,45,35,10
AL2025,2025070512,36,30,25,5
AL2025,2025070518,12,45,50,-5
AL2025,2025070518,24,30,25,5
AL2025,2025070518,36,25,25,0
AL2025,2025070600,12,35,35,0
AL2025,2025070600,24,25,25,0
AL2025,2025070606,12,30,25,5
AL2025,2025070606,24,25,25,0
AL2025,2025070612,12,25,25,0
AL2025,2025070618,12,20,25,-5
AL2023,2023062206,12,35,30,5
AL2023,2023062206,24,40,40,0
AL2023,2023062206,36,45,45,0
AL2023,2023062206,48,50,50,0
AL2023,2023062206,60,50,50,0
AL2023,2023062206,72,50,45,5
AL2023,2023062212,12,35,35,0
AL2023,2023062212,24,40,45,-5
AL2023,2023062212,36,45,45,0
AL2023,2023062212,48,50,50,0
AL2023,2023062212,60,50,45,5
AL2023,2023062212,72,45,40,5
AL2023,2023062218,12,35,40,-5
AL2023,2023062218,24,40,45,-5
AL2023,2023062218,36,45,50,-5
AL2023,2023062218,48,50,50,0
AL2023,2023062218,60,50,45,5
AL2023,2023062218,72,45,40,5
AL2023,2023062300,12,40,45,-5
AL2023,2023062300,24,45,45,0
AL2023,2023062300,36,50,50,0
AL2023,2023062300,48,50,45,5
AL2023,2023062300,60,45,40,5
AL2023,2023062300,72,40,35,5
AL2023,2023062306,12,45,45,0
AL2023,2023062306,24,50,50,0
AL2023,2023062306,36,50,50,0
AL2023,2023062306,48,50,45,5
AL2023,2023062306,60,45,40,5
AL2023,2023062312,12,50,45,5
AL2023,2023062312,24,55,50,5
AL2023,2023062312,36,50,45,5
AL2023,2023062312,48,45,40,5
AL2023,2023062312,60,40,35,5
AL2023,2023062318,12,50,50,0
AL2023,2023062318,24,50,50,0
AL2023,2023062318,36,45,45,0
AL2023,2023062318,48,40,40,0
AL2023,2023062400,12,50,50,0
AL2023,2023062400,24,50,45,5
AL2023,2023062400,36,45,40,5
AL2023,2023062400,48,40,35,5
AL2023,2023062406,12,50,50,0
AL2023,2023062406,24,45,45,0
AL2023,2023062406,36,40,40,0
AL2023,2023062412,12,45,45,0
AL2023,2023062412,24,45,40,5
AL2023,2023062412,36,40,35,5
AL2023,2023062418,12,45,45,0
AL2023,2023062418,24,40,40,0
AL2023,2023062500,12,45,40,5
AL2023,2023062500,24,40,35,5
AL2023,2023062506,12,40,40,0
AL2023,2023062512,12,35,35,0
AL2024,2024080300,12,30,30,0
AL2024,2024080300,24,35,35,0
AL2024,2024080300,36,45,50,-5
AL2024,2024080300,48,55,70,-15
AL2024,2024080300,60,60,65,-5
AL2024,2024080300,72,40,45,-5
AL2024,2024080300,96,45,40,5
AL2024,2024080300,120,55,45,10
AL2024,2024080306,12,30,35,-5
AL2024,2024080306,24,40,40,0
AL2024,2024080306,36,50,60,-10
AL2024,2024080306,48,60,70,-10
AL2024,2024080306,60,45,50,-5
AL2024,2024080306,72,35,45,-10
AL2024,2024080306,96,45,45,0
AL2024,2024080306,120,55,40,15
AL2024,2024080312,12,30,35,-5
AL2024,2024080312,24,40,50,-10
AL2024,2024080312,36,50,70,-20
AL2024,2024080312,48,60,65,-5
AL2024,2024080312,60,40,45,-5
AL2024,2024080312,72,35,40,-5
AL2024,2024080312,96,40,50,-10
AL2024,2024080312,120,55,40,15
AL2024,2024080318,12,40,40,0
AL2024,2024080318,24,45,60,-15
AL2024,2024080318,36,55,70,-15
AL2024,2024080318,48,65,50,15
AL2024,2024080318,60,40,45,-5
AL2024,2024080318,72,35,40,-5
AL2024,2024080318,96,40,50,-10
AL2024,2024080318,120,50,40,10
AL2024,2024080400,12,50,50,0
AL2024,2024080400,24,60,70,-10
AL2024,2024080400,36,75,65,10
AL2024,2024080400,48,55,45,10
AL2024,2024080400,60,40,40,0
AL2024,2024080400,72,40,40,0
AL2024,2024080400,96,45,45,0
AL2024,2024080406,12,60,60,0
AL2024,2024080406,24,75,70,5
AL2024,2024080406,36,65,50,15
AL2024,2024080406,48,40,45,-5
AL2024,2024080406,60,40,40,0
AL2024,2024080406,72,45,45,0
AL2024,2024080406,96,45,40,5
AL2024,2024080412,12,65,70,-5
AL2024,2024080412,24,80,65,15
AL2024,2024080412,36,60,45,15
AL2024,2024080412,48,40,40,0
AL2024,2024080412,60,35,40,-5
AL2024,2024080412,72,45,50,-5
AL2024,2024080412,96,40,40,0
AL2024,2024080418,12,75,70,5
AL2024,2024080418,24,75,50,25
AL2024,2024080418,36,45,45,0
AL2024,2024080418,48,35,40,-5
AL2024,2024080418,60,40,45,-5
AL2024,2024080418,72,45,50,-5
AL2024,2024080418,96,45,40,5
AL2024,2024080500,12,75,65,10
AL2024,2024080500,24,50,45,5
AL2024,2024080500,36,40,40,0
AL2024,2024080500,48,35,40,-5
AL2024,2024080500,60,40,50,-10
AL2024,2024080500,72,45,45,0
AL2024,2024080506,12,55,50,5
AL2024,2024080506,24,45,45,0
AL2024,2024080506,36,45,40,5
AL2024,2024080506,48,45,45,0
AL2024,2024080506,60,45,50,-5
AL2024,2024080506,72,50,40,10
AL2024,2024080512,12,50,45,5
AL2024,2024080512,24,40,40,0
AL2024,2024080512,36,40,40,0
AL2024,2024080512,48,45,50,-5
AL2024,2024080512,60,45,45,0
AL2024,2024080512,72,50,40,10
AL2024,2024080518,12,35,45,-10
AL2024,2024080518,24,35,40,-5
AL2024,2024080518,36,35,45,-10
AL2024,2024080518,48,40,50,-10
AL2024,2024080518,60,45,40,5
AL2024,2024080518,72,50,40,10
AL2024,2024080600,12,35,40,-5
AL2024,2024080600,24,35,40,-5
AL2024,2024080600,36,40,50,-10
AL2024,2024080600,48,45,45,0
AL2024,2024080600,60,50,40,10
AL2024,2024080606,12,40,40,0
AL2024,2024080606,24,40,45,-5
AL2024,2024080606,36,45,50,-5
AL2024,2024080606,48,50,40,10
AL2024,2024080606,60,45,40,5
AL2024,2024080612,12,40,40,0
AL2024,2024080612,24,45,50,-5
AL2024,2024080612,36,50,45,5
AL2024,2024080612,48,50,40,10
AL2024,2024080618,12,40,45,-5
AL2024,2024080618,24,45,50,-5
AL2024,2024080618,36,50,40,10
AL2024,2024080618,48,45,40,5
AL2024,2024080700,12,40,50,-10
AL2024,2024080700,24,45,45,0
AL2024,2024080700,36,45,40,5
AL2024,2024080706,12,45,50,-5
AL2024,2024080706,24,45,40,5
AL2024,2024080706,36,35,40,-5
AL2024,2024080712,12,55,45,10
AL2024,2024080712,24,45,40,5
AL2024,2024080718,12,55,40,15
AL2024,2024080718,24,40,40,0
AL2024,2024080800,12,45,40,5
AL2024,2024080806,12,35,40,-5
AL2025,2025080400,12,45,40,5
AL2025,2025080400,24,45,40,5
AL2025,2025080400,36,45,35,10
AL2025,2025080400,48,45,40,5
AL2025,2025080400,60,45,50,-5
AL2025,2025080406,12,45,40,5
AL2025,2025080406,24,45,35,10
AL2025,2025080406,36,45,35,10
AL2025,2025080406,48,45,45,0
AL2025,2025080406,60,45,50,-5
AL2025,2025080412,12,45,40,5
AL2025,2025080412,24,45,35,10
AL2025,2025080412,36,45,40,5
AL2025,2025080412,48,45,50,-5
AL2025,2025080418,12,40,35,5
AL2025,2025080418,24,40,35,5
AL2025,2025080418,36,40,45,-5
AL2025,2025080418,48,40,50,-10
AL2025,2025080500,12,40,35,5
AL2025,2025080500,24,40,40,0
AL2025,2025080500,36,40,50,-10
AL2025,2025080506,12,35,35,0
AL2025,2025080506,24,35,45,-10
AL2025,2025080506,36,40,50,-10
AL2025,2025080512,12,35,40,-5
AL2025,2025080512,24,40,50,-10
AL2025,2025080518,12,35,45,-10
AL2025,2025080518,24,40,50,-10
AL2025,2025080600,12,35,50,-15
AL2025,2025080606,12,45,50,-5
AL2023,2023071406,12,45,40,5
AL2023,2023071406,24,45,40,5
AL2023,2023071406,36,45,35,10
AL2023,2023071406,48,40,35,5
AL2023,2023071406,60,40,30,10
AL2023,2023071406,72,35,30,5
AL2023,2023071406,96,35,35,0
AL2023,2023071406,120,40,35,5
AL2023,2023071412,12,40,40,0
AL2023,2023071412,24,40,40,0
AL2023,2023071412,36,35,35,0
AL2023,2023071412,48,35,30,5
AL2023,2023071412,60,35,30,5
AL2023,2023071412,72,35,30,5
AL2023,2023071412,96,35,35,0
AL2023,2023071412,120,40,35,5
AL2023,2023071418,12,40,40,0
AL2023,2023071418,24,40,35,5
AL2023,2023071418,36,35,35,0
AL2023,2023071418,48,35,30,5
AL2023,2023071418,60,35,30,5
AL2023,2023071418,72,35,30,5
AL2023,2023071418,96,35,35,0
AL2023,2023071418,120,40,40,0
AL2023,2023071500,12,40,40,0
AL2023,2023071500,24,40,35,5
AL2023,2023071500,36,35,30,5
AL2023,2023071500,48,35,30,5
AL2023,2023071500,60,35,30,5
AL2023,2023071500,72,35,35,0
AL2023,2023071500,96,35,35,0
AL2023,2023071500,120,40,45,-5
AL2023,2023071506,12,40,35,5
AL2023,2023071506,24,40,35,5
AL2023,2023071506,36,35,30,5
AL2023,2023071506,48,35,30,5
AL2023,2023071506,60,35,30,5
AL2023,2023071506,72,35,35,0
AL2023,2023071506,96,35,35,0
AL2023,2023071506,120,40,45,-5
AL2023,2023071512,12,35,35,0
AL2023,2023071512,24,35,30,5
AL2023,2023071512,36,35,30,5
AL2023,2023071512,48,35,30,5
AL2023,2023071512,60,35,35,0
AL2023,2023071512,72,35,35,0
AL2023,2023071512,96,35,35,0
AL2023,2023071512,120,40,40,0
AL2023,2023071518,12,35,35,0
AL2023,2023071518,24,30,30,0
AL2023,2023071518,36,30,30,0
AL2023,2023071518,48,30,30,0
AL2023,2023071518,60,30,35,-5
AL2023,2023071518,72,30,35,-5
AL2023,2023071518,96,35,40,-5
AL2023,2023071518,120,35,40,-5
AL2023,2023071600,12,35,30,5
AL2023,2023071600,24,30,30,0
AL2023,2023071600,36,30,30,0
AL2023,2023071600,48,30,35,-5
AL2023,2023071600,60,30,35,-5
AL2023,2023071600,72,30,35,-5
AL2023,2023071600,96,35,45,-10
AL2023,2023071600,120,35,40,-5
AL2023,2023071606,12,35,30,5
AL2023,2023071606,24,30,30,0
AL2023,2023071606,36,30,30,0
AL2023,2023071606,48,30,35,-5
AL2023,2023071606,60,30,35,-5
AL2023,2023071606,72,30,35,-5
AL2023,2023071606,96,35,45,-10
AL2023,2023071606,120,35,40,-5
AL2023,2023071612,12,30,30,0
AL2023,2023071612,24,30,30,0
AL2023,2023071612,36,30,35,-5
AL2023,2023071612,48,30,35,-5
AL2023,2023071612,60,30,35,-5
AL2023,2023071612,72,30,35,-5
AL2023,2023071612,96,35,40,-5
AL2023,2023071612,120,35,45,-10
AL2023,2023071618,12,30,30,0
AL2023,2023071618,24,30,30,0
AL2023,2023071618,36,30,35,-5
AL2023,2023071618,48,30,35,-5
AL2023,2023071618,60,30,35,-5
AL2023,2023071618,72,30,40,-10
AL2023,2023071618,96,35,40,-5
AL2023,2023071618,120,35,45,-10
AL2023,2023071700,12,30,30,0
AL2023,2023071700,24,30,35,-5
AL2023,2023071700,36,30,35,-5
AL2023,2023071700,48,35,35,0
AL2023,2023071700,60,35,35,0
AL2023,2023071700,72,40,45,-5
AL2023,2023071700,96,40,40,0
AL2023,2023071700,120,40,45,-5
AL2023,2023071706,12,30,30,0
AL2023,2023071706,24,30,35,-5
AL2023,2023071706,36,30,35,-5
AL2023,2023071706,48,35,35,0
AL2023,2023071706,60,35,40,-5
AL2023,2023071706,72,40,45,-5
AL2023,2023071706,96,40,40,0
AL2023,2023071706,120,40,45,-5
AL2023,2023071712,12,30,35,-5
AL2023,2023071712,24,30,35,-5
AL2023,2023071712,36,30,35,-5
AL2023,2023071712,48,35,35,0
AL2023,2023071712,60,35,45,-10
AL2023,2023071712,72,40,40,0
AL2023,2023071712,96,45,45,0
AL2023,2023071712,120,40,55,-15
AL2023,2023071718,12,30,35,-5
AL2023,2023071718,24,30,35,-5
AL2023,2023071718,36,30,35,-5
AL2023,2023071718,48,35,40,-5
AL2023,2023071718,60,35,45,-10
AL2023,2023071718,72,40,40,0
AL2023,2023071718,96,45,45,0
AL2023,2023071718,120,45,65,-20
AL2023,2023071800,12,35,35,0
AL2023,2023071800,24,35,35,0
AL2023,2023071800,36,35,35,0
AL2023,2023071800,48,40,45,-5
AL2023,2023071800,60,40,40,0
AL2023,2023071800,72,45,40,5
AL2023,2023071800,96,45,45,0
AL2023,2023071800,120,45,65,-20
AL2023,2023071806,12,35,35,0
AL2023,2023071806,24,35,35,0
AL2023,2023071806,36,40,40,0
AL2023,2023071806,48,40,45,-5
AL2023,2023071806,60,45,40,5
AL2023,2023071806,72,45,40,5
AL2023,2023071806,96,45,45,0
AL2023,2023071806,120,45,60,-15
AL2023,2023071812,12,35,35,0
AL2023,2023071812,24,35,35,0
AL2023,2023071812,36,40,45,-5
AL2023,2023071812,48,40,40,0
AL2023,2023071812,60,45,40,5
AL2023,2023071812,72,45,45,0
AL2023,2023071812,96,45,55,-10
AL2023,2023071812,120,45,55,-10
AL2023,2023071818,12,35,35,0
AL2023,2023071818,24,35,40,-5
AL2023,2023071818,36,40,45,-5
AL2023,2023071818,48,40,40,0
AL2023,2023071818,60,45,40,5
AL2023,2023071818,72,45,45,0
AL2023,2023071818,96,45,65,-20
AL2023,2023071818,120,40,50,-10
AL2023,2023071900,12,35,35,0
AL2023,2023071900,24,40,45,-5
AL2023,2023071900,36,40,40,0
AL2023,2023071900,48,45,40,5
AL2023,2023071900,60,45,45,0
AL2023,2023071900,72,45,45,0
AL2023,2023071900,96,45,65,-20
AL2023,2023071900,120,35,45,-10
AL2023,2023071906,12,35,40,-5
AL2023,2023071906,24,40,45,-5
AL2023,2023071906,36,40,40,0
AL2023,2023071906,48,45,40,5
AL2023,2023071906,60,45,45,0
AL2023,2023071906,72,45,45,0
AL2023,2023071906,96,45,60,-15
AL2023,2023071912,12,40,45,-5
AL2023,2023071912,24,45,40,5
AL2023,2023071912,36,45,40,5
AL2023,2023071912,48,45,45,0
AL2023,2023071912,60,45,45,0
AL2023,2023071912,72,45,55,-10
AL2023,2023071912,96,45,55,-10
AL2023,2023071918,12,45,45,0
AL2023,2023071918,24,50,40,10
AL2023,2023071918,36,50,40,10
AL2023,2023071918,48,50,45,5
AL2023,2023071918,60,45,45,0
AL2023,2023071918,72,45,65,-20
AL2023,2023071918,96,45,50,-5
AL2023,2023072000,12,50,40,10
AL2023,2023072000,24,50,40,10
AL2023,2023072000,36,50,45,5
AL2023,2023072000,48,50,45,5
AL2023,2023072000,60,45,55,-10
AL2023,2023072000,72,45,65,-20
AL2023,2023072000,96,40,45,-5
AL2023,2023072006,12,50,40,10
AL2023,2023072006,24,50,40,10
AL2023,2023072006,36,50,45,5
AL2023,2023072006,48,50,45,5
AL2023,2023072006,60,45,65,-20
AL2023,2023072006,72,45,60,-15
AL2023,2023072012,12,50,40,10
AL2023,2023072012,24,50,45,5
AL2023,2023072012,36,45,45,0
AL2023,2023072012,48,45,55,-10
AL2023,2023072012,60,40,65,-25
AL2023,2023072012,72,40,55,-15
AL2023,2023072018,12,45,40,5
AL2023,2023072018,24,45,45,0
AL2023,2023072018,36,45,45,0
AL2023,2023072018,48,45,65,-20
AL2023,2023072018,60,40,60,-20
AL2023,2023072018,72,35,50,-15
AL2023,2023072100,12,45,45,0
AL2023,2023072100,24,45,45,0
AL2023,2023072100,36,45,55,-10
AL2023,2023072100,48,40,65,-25
AL2023,2023072100,60,35,55,-20
AL2023,2023072100,72,30,45,-15
AL2023,2023072106,12,45,45,0
AL2023,2023072106,24,45,45,0
AL2023,2023072106,36,45,65,-20
AL2023,2023072106,48,40,60,-20
AL2023,2023072106,60,35,50,-15
AL2023,2023072112,12,45,45,0
AL2023,2023072112,24,45,55,-10
AL2023,2023072112,36,45,65,-20
AL2023,2023072112,48,40,55,-15
AL2023,2023072112,60,35,45,-10
AL2023,2023072118,12,55,45,10
AL2023,2023072118,24,55,65,-10
AL2023,2023072118,36,50,60,-10
AL2023,2023072118,48,40,50,-10
AL2023,2023072200,12,55,55,0
AL2023,2023072200,24,55,65,-10
AL2023,2023072200,36,50,55,-5
AL2023,2023072200,48,40,45,-5
AL2023,2023072206,12,55,65,-10
AL2023,2023072206,24,55,60,-5
AL2023,2023072206,36,45,50,-5
AL2023,2023072212,12,55,65,-10
AL2023,2023072212,24,50,55,-5
AL2023,2023072212,36,45,45,0
AL2023,2023072218,12,60,60,0
AL2023,2023072218,24,50,50,0
AL2023,2023072300,12,55,55,0
AL2023,2023072300,24,45,45,0
AL2023,2023072306,12,45,50,-5
AL2023,2023072312,12,45,45,0
AL2024,2024081212,12,35,35,0
AL2024,2024081212,24,35,40,-5
AL2024,2024081212,36,40,55,-15
AL2024,2024081212,48,45,65,-20
AL2024,2024081212,60,55,70,-15
AL2024,2024081212,72,65,75,-10
AL2024,2024081212,96,85,85,0
AL2024,2024081212,120,95,70,25
AL2024,2024081218,12,40,35,5
AL2024,2024081218,24,45,50,-5
AL2024,2024081218,36,50,60,-10
AL2024,2024081218,48,60,65,-5
AL2024,2024081218,60,70,75,-5
AL2024,2024081218,72,80,80,0
AL2024,2024081218,96,95,85,10
AL2024,2024081218,120,95,65,30
AL2024,2024081300,12,40,40,0
AL2024,2024081300,24,50,55,-5
AL2024,2024081300,36,60,65,-5
AL2024,2024081300,48,70,70,0
AL2024,2024081300,60,80,75,5
AL2024,2024081300,72,90,85,5
AL2024,2024081300,96,95,80,15
AL2024,2024081300,120,95,60,35
AL2024,2024081306,12,40,50,-10
AL2024,2024081306,24,50,60,-10
AL2024,2024081306,36,60,65,-5
AL2024,2024081306,48,70,75,-5
AL2024,2024081306,60,80,80,0
AL2024,2024081306,72,90,85,5
AL2024,2024081306,96,95,75,20
AL2024,2024081306,120,95,60,35
AL2024,2024081312,12,55,55,0
AL2024,2024081312,24,65,65,0
AL2024,2024081312,36,75,70,5
AL2024,2024081312,48,85,75,10
AL2024,2024081312,60,90,85,5
AL2024,2024081312,72,95,85,10
AL2024,2024081312,96,95,70,25
AL2024,2024081312,120,90,60,30
AL2024,2024081318,12,65,60,5
AL2024,2024081318,24,75,65,10
AL2024,2024081318,36,85,75,10
AL2024,2024081318,48,90,80,10
AL2024,2024081318,60,95,85,10
AL2024,2024081318,72,95,85,10
AL2024,2024081318,96,90,65,25
AL2024,2024081318,120,90,65,25
AL2024,2024081400,12,65,65,0
AL2024,2024081400,24,80,70,10
AL2024,2024081400,36,90,75,15
AL2024,2024081400,48,95,85,10
AL2024,2024081400,60,100,85,15
AL2024,2024081400,72,100,80,20
AL2024,2024081400,96,90,60,30
AL2024,2024081400,120,85,70,15
AL2024,2024081406,12,70,65,5
AL2024,2024081406,24,85,75,10
AL2024,2024081406,36,95,80,15
AL2024,2024081406,48,100,85,15
AL2024,2024081406,60,100,85,15
AL2024,2024081406,72,95,75,20
AL2024,2024081406,96,90,60,30
AL2024,2024081406,120,80,75,5
AL2024,2024081412,12,70,70,0
AL2024,2024081412,24,80,75,5
AL2024,2024081412,36,90,85,5
AL2024,2024081412,48,100,85,15
AL2024,2024081412,60,95,80,15
AL2024,2024081412,72,90,70,20
AL2024,2024081412,96,85,60,25
AL2024,2024081412,120,80,85,-5
AL2024,2024081418,12,75,75,0
AL2024,2024081418,24,85,80,5
AL2024,2024081418,36,95,85,10
AL2024,2024081418,48,100,85,15
AL2024,2024081418,60,95,75,20
AL2024,2024081418,72,90,65,25
AL2024,2024081418,96,85,65,20
AL2024,2024081418,120,80,80,0
AL2024,2024081500,12,80,75,5
AL2024,2024081500,24,90,85,5
AL2024,2024081500,36,100,85,15
AL2024,2024081500,48,95,80,15
AL2024,2024081500,60,90,70,20
AL2024,2024081500,72,90,60,30
AL2024,2024081500,96,90,70,20
AL2024,2024081500,120,75,75,0
AL2024,2024081506,12,85,80,5
AL2024,2024081506,24,95,85,10
AL2024,2024081506,36,100,85,15
AL2024,2024081506,48,95,75,20
AL2024,2024081506,60,90,65,25
AL2024,2024081506,72,90,60,30
AL2024,2024081506,96,90,75,15
AL2024,2024081506,120,65,65,0
AL2024,2024081512,12,85,85,0
AL2024,2024081512,24,95,85,10
AL2024,2024081512,36,90,80,10
AL2024,2024081512,48,85,70,15
AL2024,2024081512,60,80,60,20
AL2024,2024081512,72,80,60,20
AL2024,2024081512,96,80,85,-5
AL2024,2024081518,12,85,85,0
AL2024,2024081518,24,95,85,10
AL2024,2024081518,36,90,75,15
AL2024,2024081518,48,80,65,15
AL2024,2024081518,60,80,60,20
AL2024,2024081518,72,80,65,15
AL2024,2024081518,96,70,80,-10
AL2024,2024081600,12,95,85,10
AL2024,2024081600,24,95,80,15
AL2024,2024081600,36,85,70,15
AL2024,2024081600,48,80,60,20
AL2024,2024081600,60,80,60,20
AL2024,2024081600,72,80,70,10
AL2024,2024081600,96,70,75,-5
AL2024,2024081606,12,90,85,5
AL2024,2024081606,24,85,75,10
AL2024,2024081606,36,80,65,15
AL2024,2024081606,48,75,60,15
AL2024,2024081606,60,75,65,10
AL2024,2024081606,72,80,75,5
AL2024,2024081606,96,60,65,-5
AL2024,2024081612,12,80,80,0
AL2024,2024081612,24,75,70,5
AL2024,2024081612,36,70,60,10
AL2024,2024081612,48,70,60,10
AL2024,2024081612,60,75,70,5
AL2024,2024081612,72,80,85,-5
AL2024,2024081618,12,80,75,5
AL2024,2024081618,24,75,65,10
AL2024,2024081618,36,70,60,10
AL2024,2024081618,48,75,65,10
AL2024,2024081618,60,80,75,5
AL2024,2024081618,72,70,80,-10
AL2024,2024081700,12,75,70,5
AL2024,2024081700,24,70,60,10
AL2024,2024081700,36,75,60,15
AL2024,2024081700,48,80,70,10
AL2024,2024081700,60,80,85,-5
AL2024,2024081700,72,65,75,-10
AL2024,2024081706,12,70,65,5
AL2024,2024081706,24,70,60,10
AL2024,2024081706,36,75,65,10
AL2024,2024081706,48,80,75,5
AL2024,2024081706,60,70,80,-10
AL2024,2024081706,72,60,65,-5
AL2024,2024081712,12,65,60,5
AL2024,2024081712,24,65,60,5
AL2024,2024081712,36,65,70,-5
AL2024,2024081712,48,70,85,-15
AL2024,2024081712,60,60,75,-15
AL2024,2024081718,12,65,60,5
AL2024,2024081718,24,70,65,5
AL2024,2024081718,36,70,75,-5
AL2024,2024081718,48,65,80,-15
AL2024,2024081718,60,55,65,-10
AL2024,2024081800,12,60,60,0
AL2024,2024081800,24,65,70,-5
AL2024,2024081800,36,70,85,-15
AL2024,2024081800,48,65,75,-10
AL2024,2024081806,12,65,65,0
AL2024,2024081806,24,70,75,-5
AL2024,2024081806,36,65,80,-15
AL2024,2024081806,48,55,65,-10
AL2024,2024081812,12,65,70,-5
AL2024,2024081812,24,70,85,-15
AL2024,2024081812,36,60,75,-15
AL2024,2024081818,12,75,75,0
AL2024,2024081818,24,70,80,-10
AL2024,2024081818,36,55,65,-10
AL2024,2024081900,12,75,85,-10
AL2024,2024081900,24,65,75,-10
AL2024,2024081906,12,75,80,-5
AL2024,2024081906,24,65,65,0
AL2024,2024081912,12,70,75,-5
AL2024,2024081918,12,65,65,0
AL2025,2025081112,12,45,40,5
AL2025,2025081112,24,50,40,10
AL2025,2025081112,36,55,40,15
AL2025,2025081112,48,60,45,15
AL2025,2025081112,60,70,45,25
AL2025,2025081112,72,80,50,30
AL2025,2025081112,96,90,65,25
AL2025,2025081112,120,100,130,-30
AL2025,2025081118,12,45,40,5
AL2025,2025081118,24,50,40,10
AL2025,2025081118,36,55,40,15
AL2025,2025081118,48,60,45,15
AL2025,2025081118,60,70,45,25
AL2025,2025081118,72,80,55,25
AL2025,2025081118,96,95,65,30
AL2025,2025081118,120,100,140,-40
AL2025,2025081200,12,45,40,5
AL2025,2025081200,24,50,40,10
AL2025,2025081200,36,55,45,10
AL2025,2025081200,48,65,45,20
AL2025,2025081200,60,75,50,25
AL2025,2025081200,72,85,60,25
AL2025,2025081200,96,95,75,20
AL2025,2025081200,120,100,125,-25
AL2025,2025081206,12,45,40,5
AL2025,2025081206,24,50,40,10
AL2025,2025081206,36,55,45,10
AL2025,2025081206,48,65,45,20
AL2025,2025081206,60,75,55,20
AL2025,2025081206,72,85,60,25
AL2025,2025081206,96,95,95,0
AL2025,2025081206,120,100,110,-10
AL2025,2025081212,12,40,40,0
AL2025,2025081212,24,40,45,-5
AL2025,2025081212,36,45,45,0
AL2025,2025081212,48,55,50,5
AL2025,2025081212,60,65,60,5
AL2025,2025081212,72,75,65,10
AL2025,2025081212,96,90,130,-40
AL2025,2025081212,120,100,110,-10
AL2025,2025081218,12,40,40,0
AL2025,2025081218,24,45,45,0
AL2025,2025081218,36,50,45,5
AL2025,2025081218,48,60,55,5
AL2025,2025081218,60,75,60,15
AL2025,2025081218,72,85,65,20
AL2025,2025081218,96,95,140,-45
AL2025,2025081218,120,100,110,-10
AL2025,2025081300,12,45,45,0
AL2025,2025081300,24,45,45,0
AL2025,2025081300,36,50,50,0
AL2025,2025081300,48,60,60,0
AL2025,2025081300,60,75,65,10
AL2025,2025081300,72,85,75,10
AL2025,2025081300,96,100,125,-25
AL2025,2025081300,120,100,110,-10
AL2025,2025081306,12,45,45,0
AL2025,2025081306,24,50,45,5
AL2025,2025081306,36,55,55,0
AL2025,2025081306,48,65,60,5
AL2025,2025081306,60,75,65,10
AL2025,2025081306,72,85,95,-10
AL2025,2025081306,96,100,110,-10
AL2025,2025081306,120,100,115,-15
AL2025,2025081312,12,45,45,0
AL2025,2025081312,24,50,50,0
AL2025,2025081312,36,55,60,-5
AL2025,2025081312,48,65,65,0
AL2025,2025081312,60,75,75,0
AL2025,2025081312,72,85,130,-45
AL2025,2025081312,96,100,110,-10
AL2025,2025081312,120,105,120,-15
AL2025,2025081318,12,50,45,5
AL2025,2025081318,24,55,55,0
AL2025,2025081318,36,65,60,5
AL2025,2025081318,48,75,65,10
AL2025,2025081318,60,85,95,-10
AL2025,2025081318,72,95,140,-45
AL2025,2025081318,96,100,110,-10
AL2025,2025081318,120,105,115,-10
AL2025,2025081400,12,50,50,0
AL2025,2025081400,24,55,60,-5
AL2025,2025081400,36,70,65,5
AL2025,2025081400,48,85,75,10
AL2025,2025081400,60,95,130,-35
AL2025,2025081400,72,100,125,-25
AL2025,2025081400,96,105,110,-5
AL2025,2025081400,120,110,100,10
AL2025,2025081406,12,50,55,-5
AL2025,2025081406,24,55,60,-5
AL2025,2025081406,36,70,65,5
AL2025,2025081406,48,85,95,-10
AL2025,2025081406,60,95,140,-45
AL2025,2025081406,72,100,110,-10
AL2025,2025081406,96,105,115,-10
AL2025,2025081406,120,110,90,20
AL2025,2025081412,12,55,60,-5
AL2025,2025081412,24,65,65,0
AL2025,2025081412,36,80,75,5
AL2025,2025081412,48,90,130,-40
AL2025,2025081412,60,95,125,-30
AL2025,2025081412,72,100,110,-10
AL2025,2025081412,96,105,120,-15
AL2025,2025081412,120,110,85,25
AL2025,2025081418,12,55,60,-5
AL2025,2025081418,24,65,65,0
AL2025,2025081418,36,80,95,-15
AL2025,2025081418,48,90,140,-50
AL2025,2025081418,60,95,110,-15
AL2025,2025081418,72,100,110,-10
AL2025,2025081418,96,105,115,-10
AL2025,2025081418,120,110,85,25
AL2025,2025081500,12,70,65,5
AL2025,2025081500,24,80,75,5
AL2025,2025081500,36,90,130,-40
AL2025,2025081500,48,100,125,-25
AL2025,2025081500,60,110,110,0
AL2025,2025081500,72,115,110,5
AL2025,2025081500,96,110,100,10
AL2025,2025081500,120,105,85,20
AL2025,2025081506,12,70,65,5
AL2025,2025081506,24,80,95,-15
AL2025,2025081506,36,90,140,-50
AL2025,2025081506,48,100,110,-10
AL2025,2025081506,60,110,110,0
AL2025,2025081506,72,115,115,0
AL2025,2025081506,96,110,90,20
AL2025,2025081506,120,105,90,15
AL2025,2025081512,12,75,75,0
AL2025,2025081512,24,90,130,-40
AL2025,2025081512,36,105,125,-20
AL2025,2025081512,48,110,110,0
AL2025,2025081512,60,115,110,5
AL2025,2025081512,72,120,120,0
AL2025,2025081512,96,115,85,30
AL2025,2025081512,120,110,95,15
AL2025,2025081518,12,75,95,-20
AL2025,2025081518,24,90,140,-50
AL2025,2025081518,36,105,110,-5
AL2025,2025081518,48,115,110,5
AL2025,2025081518,60,120,115,5
AL2025,2025081518,72,125,115,10
AL2025,2025081518,96,120,85,35
AL2025,2025081518,120,115,95,20
AL2025,2025081600,12,100,130,-30
AL2025,2025081600,24,115,125,-10
AL2025,2025081600,36,125,110,15
AL2025,2025081600,48,120,110,10
AL2025,2025081600,60,115,120,-5
AL2025,2025081600,72,110,100,10
AL2025,2025081600,96,105,85,20
AL2025,2025081600,120,100,95,5
AL2025,2025081606,12,130,140,-10
AL2025,2025081606,24,130,110,20
AL2025,2025081606,36,125,110,15
AL2025,2025081606,48,120,115,5
AL2025,2025081606,60,115,115,0
AL2025,2025081606,72,110,90,20
AL2025,2025081606,96,105,90,15
AL2025,2025081606,120,95,90,5
AL2025,2025081612,12,145,125,20
AL2025,2025081612,24,140,110,30
AL2025,2025081612,36,135,110,25
AL2025,2025081612,48,130,120,10
AL2025,2025081612,60,125,100,25
AL2025,2025081612,72,120,85,35
AL2025,2025081612,96,115,95,20
AL2025,2025081612,120,95,90,5
AL2025,2025081618,12,140,110,30
AL2025,2025081618,24,140,110,30
AL2025,2025081618,36,135,115,20
AL2025,2025081618,48,130,115,15
AL2025,2025081618,60,125,90,35
AL2025,2025081618,72,120,85,35
AL2025,2025081618,96,110,95,15
AL2025,2025081618,120,100,85,15
AL2025,2025081700,12,115,110,5
AL2025,2025081700,24,130,110,20
AL2025,2025081700,36,120,120,0
AL2025,2025081700,48,115,100,15
AL2025,2025081700,60,110,85,25
AL2025,2025081700,72,105,85,20
AL2025,2025081700,96,100,95,5
AL2025,2025081700,120,90,85,5
AL2025,2025081706,12,115,110,5
AL2025,2025081706,24,125,115,10
AL2025,2025081706,36,120,115,5
AL2025,2025081706,48,115,90,25
AL2025,2025081706,60,110,85,25
AL2025,2025081706,72,105,90,15
AL2025,2025081706,96,95,90,5
AL2025,2025081706,120,85,80,5
AL2025,2025081712,12,115,110,5
AL2025,2025081712,24,125,120,5
AL2025,2025081712,36,120,100,20
AL2025,2025081712,48,115,85,30
AL2025,2025081712,60,110,85,25
AL2025,2025081712,72,105,95,10
AL2025,2025081712,96,95,90,5
AL2025,2025081712,120,85,80,5
AL2025,2025081718,12,115,115,0
AL2025,2025081718,24,125,115,10
AL2025,2025081718,36,120,90,30
AL2025,2025081718,48,115,85,30
AL2025,2025081718,60,110,90,20
AL2025,2025081718,72,105,95,10
AL2025,2025081718,96,95,85,10
AL2025,2025081800,12,125,120,5
AL2025,2025081800,24,115,100,15
AL2025,2025081800,36,110,85,25
AL2025,2025081800,48,105,85,20
AL2025,2025081800,60,100,95,5
AL2025,2025081800,72,95,95,0
AL2025,2025081800,96,90,85,5
AL2025,2025081806,12,125,115,10
AL2025,2025081806,24,115,90,25
AL2025,2025081806,36,110,85,25
AL2025,2025081806,48,105,90,15
AL2025,2025081806,60,100,95,5
AL2025,2025081806,72,95,90,5
AL2025,2025081806,96,85,80,5
AL2025,2025081812,12,125,100,25
AL2025,2025081812,24,115,85,30
AL2025,2025081812,36,110,85,25
AL2025,2025081812,48,105,95,10
AL2025,2025081812,60,100,95,5
AL2025,2025081812,72,95,90,5
AL2025,2025081812,96,90,80,10
AL2025,2025081818,12,120,90,30
AL2025,2025081818,24,115,85,30
AL2025,2025081818,36,105,90,15
AL2025,2025081818,48,100,95,5
AL2025,2025081818,60,100,90,10
AL2025,2025081818,72,95,85,10
AL2025,2025081900,12,105,85,20
AL2025,2025081900,24,105,85,20
AL2025,2025081900,36,110,95,15
AL2025,2025081900,48,110,95,15
AL2025,2025081900,60,105,90,15
AL2025,2025081900,72,100,85,15
AL2025,2025081906,12,95,85,10
AL2025,2025081906,24,95,90,5
AL2025,2025081906,36,100,95,5
AL2025,2025081906,48,100,90,10
AL2025,2025081906,60,95,85,10
AL2025,2025081906,72,90,80,10
AL2025,2025081912,12,90,85,5
AL2025,2025081912,24,90,95,-5
AL2025,2025081912,36,95,95,0
AL2025,2025081912,48,95,90,5
AL2025,2025081912,60,90,85,5
AL2025,2025081912,72,85,80,5
AL2025,2025081918,12,90,90,0
AL2025,2025081918,24,95,95,0
AL2025,2025081918,36,95,90,5
AL2025,2025081918,48,95,85,10
AL2025,2025081918,60,90,80,10
AL2025,2025082000,12,90,95,-5
AL2025,2025082000,24,95,95,0
AL2025,2025082000,36,100,90,10
AL2025,2025082000,48,95,85,10
AL2025,2025082000,60,90,80,10
AL2025,2025082006,12,90,95,-5
AL2025,2025082006,24,95,90,5
AL2025,2025082006,36,95,85,10
AL2025,2025082006,48,90,80,10
AL2025,2025082012,12,105,95,10
AL2025,2025082012,24,105,90,15
AL2025,2025082012,36,100,85,15
AL2025,2025082012,48,90,80,10
AL2025,2025082018,12,100,90,10
AL2025,2025082018,24,100,85,15
AL2025,2025082018,36,95,80,15
AL2025,2025082100,12,95,90,5
AL2025,2025082100,24,90,85,5
AL2025,2025082100,36,85,80,5
AL2025,2025082106,12,90,85,5
AL2025,2025082106,24,85,80,5
AL2025,2025082112,12,80,85,-5
AL2025,2025082112,24,80,80,0
AL2025,2025082118,12,80,80,0
AL2025,2025082200,12,80,80,0
AL2023,2023081918,12,30,30,0
AL2023,2023081918,24,30,35,-5
AL2023,2023081918,36,30,35,-5
AL2023,2023081918,48,25,25,0
AL2023,2023082000,12,30,35,-5
AL2023,2023082000,24,30,35,-5
AL2023,2023082000,36,25,30,-5
AL2023,2023082006,12,30,35,-5
AL2023,2023082006,24,25,35,-10
AL2023,2023082012,12,30,35,-5
AL2023,2023082012,24,25,30,-5
AL2023,2023082018,12,25,35,-10
AL2023,2023082100,12,25,30,-5
AL2023,2023082106,12,30,25,5
AL2023,2023082106,24,30,25,5
AL2023,2023082112,12,30,25,5
AL2023,2023082118,12,25,25,0
AL2023,2023090106,12,35,35,0
AL2023,2023090106,24,35,40,-5
AL2023,2023090106,36,30,45,-15
AL2023,2023090106,48,30,50,-20
AL2023,2023090106,60,30,45,-15
AL2023,2023090106,72,25,45,-20
AL2023,2023090112,12,35,35,0
AL2023,2023090112,24,35,45,-10
AL2023,2023090112,36,35,50,-15
AL2023,2023090112,48,30,50,-20
AL2023,2023090112,60,30,45,-15
AL2023,2023090118,12,40,40,0
AL2023,2023090118,24,40,45,-5
AL2023,2023090118,36,35,50,-15
AL2023,2023090118,48,35,45,-10
AL2023,2023090118,60,35,45,-10
AL2023,2023090200,12,40,45,-5
AL2023,2023090200,24,40,50,-10
AL2023,2023090200,36,35,50,-15
AL2023,2023090200,48,35,45,-10
AL2023,2023090206,12,40,45,-5
AL2023,2023090206,24,40,50,-10
AL2023,2023090206,36,35,45,-10
AL2023,2023090206,48,35,45,-10
AL2023,2023090212,12,45,50,-5
AL2023,2023090212,24,40,50,-10
AL2023,2023090212,36,40,45,-5
AL2023,2023090218,12,40,50,-10
AL2023,2023090218,24,40,45,-5
AL2023,2023090218,36,40,45,-5
AL2023,2023090300,12,50,50,0
AL2023,2023090300,24,45,45,0
AL2023,2023090306,12,50,45,5
AL2023,2023090306,24,45,45,0
AL2023,2023090312,12,45,45,0
AL2023,2023090318,12,40,45,-5
AL2024,2024090912,12,50,55,-5
AL2024,2024090912,24,55,55,0
AL2024,2024090912,36,65,65,0
AL2024,2024090912,48,75,80,-5
AL2024,2024090912,60,75,70,5
AL2024,2024090912,72,35,30,5
AL2024,2024090918,12,65,55,10
AL2024,2024090918,24,75,55,20
AL2024,2024090918,36,85,80,5
AL2024,2024090918,48,85,85,0
AL2024,2024090918,60,45,45,0
AL2024,2024091000,12,65,55,10
AL2024,2024091000,24,80,65,15
AL2024,2024091000,36,85,80,5
AL2024,2024091000,48,75,70,5
AL2024,2024091000,60,40,30,10
AL2024,2024091006,12,70,55,15
AL2024,2024091006,24,80,80,0
AL2024,2024091006,36,85,85,0
AL2024,2024091006,48,50,45,5
AL2024,2024091012,12,65,65,0
AL2024,2024091012,24,80,80,0
AL2024,2024091012,36,75,70,5
AL2024,2024091012,48,40,30,10
AL2024,2024091018,12,65,80,-15
AL2024,2024091018,24,80,85,-5
AL2024,2024091018,36,55,45,10
AL2024,2024091100,12,80,80,0
AL2024,2024091100,24,80,70,10
AL2024,2024091100,36,45,30,15
AL2024,2024091106,12,85,85,0
AL2024,2024091106,24,50,45,5
AL2024,2024091112,12,80,70,10
AL2024,2024091112,24,40,30,10
AL2024,2024091118,12,55,45,10
AL2024,2024091200,12,40,30,10
AL2025,2025082318,12,40,35,5
AL2025,2025082318,24,50,40,10
AL2025,2025082318,36,55,45,10
AL2025,2025082318,48,60,50,10
AL2025,2025082318,60,55,40,15
AL2025,2025082318,72,50,35,15
AL2025,2025082400,12,40,35,5
AL2025,2025082400,24,45,45,0
AL2025,2025082400,36,50,50,0
AL2025,2025082400,48,55,45,10
AL2025,2025082400,60,50,35,15
AL2025,2025082400,72,45,40,5
AL2025,2025082406,12,40,40,0
AL2025,2025082406,24,45,45,0
AL2025,2025082406,36,50,50,0
AL2025,2025082406,48,50,40,10
AL2025,2025082406,60,45,35,10
AL2025,2025082406,72,40,45,-5
AL2025,2025082412,12,40,45,-5
AL2025,2025082412,24,50,50,0
AL2025,2025082412,36,50,45,5
AL2025,2025082412,48,45,35,10
AL2025,2025082412,60,40,40,0
AL2025,2025082412,72,35,45,-10
AL2025,2025082418,12,45,45,0
AL2025,2025082418,24,50,50,0
AL2025,2025082418,36,45,40,5
AL2025,2025082418,48,40,35,5
AL2025,2025082418,60,35,45,-10
AL2025,2025082500,12,50,50,0
AL2025,2025082500,24,45,45,0
AL2025,2025082500,36,40,35,5
AL2025,2025082500,48,35,40,-5
AL2025,2025082500,60,35,45,-10
AL2025,2025082506,12,50,50,0
AL2025,2025082506,24,45,40,5
AL2025,2025082506,36,40,35,5
AL2025,2025082506,48,35,45,-10
AL2025,2025082512,12,50,45,5
AL2025,2025082512,24,45,35,10
AL2025,2025082512,36,40,40,0
AL2025,2025082512,48,35,45,-10
AL2025,2025082518,12,45,40,5
AL2025,2025082518,24,40,35,5
AL2025,2025082518,36,35,45,-10
AL2025,2025082600,12,40,35,5
AL2025,2025082600,24,35,40,-5
AL2025,2025082600,36,30,45,-15
AL2025,2025082606,12,35,35,0
AL2025,2025082606,24,35,45,-10
AL2025,2025082612,12,35,40,-5
AL2025,2025082612,24,40,45,-5
AL2025,2025082618,12,35,45,-10
AL2025,2025082700,12,40,45,-5
AL2023,2023082012,12,45,40,5
AL2024,2024091112,12,35,30,5
AL2024,2024091112,24,40,30,10
AL2024,2024091112,36,45,30,15
AL2024,2024091112,48,45,35,10
AL2024,2024091112,60,45,40,5
AL2024,2024091112,72,45,40,5
AL2024,2024091112,96,45,35,10
AL2024,2024091112,120,45,30,15
AL2024,2024091118,12,35,30,5
AL2024,2024091118,24,40,30,10
AL2024,2024091118,36,45,30,15
AL2024,2024091118,48,45,35,10
AL2024,2024091118,60,40,40,0
AL2024,2024091118,72,40,40,0
AL2024,2024091118,96,40,30,10
AL2024,2024091118,120,40,30,10
AL2024,2024091200,12,35,30,5
AL2024,2024091200,24,40,30,10
AL2024,2024091200,36,45,35,10
AL2024,2024091200,48,45,40,5
AL2024,2024091200,60,40,40,0
AL2024,2024091200,72,40,35,5
AL2024,2024091200,96,40,30,10
AL2024,2024091200,120,45,30,15
AL2024,2024091206,12,35,30,5
AL2024,2024091206,24,35,30,5
AL2024,2024091206,36,40,35,5
AL2024,2024091206,48,45,40,5
AL2024,2024091206,60,45,40,5
AL2024,2024091206,72,45,35,10
AL2024,2024091206,96,45,30,15
AL2024,2024091206,120,45,30,15
AL2024,2024091212,12,35,30,5
AL2024,2024091212,24,35,35,0
AL2024,2024091212,36,40,40,0
AL2024,2024091212,48,40,40,0
AL2024,2024091212,60,40,35,5
AL2024,2024091212,72,40,35,5
AL2024,2024091212,96,40,30,10
AL2024,2024091218,12,35,30,5
AL2024,2024091218,24,35,35,0
AL2024,2024091218,36,35,40,-5
AL2024,2024091218,48,40,40,0
AL2024,2024091218,60,40,35,5
AL2024,2024091218,72,40,30,10
AL2024,2024091218,96,40,30,10
AL2024,2024091300,12,35,35,0
AL2024,2024091300,24,35,40,-5
AL2024,2024091300,36,35,40,-5
AL2024,2024091300,48,35,35,0
AL2024,2024091300,60,35,35,0
AL2024,2024091300,72,35,30,5
AL2024,2024091300,96,40,30,10
AL2024,2024091306,12,35,35,0
AL2024,2024091306,24,35,40,-5
AL2024,2024091306,36,30,40,-10
AL2024,2024091306,48,30,35,-5
AL2024,2024091306,60,30,30,0
AL2024,2024091306,72,30,30,0
AL2024,2024091306,96,35,30,5
AL2024,2024091312,12,40,40,0
AL2024,2024091312,24,35,40,-5
AL2024,2024091312,36,35,35,0
AL2024,2024091312,48,30,35,-5
AL2024,2024091312,60,30,30,0
AL2024,2024091312,72,30,30,0
AL2024,2024091318,12,40,40,0
AL2024,2024091318,24,35,40,-5
AL2024,2024091318,36,30,35,-5
AL2024,2024091318,48,30,30,0
AL2024,2024091318,60,30,30,0
AL2024,2024091318,72,30,30,0
AL2024,2024091400,12,40,40,0
AL2024,2024091400,24,30,35,-5
AL2024,2024091400,36,30,35,-5
AL2024,2024091400,48,30,30,0
AL2024,2024091400,60,30,30,0
AL2024,2024091400,72,30,30,0
AL2024,2024091406,12,35,40,-5
AL2024,2024091406,24,30,35,-5
AL2024,2024091406,36,30,30,0
AL2024,2024091406,48,30,30,0
AL2024,2024091406,60,30,30,0
AL2024,2024091406,72,30,30,0
AL2024,2024091412,12,35,35,0
AL2024,2024091412,24,30,35,-5
AL2024,2024091412,36,30,30,0
AL2024,2024091412,48,30,30,0
AL2024,2024091412,60,30,30,0
AL2024,2024091418,12,35,35,0
AL2024,2024091418,24,30,30,0
AL2024,2024091418,36,30,30,0
AL2024,2024091418,48,30,30,0
AL2024,2024091418,60,30,30,0
AL2024,2024091500,12,30,35,-5
AL2024,2024091500,24,30,30,0
AL2024,2024091500,36,30,30,0
AL2024,2024091500,48,30,30,0
AL2024,2024091506,12,30,30,0
AL2024,2024091506,24,30,30,0
AL2024,2024091506,36,25,30,-5
AL2024,2024091506,48,25,30,-5
AL2024,2024091512,12,30,30,0
AL2024,2024091512,24,30,30,0
AL2024,2024091512,36,30,30,0
AL2024,2024091518,12,30,30,0
AL2024,2024091518,24,30,30,0
AL2024,2024091518,36,30,30,0
AL2024,2024091600,12,25,30,-5
AL2024,2024091600,24,25,30,-5
AL2024,2024091606,12,25,30,-5
AL2024,2024091606,24,25,30,-5
AL2024,2024091612,12,30,30,0
AL2024,2024091618,12,30,30,0
AL2025,2025091718,12,45,45,0
AL2025,2025091718,24,45,45,0
AL2025,2025091718,36,45,45,0
AL2025,2025091718,48,45,45,0
AL2025,2025091718,60,50,45,5
AL2025,2025091718,72,55,55,0
AL2025,2025091718,96,65,65,0
AL2025,2025091718,120,75,115,-40
AL2025,2025091800,12,45,45,0
AL2025,2025091800,24,40,45,-5
AL2025,2025091800,36,40,45,-5
AL2025,2025091800,48,40,45,-5
AL2025,2025091800,60,45,50,-5
AL2025,2025091800,72,50,55,-5
AL2025,2025091800,96,65,70,-5
AL2025,2025091800,120,75,120,-45
AL2025,2025091806,12,40,45,-5
AL2025,2025091806,24,40,45,-5
AL2025,2025091806,36,40,45,-5
AL2025,2025091806,48,40,45,-5
AL2025,2025091806,60,45,55,-10
AL2025,2025091806,72,50,55,-5
AL2025,2025091806,96,65,80,-15
AL2025,2025091806,120,75,120,-45
AL2025,2025091812,12,40,45,-5
AL2025,2025091812,24,40,45,-5
AL2025,2025091812,36,40,45,-5
AL2025,2025091812,48,40,50,-10
AL2025,2025091812,60,45,55,-10
AL2025,2025091812,72,50,60,-10
AL2025,2025091812,96,70,100,-30
AL2025,2025091812,120,80,120,-40
AL2025,2025091818,12,40,45,-5
AL2025,2025091818,24,40,45,-5
AL2025,2025091818,36,45,45,0
AL2025,2025091818,48,50,55,-5
AL2025,2025091818,60,55,55,0
AL2025,2025091818,72,65,65,0
AL2025,2025091818,96,85,115,-30
AL2025,2025091818,120,80,115,-35
AL2025,2025091900,12,45,45,0
AL2025,2025091900,24,45,45,0
AL2025,2025091900,36,50,50,0
AL2025,2025091900,48,55,55,0
AL2025,2025091900,60,60,60,0
AL2025,2025091900,72,70,70,0
AL2025,2025091900,96,90,120,-30
AL2025,2025091900,120,80,110,-30
AL2025,2025091906,12,45,45,0
AL2025,2025091906,24,50,45,5
AL2025,2025091906,36,55,55,0
AL2025,2025091906,48,60,55,5
AL2025,2025091906,60,70,65,5
AL2025,2025091906,72,80,80,0
AL2025,2025091906,96,90,120,-30
AL2025,2025091906,120,75,100,-25
AL2025,2025091912,12,45,45,0
AL2025,2025091912,24,50,50,0
AL2025,2025091912,36,55,55,0
AL2025,2025091912,48,65,60,5
AL2025,2025091912,60,75,70,5
AL2025,2025091912,72,85,100,-15
AL2025,2025091912,96,95,120,-25
AL2025,2025091912,120,75,90,-15
AL2025,2025091918,12,45,45,0
AL2025,2025091918,24,55,55,0
AL2025,2025091918,36,65,55,10
AL2025,2025091918,48,75,65,10
AL2025,2025091918,60,85,80,5
AL2025,2025091918,72,90,115,-25
AL2025,2025091918,96,90,115,-25
AL2025,2025091918,120,70,85,-15
AL2025,2025092000,12,50,50,0
AL2025,2025092000,24,55,55,0
AL2025,2025092000,36,65,60,5
AL2025,2025092000,48,75,70,5
AL2025,2025092000,60,85,100,-15
AL2025,2025092000,72,90,120,-30
AL2025,2025092000,96,85,110,-25
AL2025,2025092000,120,70,75,-5
AL2025,2025092006,12,50,55,-5
AL2025,2025092006,24,60,55,5
AL2025,2025092006,36,70,65,5
AL2025,2025092006,48,80,80,0
AL2025,2025092006,60,90,115,-25
AL2025,2025092006,72,90,120,-30
AL2025,2025092006,96,80,100,-20
AL2025,2025092006,120,65,70,-5
AL2025,2025092012,12,55,55,0
AL2025,2025092012,24,65,60,5
AL2025,2025092012,36,75,70,5
AL2025,2025092012,48,85,100,-15
AL2025,2025092012,60,90,120,-30
AL2025,2025092012,72,90,120,-30
AL2025,2025092012,96,80,90,-10
AL2025,2025092012,120,65,65,0
AL2025,2025092018,12,65,55,10
AL2025,2025092018,24,75,65,10
AL2025,2025092018,36,85,80,5
AL2025,2025092018,48,90,115,-25
AL2025,2025092018,60,90,120,-30
AL2025,2025092018,72,85,115,-30
AL2025,2025092018,96,70,85,-15
AL2025,2025092100,12,65,60,5
AL2025,2025092100,24,75,70,5
AL2025,2025092100,36,85,100,-15
AL2025,2025092100,48,90,120,-30
AL2025,2025092100,60,85,120,-35
AL2025,2025092100,72,80,110,-30
AL2025,2025092100,96,65,75,-10
AL2025,2025092106,12,65,65,0
AL2025,2025092106,24,75,80,-5
AL2025,2025092106,36,80,115,-35
AL2025,2025092106,48,85,120,-35
AL2025,2025092106,60,80,115,-35
AL2025,2025092106,72,70,100,-30
AL2025,2025092106,96,60,70,-10
AL2025,2025092112,12,70,70,0
AL2025,2025092112,24,85,100,-15
AL2025,2025092112,36,95,120,-25
AL2025,2025092112,48,90,120,-30
AL2025,2025092112,60,80,110,-30
AL2025,2025092112,72,70,90,-20
AL2025,2025092112,96,65,65,0
AL2025,2025092118,12,80,80,0
AL2025,2025092118,24,95,115,-20
AL2025,2025092118,36,100,120,-20
AL2025,2025092118,48,90,115,-25
AL2025,2025092118,60,80,100,-20
AL2025,2025092118,72,70,85,-15
AL2025,2025092200,12,85,100,-15
AL2025,2025092200,24,100,120,-20
AL2025,2025092200,36,95,120,-25
AL2025,2025092200,48,90,110,-20
AL2025,2025092200,60,80,90,-10
AL2025,2025092200,72,75,75,0
AL2025,2025092206,12,115,115,0
AL2025,2025092206,24,110,120,-10
AL2025,2025092206,36,95,115,-20
AL2025,2025092206,48,90,100,-10
AL2025,2025092206,60,80,85,-5
AL2025,2025092206,72,75,70,5
AL2025,2025092212,12,115,120,-5
AL2025,2025092212,24,110,120,-10
AL2025,2025092212,36,100,110,-10
AL2025,2025092212,48,90,90,0
AL2025,2025092212,60,80,75,5
AL2025,2025092212,72,70,65,5
AL2025,2025092218,12,120,120,0
AL2025,2025092218,24,110,115,-5
AL2025,2025092218,36,100,100,0
AL2025,2025092218,48,90,85,5
AL2025,2025092218,60,80,70,10
AL2025,2025092300,12,120,120,0
AL2025,2025092300,24,110,110,0
AL2025,2025092300,36,100,90,10
AL2025,2025092300,48,90,75,15
AL2025,2025092300,60,80,65,15
AL2025,2025092306,12,115,115,0
AL2025,2025092306,24,110,100,10
AL2025,2025092306,36,100,85,15
AL2025,2025092306,48,90,70,20
AL2025,2025092312,12,115,110,5
AL2025,2025092312,24,110,90,20
AL2025,2025092312,36,95,75,20
AL2025,2025092312,48,85,65,20
AL2025,2025092318,12,105,100,5
AL2025,2025092318,24,95,85,10
AL2025,2025092318,36,85,70,15
AL2025,2025092400,12,100,90,10
AL2025,2025092400,24,90,75,15
AL2025,2025092400,36,80,65,15
AL2025,2025092406,12,90,85,5
AL2025,2025092406,24,80,70,10
AL2025,2025092412,12,85,75,10
AL2025,2025092412,24,80,65,15
AL2025,2025092418,12,80,70,10
AL2025,2025092500,12,70,65,5
AL2023,2023082018,12,45,45,0
AL2023,2023082018,24,45,45,0
AL2023,2023082018,36,50,40,10
AL2023,2023082018,48,55,35,20
AL2023,2023082018,60,50,40,10
AL2023,2023082018,72,55,35,20
AL2023,2023082018,96,65,50,15
AL2023,2023082018,120,75,45,30
AL2023,2023082100,12,50,45,5
AL2023,2023082100,24,50,45,5
AL2023,2023082100,36,55,40,15
AL2023,2023082100,48,55,35,20
AL2023,2023082100,60,45,40,5
AL2023,2023082100,72,50,40,10
AL2023,2023082100,96,60,50,10
AL2023,2023082100,120,70,50,20
AL2023,2023082106,12,50,45,5
AL2023,2023082106,24,50,40,10
AL2023,2023082106,36,55,35,20
AL2023,2023082106,48,45,40,5
AL2023,2023082106,60,45,35,10
AL2023,2023082106,72,55,45,10
AL2023,2023082106,96,60,50,10
AL2023,2023082106,120,70,55,15
AL2023,2023082112,12,45,45,0
AL2023,2023082112,24,50,40,10
AL2023,2023082112,36,55,35,20
AL2023,2023082112,48,45,40,5
AL2023,2023082112,60,45,40,5
AL2023,2023082112,72,55,50,5
AL2023,2023082112,96,65,45,20
AL2023,2023082112,120,75,65,10
AL2023,2023082118,12,45,40,5
AL2023,2023082118,24,50,35,15
AL2023,2023082118,36,55,40,15
AL2023,2023082118,48,40,35,5
AL2023,2023082118,60,45,45,0
AL2023,2023082118,72,50,50,0
AL2023,2023082118,96,60,45,15
AL2023,2023082118,120,70,70,0
AL2023,2023082200,12,50,40,10
AL2023,2023082200,24,55,35,20
AL2023,2023082200,36,55,40,15
AL2023,2023082200,48,45,40,5
AL2023,2023082200,60,50,50,0
AL2023,2023082200,72,55,50,5
AL2023,2023082200,96,60,50,10
AL2023,2023082200,120,70,75,-5
AL2023,2023082206,12,50,35,15
AL2023,2023082206,24,55,40,15
AL2023,2023082206,36,40,35,5
AL2023,2023082206,48,45,45,0
AL2023,2023082206,60,50,50,0
AL2023,2023082206,72,55,50,5
AL2023,2023082206,96,65,55,10
AL2023,2023082206,120,70,75,-5
AL2023,2023082212,12,50,35,15
AL2023,2023082212,24,45,40,5
AL2023,2023082212,36,40,40,0
AL2023,2023082212,48,40,50,-10
AL2023,2023082212,60,45,50,-5
AL2023,2023082212,72,50,45,5
AL2023,2023082212,96,60,65,-5
AL2023,2023082212,120,70,80,-10
AL2023,2023082218,12,40,40,0
AL2023,2023082218,24,35,35,0
AL2023,2023082218,36,35,45,-10
AL2023,2023082218,48,40,50,-10
AL2023,2023082218,60,45,50,-5
AL2023,2023082218,72,50,45,5
AL2023,2023082218,96,60,70,-10
AL2023,2023082218,120,75,80,-5
AL2023,2023082300,12,40,40,0
AL2023,2023082300,24,35,40,-5
AL2023,2023082300,36,35,50,-15
AL2023,2023082300,48,40,50,-10
AL2023,2023082300,60,45,45,0
AL2023,2023082300,72,50,50,0
AL2023,2023082300,96,65,75,-10
AL2023,2023082300,120,80,85,-5
AL2023,2023082306,12,35,35,0
AL2023,2023082306,24,35,45,-10
AL2023,2023082306,36,45,50,-5
AL2023,2023082306,48,55,50,5
AL2023,2023082306,60,60,45,15
AL2023,2023082306,72,65,55,10
AL2023,2023082306,96,75,75,0
AL2023,2023082306,120,80,100,-20
AL2023,2023082312,12,35,40,-5
AL2023,2023082312,24,40,50,-10
AL2023,2023082312,36,50,50,0
AL2023,2023082312,48,55,45,10
AL2023,2023082312,60,60,50,10
AL2023,2023082312,72,65,65,0
AL2023,2023082312,96,80,80,0
AL2023,2023082312,120,90,125,-35
AL2023,2023082318,12,40,45,-5
AL2023,2023082318,24,45,50,-5
AL2023,2023082318,36,50,50,0
AL2023,2023082318,48,55,45,10
AL2023,2023082318,60,60,55,5
AL2023,2023082318,72,65,70,-5
AL2023,2023082318,96,85,80,5
AL2023,2023082318,120,90,125,-35
AL2023,2023082400,12,45,50,-5
AL2023,2023082400,24,50,50,0
AL2023,2023082400,36,55,45,10
AL2023,2023082400,48,55,50,5
AL2023,2023082400,60,60,65,-5
AL2023,2023082400,72,70,75,-5
AL2023,2023082400,96,90,85,5
AL2023,2023082400,120,95,130,-35
AL2023,2023082406,12,50,50,0
AL2023,2023082406,24,55,50,5
AL2023,2023082406,36,55,45,10
AL2023,2023082406,48,60,55,5
AL2023,2023082406,60,65,70,-5
AL2023,2023082406,72,75,75,0
AL2023,2023082406,96,95,100,-5
AL2023,2023082406,120,95,120,-25
AL2023,2023082412,12,55,50,5
AL2023,2023082412,24,55,45,10
AL2023,2023082412,36,60,50,10
AL2023,2023082412,48,65,65,0
AL2023,2023082412,60,70,75,-5
AL2023,2023082412,72,80,80,0
AL2023,2023082412,96,95,125,-30
AL2023,2023082412,120,90,115,-25
AL2023,2023082418,12,55,50,5
AL2023,2023082418,24,55,45,10
AL2023,2023082418,36,60,55,5
AL2023,2023082418,48,70,70,0
AL2023,2023082418,60,80,75,5
AL2023,2023082418,72,95,80,15
AL2023,2023082418,96,95,125,-30
AL2023,2023082418,120,85,110,-25
AL2023,2023082500,12,50,45,5
AL2023,2023082500,24,55,50,5
AL2023,2023082500,36,60,65,-5
AL2023,2023082500,48,65,75,-10
AL2023,2023082500,60,75,80,-5
AL2023,2023082500,72,90,85,5
AL2023,2023082500,96,95,130,-35
AL2023,2023082500,120,85,100,-15
AL2023,2023082506,12,50,45,5
AL2023,2023082506,24,55,55,0
AL2023,2023082506,36,60,70,-10
AL2023,2023082506,48,65,75,-10
AL2023,2023082506,60,80,80,0
AL2023,2023082506,72,90,100,-10
AL2023,2023082506,96,95,120,-25
AL2023,2023082506,120,85,95,-10
AL2023,2023082512,12,45,50,-5
AL2023,2023082512,24,50,65,-15
AL2023,2023082512,36,55,75,-20
AL2023,2023082512,48,65,80,-15
AL2023,2023082512,60,80,85,-5
AL2023,2023082512,72,95,125,-30
AL2023,2023082512,96,95,115,-20
AL2023,2023082512,120,80,95,-15
AL2023,2023082518,12,45,55,-10
AL2023,2023082518,24,50,70,-20
AL2023,2023082518,36,55,75,-20
AL2023,2023082518,48,60,80,-20
AL2023,2023082518,60,70,100,-30
AL2023,2023082518,72,85,125,-40
AL2023,2023082518,96,95,110,-15
AL2023,2023082518,120,80,90,-10
AL2023,2023082600,12,55,65,-10
AL2023,2023082600,24,55,75,-20
AL2023,2023082600,36,60,80,-20
AL2023,2023082600,48,70,85,-15
AL2023,2023082600,60,80,125,-45
AL2023,2023082600,72,95,130,-35
AL2023,2023082600,96,95,100,-5
AL2023,2023082600,120,75,90,-15
AL2023,2023082606,12,60,70,-10
AL2023,2023082606,24,70,75,-5
AL2023,2023082606,36,80,80,0
AL2023,2023082606,48,90,100,-10
AL2023,2023082606,60,95,125,-30
AL2023,2023082606,72,100,120,-20
AL2023,2023082606,96,90,95,-5
AL2023,2023082606,120,75,85,-10
AL2023,2023082612,12,70,75,-5
AL2023,2023082612,24,80,80,0
AL2023,2023082612,36,90,85,5
AL2023,2023082612,48,100,125,-25
AL2023,2023082612,60,105,130,-25
AL2023,2023082612,72,105,115,-10
AL2023,2023082612,96,90,95,-5
AL2023,2023082612,120,75,85,-10
AL2023,2023082618,12,85,75,10
AL2023,2023082618,24,95,80,15
AL2023,2023082618,36,105,100,5
AL2023,2023082618,48,110,125,-15
AL2023,2023082618,60,110,120,-10
AL2023,2023082618,72,105,110,-5
AL2023,2023082618,96,90,90,0
AL2023,2023082618,120,75,80,-5
AL2023,2023082700,12,85,80,5
AL2023,2023082700,24,100,85,15
AL2023,2023082700,36,110,125,-15
AL2023,2023082700,48,115,130,-15
AL2023,2023082700,60,115,115,0
AL2023,2023082700,72,105,100,5
AL2023,2023082700,96,90,90,0
AL2023,2023082700,120,75,75,0
AL2023,2023082706,12,90,80,10
AL2023,2023082706,24,105,100,5
AL2023,2023082706,36,115,125,-10
AL2023,2023082706,48,110,120,-10
AL2023,2023082706,60,100,110,-10
AL2023,2023082706,72,90,95,-5
AL2023,2023082706,96,80,85,-5
AL2023,2023082706,120,70,70,0
AL2023,2023082712,12,95,85,10
AL2023,2023082712,24,105,125,-20
AL2023,2023082712,36,115,130,-15
AL2023,2023082712,48,110,115,-5
AL2023,2023082712,60,105,100,5
AL2023,2023082712,72,95,95,0
AL2023,2023082712,96,85,85,0
AL2023,2023082712,120,65,65,0
AL2023,2023082718,12,95,100,-5
AL2023,2023082718,24,105,125,-20
AL2023,2023082718,36,115,120,-5
AL2023,2023082718,48,115,110,5
AL2023,2023082718,60,105,95,10
AL2023,2023082718,72,100,90,10
AL2023,2023082718,96,85,80,5
AL2023,2023082800,12,100,125,-25
AL2023,2023082800,24,110,130,-20
AL2023,2023082800,36,115,115,0
AL2023,2023082800,48,110,100,10
AL2023,2023082800,60,100,95,5
AL2023,2023082800,72,95,90,5
AL2023,2023082800,96,80,75,5
AL2023,2023082806,12,110,125,-15
AL2023,2023082806,24,115,120,-5
AL2023,2023082806,36,105,110,-5
AL2023,2023082806,48,95,95,0
AL2023,2023082806,60,90,90,0
AL2023,2023082806,72,85,85,0
AL2023,2023082806,96,75,70,5
AL2023,2023082812,12,135,130,5
AL2023,2023082812,24,130,115,15
AL2023,2023082812,36,120,100,20
AL2023,2023082812,48,110,95,15
AL2023,2023082812,60,100,90,10
AL2023,2023082812,72,90,85,5
AL2023,2023082812,96,75,65,10
AL2023,2023082818,12,135,120,15
AL2023,2023082818,24,130,110,20
AL2023,2023082818,36,120,95,25
AL2023,2023082818,48,110,90,20
AL2023,2023082818,60,100,85,15
AL2023,2023082818,72,90,80,10
AL2023,2023082900,12,130,115,15
AL2023,2023082900,24,120,100,20
AL2023,2023082900,36,110,95,15
AL2023,2023082900,48,100,90,10
AL2023,2023082900,60,95,85,10
AL2023,2023082900,72,85,75,10
AL2023,2023082906,12,110,110,0
AL2023,2023082906,24,100,95,5
AL2023,2023082906,36,95,90,5
AL2023,2023082906,48,90,85,5
AL2023,2023082906,60,80,80,0
AL2023,2023082906,72,75,70,5
AL2023,2023082912,12,110,100,10
AL2023,2023082912,24,100,95,5
AL2023,2023082912,36,95,90,5
AL2023,2023082912,48,90,85,5
AL2023,2023082912,60,80,75,5
AL2023,2023082912,72,75,65,10
AL2023,2023082918,12,105,95,10
AL2023,2023082918,24,100,90,10
AL2023,2023082918,36,95,85,10
AL2023,2023082918,48,85,80,5
AL2023,2023082918,60,75,70,5
AL2023,2023083000,12,95,95,0
AL2023,2023083000,24,90,90,0
AL2023,2023083000,36,85,85,0
AL2023,2023083000,48,75,75,0
AL2023,2023083000,60,65,65,0
AL2023,2023083006,12,95,90,5
AL2023,2023083006,24,90,85,5
AL2023,2023083006,36,80,80,0
AL2023,2023083006,48,70,70,0
AL2023,2023083012,12,85,90,-5
AL2023,2023083012,24,80,85,-5
AL2023,2023083012,36,75,75,0
AL2023,2023083012,48,70,65,5
AL2023,2023083018,12,85,85,0
AL2023,2023083018,24,75,80,-5
AL2023,2023083018,36,70,70,0
AL2023,2023083100,12,80,85,-5
AL2023,2023083100,24,75,75,0
AL2023,2023083100,36,70,65,5
AL2023,2023083106,12,75,80,-5
AL2023,2023083106,24,70,70,0
AL2023,2023083112,12,75,75,0
AL2023,2023083112,24,70,65,5
AL2023,2023083118,12,75,70,5
AL2023,2023090100,12,75,65,10
AL2025,2025092418,12,40,45,-5
AL2025,2025092418,24,45,55,-10
AL2025,2025092418,36,50,70,-20
AL2025,2025092418,48,55,95,-40
AL2025,2025092418,60,60,125,-65
AL2025,2025092418,72,70,140,-70
AL2025,2025092418,96,90,125,-35
AL2025,2025092418,120,95,115,-20
AL2025,2025092500,12,45,50,-5
AL2025,2025092500,24,50,60,-10
AL2025,2025092500,36,55,80,-25
AL2025,2025092500,48,60,115,-55
AL2025,2025092500,60,70,130,-60
AL2025,2025092500,72,85,140,-55
AL2025,2025092500,96,100,120,-20
AL2025,2025092500,120,100,100,0
AL2025,2025092506,12,45,55,-10
AL2025,2025092506,24,50,70,-20
AL2025,2025092506,36,55,95,-40
AL2025,2025092506,48,60,125,-65
AL2025,2025092506,60,75,140,-65
AL2025,2025092506,72,90,135,-45
AL2025,2025092506,96,100,120,-20
AL2025,2025092506,120,95,90,5
AL2025,2025092512,12,50,60,-10
AL2025,2025092512,24,55,80,-25
AL2025,2025092512,36,65,115,-50
AL2025,2025092512,48,75,130,-55
AL2025,2025092512,60,90,140,-50
AL2025,2025092512,72,105,125,-20
AL2025,2025092512,96,105,125,-20
AL2025,2025092512,120,95,70,25
AL2025,2025092518,12,60,70,-10
AL2025,2025092518,24,70,95,-25
AL2025,2025092518,36,80,125,-45
AL2025,2025092518,48,90,140,-50
AL2025,2025092518,60,100,135,-35
AL2025,2025092518,72,105,125,-20
AL2025,2025092518,96,105,115,-10
AL2025,2025092518,120,90,70,20
AL2025,2025092600,12,65,80,-15
AL2025,2025092600,24,75,115,-40
AL2025,2025092600,36,90,130,-40
AL2025,2025092600,48,105,140,-35
AL2025,2025092600,60,110,125,-15
AL2025,2025092600,72,110,120,-10
AL2025,2025092600,96,100,100,0
AL2025,2025092600,120,90,70,20
AL2025,2025092606,12,80,95,-15
AL2025,2025092606,24,90,125,-35
AL2025,2025092606,36,100,140,-40
AL2025,2025092606,48,110,135,-25
AL2025,2025092606,60,115,125,-10
AL2025,2025092606,72,115,120,-5
AL2025,2025092606,96,100,90,10
AL2025,2025092606,120,85,70,15
AL2025,2025092612,12,95,115,-20
AL2025,2025092612,24,105,130,-25
AL2025,2025092612,36,115,140,-25
AL2025,2025092612,48,125,125,0
AL2025,2025092612,60,125,120,5
AL2025,2025092612,72,120,125,-5
AL2025,2025092612,96,105,70,35
AL2025,2025092618,12,115,125,-10
AL2025,2025092618,24,125,140,-15
AL2025,2025092618,36,130,135,-5
AL2025,2025092618,48,125,125,0
AL2025,2025092618,60,120,120,0
AL2025,2025092618,72,115,115,0
AL2025,2025092618,96,100,70,30
AL2025,2025092700,12,135,130,5
AL2025,2025092700,24,140,140,0
AL2025,2025092700,36,135,125,10
AL2025,2025092700,48,130,120,10
AL2025,2025092700,60,125,125,0
AL2025,2025092700,72,115,100,15
AL2025,2025092700,96,100,70,30
AL2025,2025092706,12,135,140,-5
AL2025,2025092706,24,140,135,5
AL2025,2025092706,36,135,125,10
AL2025,2025092706,48,130,120,10
AL2025,2025092706,60,125,115,10
AL2025,2025092706,72,115,90,25
AL2025,2025092706,96,100,70,30
AL2025,2025092712,12,135,140,-5
AL2025,2025092712,24,135,125,10
AL2025,2025092712,36,135,120,15
AL2025,2025092712,48,125,125,0
AL2025,2025092712,60,120,100,20
AL2025,2025092712,72,105,70,35
AL2025,2025092718,12,145,135,10
AL2025,2025092718,24,140,125,15
AL2025,2025092718,36,135,120,15
AL2025,2025092718,48,125,115,10
AL2025,2025092718,60,115,90,25
AL2025,2025092718,72,105,70,35
AL2025,2025092800,12,140,125,15
AL2025,2025092800,24,135,120,15
AL2025,2025092800,36,130,125,5
AL2025,2025092800,48,120,100,20
AL2025,2025092800,60,110,70,40
AL2025,2025092800,72,100,70,30
AL2025,2025092806,12,135,125,10
AL2025,2025092806,24,130,120,10
AL2025,2025092806,36,120,115,5
AL2025,2025092806,48,115,90,25
AL2025,2025092806,60,105,70,35
AL2025,2025092806,72,95,70,25
AL2025,2025092812,12,125,120,5
AL2025,2025092812,24,120,125,-5
AL2025,2025092812,36,110,100,10
AL2025,2025092812,48,100,70,30
AL2025,2025092812,60,95,70,25
AL2025,2025092818,12,120,120,0
AL2025,2025092818,24,115,115,0
AL2025,2025092818,36,105,90,15
AL2025,2025092818,48,95,70,25
AL2025,2025092818,60,90,70,20
AL2025,2025092900,12,120,125,-5
AL2025,2025092900,24,115,100,15
AL2025,2025092900,36,105,70,35
AL2025,2025092900,48,95,70,25
AL2025,2025092906,12,115,115,0
AL2025,2025092906,24,105,90,15
AL2025,2025092906,36,95,70,25
AL2025,2025092906,48,90,70,20
AL2025,2025092912,12,115,100,15
AL2025,2025092912,24,105,70,35
AL2025,2025092912,36,95,70,25
AL2025,2025092918,12,105,90,15
AL2025,2025092918,24,90,70,20
AL2025,2025092918,36,85,70,15
AL2025,2025093000,12,85,70,15
AL2025,2025093000,24,75,70,5
AL2025,2025093006,12,75,70,5
AL2025,2025093006,24,75,70,5
AL2025,2025093012,12,70,70,0
AL2025,2025093018,12,65,70,-5
AL2023,2023082118,12,40,40,0
AL2023,2023082118,24,40,40,0
AL2023,2023082118,36,25,25,0
AL2023,2023082200,12,40,50,-10
AL2023,2023082200,24,30,30,0
AL2023,2023082206,12,45,40,5
AL2023,2023082206,24,30,25,5
AL2023,2023082212,12,30,30,0
AL2023,2023082218,12,25,25,0
AL2024,2024092412,12,50,50,0
AL2024,2024092412,24,65,65,0
AL2024,2024092412,36,80,70,10
AL2024,2024092412,48,100,85,15
AL2024,2024092412,60,100,120,-20
AL2024,2024092412,72,45,45,0
AL2024,2024092418,12,55,55,0
AL2024,2024092418,24,65,70,-5
AL2024,2024092418,36,80,75,5
AL2024,2024092418,48,100,105,-5
AL2024,2024092418,60,60,80,-20
AL2024,2024092500,12,65,65,0
AL2024,2024092500,24,75,70,5
AL2024,2024092500,36,90,85,5
AL2024,2024092500,48,105,120,-15
AL2024,2024092500,60,30,45,-15
AL2024,2024092506,12,70,70,0
AL2024,2024092506,24,90,75,15
AL2024,2024092506,36,105,105,0
AL2024,2024092506,48,65,80,-15
AL2024,2024092512,12,85,70,15
AL2024,2024092512,24,105,85,20
AL2024,2024092512,36,110,120,-10
AL2024,2024092512,48,50,45,5
AL2024,2024092518,12,95,75,20
AL2024,2024092518,24,115,105,10
AL2024,2024092518,36,70,80,-10
AL2024,2024092600,12,95,85,10
AL2024,2024092600,24,115,120,-5
AL2024,2024092600,36,50,45,5
AL2024,2024092606,12,100,105,-5
AL2024,2024092606,24,75,80,-5
AL2024,2024092612,12,105,120,-15
AL2024,2024092612,24,55,45,10
AL2024,2024092618,12,90,80,10
AL2024,2024092700,12,55,45,10
AL2025,2025092800,12,35,30,5
AL2025,2025092800,24,50,35,15
AL2025,2025092800,36,60,45,15
AL2025,2025092800,48,70,55,15
AL2025,2025092800,60,70,65,5
AL2025,2025092800,72,70,70,0
AL2025,2025092800,96,70,80,-10
AL2025,2025092806,12,40,35,5
AL2025,2025092806,24,50,40,10
AL2025,2025092806,36,60,50,10
AL2025,2025092806,48,65,55,10
AL2025,2025092806,60,70,70,0
AL2025,2025092806,72,70,75,-5
AL2025,2025092806,96,75,80,-5
AL2025,2025092812,12,40,35,5
AL2025,2025092812,24,50,45,5
AL2025,2025092812,36,60,55,5
AL2025,2025092812,48,65,65,0
AL2025,2025092812,60,70,70,0
AL2025,2025092812,72,75,80,-5
AL2025,2025092818,12,45,40,5
AL2025,2025092818,24,55,50,5
AL2025,2025092818,36,60,55,5
AL2025,2025092818,48,65,70,-5
AL2025,2025092818,60,70,75,-5
AL2025,2025092818,72,80,80,0
AL2025,2025092900,12,45,45,0
AL2025,2025092900,24,55,55,0
AL2025,2025092900,36,65,65,0
AL2025,2025092900,48,70,70,0
AL2025,2025092900,60,75,80,-5
AL2025,2025092900,72,80,80,0
AL2025,2025092906,12,50,50,0
AL2025,2025092906,24,60,55,5
AL2025,2025092906,36,65,70,-5
AL2025,2025092906,48,70,75,-5
AL2025,2025092906,60,75,80,-5
AL2025,2025092906,72,80,80,0
AL2025,2025092912,12,60,55,5
AL2025,2025092912,24,70,65,5
AL2025,2025092912,36,75,70,5
AL2025,2025092912,48,80,80,0
AL2025,2025092912,60,85,80,5
AL2025,2025092918,12,65,55,10
AL2025,2025092918,24,70,70,0
AL2025,2025092918,36,75,75,0
AL2025,2025092918,48,80,80,0
AL2025,2025092918,60,85,80,5
AL2025,2025093000,12,60,65,-5
AL2025,2025093000,24,65,70,-5
AL2025,2025093000,36,75,80,-5
AL2025,2025093000,48,80,80,0
AL2025,2025093006,12,65,70,-5
AL2025,2025093006,24,70,75,-5
AL2025,2025093006,36,80,80,0
AL2025,2025093006,48,85,80,5
AL2025,2025093012,12,75,70,5
AL2025,2025093012,24,80,80,0
AL2025,2025093012,36,85,80,5
AL2025,2025093018,12,80,75,5
AL2025,2025093018,24,85,80,5
AL2025,2025093018,36,85,80,5
AL2025,2025100100,12,85,80,5
AL2025,2025100100,24,85,80,5
AL2025,2025100106,12,85,80,5
AL2025,2025100106,24,85,80,5
AL2025,2025100112,12,90,80,10
AL2025,2025100118,12,90,80,10
AL2023,2023082618,12,30,30,0
AL2023,2023082618,24,35,40,-5
AL2023,2023082618,36,40,55,-15
AL2023,2023082618,48,45,60,-15
AL2023,2023082618,60,50,65,-15
AL2023,2023082618,72,65,80,-15
AL2023,2023082618,96,45,60,-15
AL2023,2023082700,12,35,35,0
AL2023,2023082700,24,40,45,-5
AL2023,2023082700,36,45,55,-10
AL2023,2023082700,48,55,60,-5
AL2023,2023082700,60,65,70,-5
AL2023,2023082700,72,70,90,-20
AL2023,2023082700,96,45,50,-5
AL2023,2023082706,12,40,40,0
AL2023,2023082706,24,45,55,-10
AL2023,2023082706,36,50,60,-10
AL2023,2023082706,48,60,65,-5
AL2023,2023082706,60,75,80,-5
AL2023,2023082706,72,80,105,-25
AL2023,2023082706,96,45,50,-5
AL2023,2023082712,12,40,45,-5
AL2023,2023082712,24,45,55,-10
AL2023,2023082712,36,50,60,-10
AL2023,2023082712,48,60,70,-10
AL2023,2023082712,60,75,90,-15
AL2023,2023082712,72,80,100,-20
AL2023,2023082718,12,45,55,-10
AL2023,2023082718,24,55,60,-5
AL2023,2023082718,36,65,65,0
AL2023,2023082718,48,75,80,-5
AL2023,2023082718,60,85,105,-20
AL2023,2023082718,72,50,60,-10
AL2023,2023082800,12,60,55,5
AL2023,2023082800,24,70,60,10
AL2023,2023082800,36,80,70,10
AL2023,2023082800,48,95,90,5
AL2023,2023082800,60,85,100,-15
AL2023,2023082800,72,55,50,5
AL2023,2023082806,12,65,60,5
AL2023,2023082806,24,70,65,5
AL2023,2023082806,36,85,80,5
AL2023,2023082806,48,100,105,-5
AL2023,2023082806,60,65,60,5
AL2023,2023082806,72,55,50,5
AL2023,2023082812,12,65,60,5
AL2023,2023082812,24,75,70,5
AL2023,2023082812,36,90,90,0
AL2023,2023082812,48,100,100,0
AL2023,2023082812,60,55,50,5
AL2023,2023082818,12,75,65,10
AL2023,2023082818,24,90,80,10
AL2023,2023082818,36,105,105,0
AL2023,2023082818,48,80,60,20
AL2023,2023082818,60,50,50,0
AL2023,2023082900,12,75,70,5
AL2023,2023082900,24,90,90,0
AL2023,2023082900,36,105,100,5
AL2023,2023082900,48,50,50,0
AL2023,2023082906,12,85,80,5
AL2023,2023082906,24,105,105,0
AL2023,2023082906,36,70,60,10
AL2023,2023082906,48,50,50,0
AL2023,2023082912,12,90,90,0
AL2023,2023082912,24,110,100,10
AL2023,2023082912,36,55,50,5
AL2023,2023082918,12,100,105,-5
AL2023,2023082918,24,75,60,15
AL2023,2023082918,36,50,50,0
AL2023,2023083000,12,115,100,15
AL2023,2023083000,24,70,50,20
AL2023,2023083006,12,85,60,25
AL2023,2023083006,24,60,50,10
AL2023,2023083012,12,65,50,15
AL2023,2023083018,12,50,50,0
AL2024,2024092600,12,50,45,5
AL2024,2024092600,24,50,55,-5
AL2024,2024092600,36,55,65,-10
AL2024,2024092600,48,60,85,-25
AL2024,2024092600,60,60,90,-30
AL2024,2024092600,72,60,75,-15
AL2024,2024092600,96,55,55,0
AL2024,2024092606,12,50,50,0
AL2024,2024092606,24,55,60,-5
AL2024,2024092606,36,60,75,-15
AL2024,2024092606,48,65,90,-25
AL2024,2024092606,60,65,85,-20
AL2024,2024092606,72,60,70,-10
AL2024,2024092612,12,50,55,-5
AL2024,2024092612,24,55,65,-10
AL2024,2024092612,36,60,85,-25
AL2024,2024092612,48,65,90,-25
AL2024,2024092612,60,65,75,-10
AL2024,2024092612,72,60,65,-5
AL2024,2024092618,12,50,60,-10
AL2024,2024092618,24,60,75,-15
AL2024,2024092618,36,65,90,-25
AL2024,2024092618,48,65,85,-20
AL2024,2024092618,60,60,70,-10
AL2024,2024092618,72,60,60,0
AL2024,2024092700,12,65,65,0
AL2024,2024092700,24,70,85,-15
AL2024,2024092700,36,70,90,-20
AL2024,2024092700,48,65,75,-10
AL2024,2024092700,60,65,65,0
AL2024,2024092700,72,60,55,5
AL2024,2024092706,12,70,75,-5
AL2024,2024092706,24,75,90,-15
AL2024,2024092706,36,75,85,-10
AL2024,2024092706,48,70,70,0
AL2024,2024092706,60,60,60,0
AL2024,2024092712,12,70,85,-15
AL2024,2024092712,24,75,90,-15
AL2024,2024092712,36,75,75,0
AL2024,2024092712,48,70,65,5
AL2024,2024092712,60,60,55,5
AL2024,2024092718,12,80,90,-10
AL2024,2024092718,24,75,85,-10
AL2024,2024092718,36,70,70,0
AL2024,2024092718,48,65,60,5
AL2024,2024092800,12,80,90,-10
AL2024,2024092800,24,75,75,0
AL2024,2024092800,36,70,65,5
AL2024,2024092800,48,60,55,5
AL2024,2024092806,12,85,85,0
AL2024,2024092806,24,75,70,5
AL2024,2024092806,36,65,60,5
AL2024,2024092812,12,85,75,10
AL2024,2024092812,24,75,65,10
AL2024,2024092812,36,65,55,10
AL2024,2024092818,12,75,70,5
AL2024,2024092818,24,65,60,5
AL2024,2024092900,12,65,65,0
AL2024,2024092900,24,55,55,0
AL2024,2024092906,12,60,60,0
AL2024,2024092912,12,55,55,0
AL2025,2025100712,12,45,45,0
AL2025,2025100712,24,55,55,0
AL2025,2025100712,36,65,55,10
AL2025,2025100712,48,75,50,25
AL2025,2025100712,60,80,50,30
AL2025,2025100712,72,80,50,30
AL2025,2025100712,96,80,45,35
AL2025,2025100718,12,55,45,10
AL2025,2025100718,24,65,55,10
AL2025,2025100718,36,70,55,15
AL2025,2025100718,48,75,50,25
AL2025,2025100718,60,80,50,30
AL2025,2025100718,72,85,50,35
AL2025,2025100800,12,50,55,-5
AL2025,2025100800,24,60,55,5
AL2025,2025100800,36,65,50,15
AL2025,2025100800,48,70,50,20
AL2025,2025100800,60,75,50,25
AL2025,2025100800,72,80,50,30
AL2025,2025100806,12,50,55,-5
AL2025,2025100806,24,55,55,0
AL2025,2025100806,36,65,50,15
AL2025,2025100806,48,70,50,20
AL2025,2025100806,60,75,50,25
AL2025,2025100806,72,80,45,35
AL2025,2025100812,12,55,55,0
AL2025,2025100812,24,60,50,10
AL2025,2025100812,36,60,50,10
AL2025,2025100812,48,65,50,15
AL2025,2025100812,60,70,50,20
AL2025,2025100812,72,70,45,25
AL2025,2025100818,12,55,55,0
AL2025,2025100818,24,60,50,10
AL2025,2025100818,36,60,50,10
AL2025,2025100818,48,65,50,15
AL2025,2025100818,60,70,45,25
AL2025,2025100900,12,60,50,10
AL2025,2025100900,24,60,50,10
AL2025,2025100900,36,65,50,15
AL2025,2025100900,48,70,50,20
AL2025,2025100900,60,75,45,30
AL2025,2025100906,12,60,50,10
AL2025,2025100906,24,60,50,10
AL2025,2025100906,36,65,50,15
AL2025,2025100906,48,70,45,25
AL2025,2025100912,12,55,50,5
AL2025,2025100912,24,60,50,10
AL2025,2025100912,36,65,50,15
AL2025,2025100912,48,70,45,25
AL2025,2025100918,12,55,50,5
AL2025,2025100918,24,55,50,5
AL2025,2025100918,36,60,45,15
AL2025,2025101000,12,50,50,0
AL2025,2025101000,24,50,50,0
AL2025,2025101000,36,55,45,10
AL2025,2025101006,12,45,50,-5
AL2025,2025101006,24,50,45,5
AL2025,2025101012,12,45,50,-5
AL2025,2025101012,24,50,45,5
AL2025,2025101018,12,45,45,0
AL2025,2025101100,12,50,45,5
AL2023,2023082912,12,35,30,5
AL2023,2023082912,24,35,30,5
AL2023,2023082912,36,35,35,0
AL2023,2023082912,48,35,45,-10
AL2023,2023082912,60,30,55,-25
AL2023,2023082912,72,25,50,-25
AL2023,2023082918,12,30,30,0
AL2023,2023082918,24,35,30,5
AL2023,2023082918,36,35,40,-5
AL2023,2023082918,48,30,50,-20
AL2023,2023082918,60,30,55,-25
AL2023,2023083000,12,30,30,0
AL2023,2023083000,24,30,35,-5
AL2023,2023083000,36,30,45,-15
AL2023,2023083000,48,30,55,-25
AL2023,2023083006,12,30,30,0
AL2023,2023083006,24,30,40,-10
AL2023,2023083006,36,30,50,-20
AL2023,2023083006,48,30,55,-25
AL2023,2023083012,12,30,35,-5
AL2023,2023083012,24,30,45,-15
AL2023,2023083012,36,30,55,-25
AL2023,2023083012,48,30,50,-20
AL2023,2023083018,12,30,40,-10
AL2023,2023083018,24,30,50,-20
AL2023,2023083018,36,30,55,-25
AL2023,2023083100,12,30,45,-15
AL2023,2023083100,24,30,55,-25
AL2023,2023083100,36,30,50,-20
AL2023,2023083106,12,35,50,-15
AL2023,2023083106,24,35,55,-20
AL2023,2023083106,36,30,50,-20
AL2023,2023083112,12,35,55,-20
AL2023,2023083112,24,35,50,-15
AL2023,2023083118,12,35,55,-20
AL2023,2023083118,24,35,50,-15
AL2023,2023090100,12,40,50,-10
AL2023,2023090106,12,45,50,-5
AL2024,2024092712,12,40,45,-5
AL2024,2024092712,24,50,45,5
AL2024,2024092712,36,45,40,5
AL2024,2024092712,48,40,40,0
AL2024,2024092712,60,40,30,10
AL2024,2024092712,72,35,30,5
AL2024,2024092718,12,55,45,10
AL2024,2024092718,24,50,40,10
AL2024,2024092718,36,45,40,5
AL2024,2024092718,48,40,35,5
AL2024,2024092718,60,35,30,5
AL2024,2024092718,72,30,30,0
AL2024,2024092800,12,45,45,0
AL2024,2024092800,24,45,40,5
AL2024,2024092800,36,40,40,0
AL2024,2024092800,48,35,30,5
AL2024,2024092800,60,30,30,0
AL2024,2024092806,12,45,40,5
AL2024,2024092806,24,40,40,0
AL2024,2024092806,36,40,35,5
AL2024,2024092806,48,35,30,5
AL2024,2024092806,60,30,30,0
AL2024,2024092812,12,45,40,5
AL2024,2024092812,24,40,40,0
AL2024,2024092812,36,40,30,10
AL2024,2024092812,48,35,30,5
AL2024,2024092818,12,40,40,0
AL2024,2024092818,24,35,35,0
AL2024,2024092818,36,35,30,5
AL2024,2024092818,48,30,30,0
AL2024,2024092900,12,35,40,-5
AL2024,2024092900,24,35,30,5
AL2024,2024092900,36,30,30,0
AL2024,2024092906,12,35,35,0
AL2024,2024092906,24,35,30,5
AL2024,2024092906,36,30,30,0
AL2024,2024092912,12,35,30,5
AL2024,2024092912,24,30,30,0
AL2024,2024092918,12,30,30,0
AL2024,2024092918,24,30,30,0
AL2024,2024093000,12,30,30,0
AL2024,2024093006,12,30,30,0
AL2025,2025101000,12,40,40,0
AL2025,2025101006,12,40,35,5
AL2023,2023090112,12,35,35,0
AL2023,2023090112,24,35,45,-10
AL2023,2023090112,36,35,45,-10
AL2023,2023090112,48,30,35,-5
AL2023,2023090112,60,30,30,0
AL2023,2023090118,12,35,40,-5
AL2023,2023090118,24,35,50,-15
AL2023,2023090118,36,30,40,-10
AL2023,2023090118,48,30,35,-5
AL2023,2023090200,12,35,45,-10
AL2023,2023090200,24,30,45,-15
AL2023,2023090200,36,30,35,-5
AL2023,2023090200,48,30,30,0
AL2023,2023090206,12,35,50,-15
AL2023,2023090206,24,30,40,-10
AL2023,2023090206,36,30,35,-5
AL2023,2023090212,12,45,45,0
AL2023,2023090212,24,40,35,5
AL2023,2023090212,36,35,30,5
AL2023,2023090218,12,45,40,5
AL2023,2023090218,24,40,35,5
AL2023,2023090300,12,35,35,0
AL2023,2023090300,24,30,30,0
AL2023,2023090306,12,30,35,-5
AL2023,2023090312,12,30,30,0
AL2024,2024092918,12,35,35,0
AL2024,2024092918,24,40,50,-10
AL2024,2024092918,36,50,50,0
AL2024,2024092918,48,60,65,-5
AL2024,2024092918,60,70,70,0
AL2024,2024092918,72,85,80,5
AL2024,2024092918,96,95,115,-20
AL2024,2024092918,120,105,115,-10
AL2024,2024093000,12,35,45,-10
AL2024,2024093000,24,45,50,-5
AL2024,2024093000,36,55,60,-5
AL2024,2024093000,48,65,65,0
AL2024,2024093000,60,75,75,0
AL2024,2024093000,72,85,100,-15
AL2024,2024093000,96,95,130,-35
AL2024,2024093000,120,105,115,-10
AL2024,2024093006,12,40,50,-10
AL2024,2024093006,24,50,50,0
AL2024,2024093006,36,60,65,-5
AL2024,2024093006,48,70,70,0
AL2024,2024093006,60,80,80,0
AL2024,2024093006,72,90,105,-15
AL2024,2024093006,96,105,130,-25
AL2024,2024093006,120,105,110,-5
AL2024,2024093012,12,55,50,5
AL2024,2024093012,24,70,60,10
AL2024,2024093012,36,80,65,15
AL2024,2024093012,48,90,75,15
AL2024,2024093012,60,100,100,0
AL2024,2024093012,72,105,110,-5
AL2024,2024093012,96,110,120,-10
AL2024,2024093012,120,105,105,0
AL2024,2024093018,12,60,50,10
AL2024,2024093018,24,75,65,10
AL2024,2024093018,36,85,70,15
AL2024,2024093018,48,95,80,15
AL2024,2024093018,60,105,105,0
AL2024,2024093018,72,110,115,-5
AL2024,2024093018,96,110,115,-5
AL2024,2024093018,120,105,105,0
AL2024,2024100100,12,60,60,0
AL2024,2024100100,24,70,65,5
AL2024,2024100100,36,85,75,10
AL2024,2024100100,48,95,100,-5
AL2024,2024100100,60,105,110,-5
AL2024,2024100100,72,110,130,-20
AL2024,2024100100,96,110,115,-5
AL2024,2024100100,120,100,100,0
AL2024,2024100106,12,60,65,-5
AL2024,2024100106,24,75,70,5
AL2024,2024100106,36,85,80,5
AL2024,2024100106,48,95,105,-10
AL2024,2024100106,60,105,115,-10
AL2024,2024100106,72,110,130,-20
AL2024,2024100106,96,110,110,0
AL2024,2024100106,120,100,95,5
AL2024,2024100112,12,65,65,0
AL2024,2024100112,24,75,75,0
AL2024,2024100112,36,85,100,-15
AL2024,2024100112,48,95,110,-15
AL2024,2024100112,60,105,130,-25
AL2024,2024100112,72,110,120,-10
AL2024,2024100112,96,110,105,5
AL2024,2024100112,120,95,85,10
AL2024,2024100118,12,75,70,5
AL2024,2024100118,24,85,80,5
AL2024,2024100118,36,95,105,-10
AL2024,2024100118,48,100,115,-15
AL2024,2024100118,60,105,130,-25
AL2024,2024100118,72,110,115,-5
AL2024,2024100118,96,110,105,5
AL2024,2024100118,120,95,80,15
AL2024,2024100200,12,75,75,0
AL2024,2024100200,24,85,100,-15
AL2024,2024100200,36,95,110,-15
AL2024,2024100200,48,100,130,-30
AL2024,2024100200,60,105,120,-15
AL2024,2024100200,72,110,115,-5
AL2024,2024100200,96,110,100,10
AL2024,2024100200,120,95,70,25
AL2024,2024100206,12,80,80,0
AL2024,2024100206,24,90,105,-15
AL2024,2024100206,36,100,115,-15
AL2024,2024100206,48,105,130,-25
AL2024,2024100206,60,110,115,-5
AL2024,2024100206,72,110,110,0
AL2024,2024100206,96,105,95,10
AL2024,2024100206,120,85,65,20
AL2024,2024100212,12,85,100,-15
AL2024,2024100212,24,100,110,-10
AL2024,2024100212,36,110,130,-20
AL2024,2024100212,48,115,120,-5
AL2024,2024100212,60,115,115,0
AL2024,2024100212,72,110,105,5
AL2024,2024100212,96,100,85,15
AL2024,2024100218,12,120,105,15
AL2024,2024100218,24,125,115,10
AL2024,2024100218,36,125,130,-5
AL2024,2024100218,48,115,115,0
AL2024,2024100218,60,110,110,0
AL2024,2024100218,72,105,105,0
AL2024,2024100218,96,90,80,10
AL2024,2024100300,12,125,110,15
AL2024,2024100300,24,130,130,0
AL2024,2024100300,36,125,120,5
AL2024,2024100300,48,120,115,5
AL2024,2024100300,60,110,105,5
AL2024,2024100300,72,105,100,5
AL2024,2024100300,96,90,70,20
AL2024,2024100306,12,115,115,0
AL2024,2024100306,24,120,130,-10
AL2024,2024100306,36,120,115,5
AL2024,2024100306,48,115,110,5
AL2024,2024100306,60,110,105,5
AL2024,2024100306,72,100,95,5
AL2024,2024100306,96,85,65,20
AL2024,2024100312,12,120,130,-10
AL2024,2024100312,24,120,120,0
AL2024,2024100312,36,120,115,5
AL2024,2024100312,48,115,105,10
AL2024,2024100312,60,105,100,5
AL2024,2024100312,72,95,85,10
AL2024,2024100318,12,125,130,-5
AL2024,2024100318,24,125,115,10
AL2024,2024100318,36,120,110,10
AL2024,2024100318,48,110,105,5
AL2024,2024100318,60,100,95,5
AL2024,2024100318,72,90,80,10
AL2024,2024100400,12,135,120,15
AL2024,2024100400,24,130,115,15
AL2024,2024100400,36,120,105,15
AL2024,2024100400,48,110,100,10
AL2024,2024100400,60,100,85,15
AL2024,2024100400,72,90,70,20
AL2024,2024100406,12,125,115,10
AL2024,2024100406,24,125,110,15
AL2024,2024100406,36,120,105,15
AL2024,2024100406,48,105,95,10
AL2024,2024100406,60,95,80,15
AL2024,2024100406,72,85,65,20
AL2024,2024100412,12,115,115,0
AL2024,2024100412,24,115,105,10
AL2024,2024100412,36,110,100,10
AL2024,2024100412,48,95,85,10
AL2024,2024100412,60,85,70,15
AL2024,2024100418,12,115,110,5
AL2024,2024100418,24,110,105,5
AL2024,2024100418,36,100,95,5
AL2024,2024100418,48,90,80,10
AL2024,2024100418,60,80,65,15
AL2024,2024100500,12,115,105,10
AL2024,2024100500,24,105,100,5
AL2024,2024100500,36,95,85,10
AL2024,2024100500,48,85,70,15
AL2024,2024100506,12,105,105,0
AL2024,2024100506,24,100,95,5
AL2024,2024100506,36,85,80,5
AL2024,2024100506,48,75,65,10
AL2024,2024100512,12,100,100,0
AL2024,2024100512,24,90,85,5
AL2024,2024100512,36,85,70,15
AL2024,2024100518,12,95,95,0
AL2024,2024100518,24,85,80,5
AL2024,2024100518,36,75,65,10
AL2024,2024100600,12,95,85,10
AL2024,2024100600,24,85,70,15
AL2024,2024100606,12,80,80,0
AL2024,2024100606,24,70,65,5
AL2024,2024100612,12,75,70,5
AL2024,2024100618,12,70,65,5
AL2025,2025101306,12,40,45,-5
AL2025,2025101306,24,40,50,-10
AL2025,2025101306,36,45,35,10
AL2025,2025101306,48,50,35,15
AL2025,2025101312,12,45,50,-5
AL2025,2025101312,24,45,40,5
AL2025,2025101312,36,45,35,10
AL2025,2025101312,48,50,35,15
AL2025,2025101318,12,45,50,-5
AL2025,2025101318,24,45,35,10
AL2025,2025101318,36,45,35,10
AL2025,2025101400,12,50,40,10
AL2025,2025101400,24,50,35,15
AL2025,2025101400,36,55,35,20
AL2025,2025101406,12,50,35,15
AL2025,2025101406,24,50,35,15
AL2025,2025101412,12,40,35,5
AL2025,2025101412,24,40,35,5
AL2025,2025101418,12,35,35,0
AL2025,2025101500,12,35,35,0
AL2023,2023090512,12,40,45,-5
AL2023,2023090512,24,50,60,-10
AL2023,2023090512,36,60,70,-10
AL2023,2023090512,48,70,85,-15
AL2023,2023090512,60,80,135,-55
AL2023,2023090512,72,95,135,-40
AL2023,2023090512,96,115,100,15
AL2023,2023090512,120,120,95,25
AL2023,2023090518,12,50,55,-5
AL2023,2023090518,24,60,65,-5
AL2023,2023090518,36,70,75,-5
AL2023,2023090518,48,80,105,-25
AL2023,2023090518,60,90,145,-55
AL2023,2023090518,72,110,125,-15
AL2023,2023090518,96,120,95,25
AL2023,2023090518,120,125,105,20
AL2023,2023090600,12,55,60,-5
AL2023,2023090600,24,65,70,-5
AL2023,2023090600,36,75,85,-10
AL2023,2023090600,48,90,135,-45
AL2023,2023090600,60,105,135,-30
AL2023,2023090600,72,115,105,10
AL2023,2023090600,96,125,85,40
AL2023,2023090600,120,130,105,25
AL2023,2023090606,12,70,65,5
AL2023,2023090606,24,80,75,5
AL2023,2023090606,36,90,105,-15
AL2023,2023090606,48,105,145,-40
AL2023,2023090606,60,120,125,-5
AL2023,2023090606,72,130,100,30
AL2023,2023090606,96,130,90,40
AL2023,2023090606,120,130,105,25
AL2023,2023090612,12,75,70,5
AL2023,2023090612,24,85,85,0
AL2023,2023090612,36,95,135,-40
AL2023,2023090612,48,105,135,-30
AL2023,2023090612,60,120,105,15
AL2023,2023090612,72,130,100,30
AL2023,2023090612,96,130,95,35
AL2023,2023090612,120,130,105,25
AL2023,2023090618,12,75,75,0
AL2023,2023090618,24,85,105,-20
AL2023,2023090618,36,95,145,-50
AL2023,2023090618,48,110,125,-15
AL2023,2023090618,60,120,100,20
AL2023,2023090618,72,130,95,35
AL2023,2023090618,96,130,105,25
AL2023,2023090618,120,125,100,25
AL2023,2023090700,12,75,85,-10
AL2023,2023090700,24,85,135,-50
AL2023,2023090700,36,105,135,-30
AL2023,2023090700,48,120,105,15
AL2023,2023090700,60,130,100,30
AL2023,2023090700,72,135,85,50
AL2023,2023090700,96,130,105,25
AL2023,2023090700,120,125,100,25
AL2023,2023090706,12,85,105,-20
AL2023,2023090706,24,100,145,-45
AL2023,2023090706,36,115,125,-10
AL2023,2023090706,48,125,100,25
AL2023,2023090706,60,135,95,40
AL2023,2023090706,72,135,90,45
AL2023,2023090706,96,125,105,20
AL2023,2023090706,120,115,100,15
AL2023,2023090712,12,115,135,-20
AL2023,2023090712,24,130,135,-5
AL2023,2023090712,36,140,105,35
AL2023,2023090712,48,140,100,40
AL2023,2023090712,60,135,85,50
AL2023,2023090712,72,135,95,40
AL2023,2023090712,96,125,105,20
AL2023,2023090712,120,120,100,20
AL2023,2023090718,12,140,145,-5
AL2023,2023090718,24,145,125,20
AL2023,2023090718,36,140,100,40
AL2023,2023090718,48,135,95,40
AL2023,2023090718,60,135,90,45
AL2023,2023090718,72,130,105,25
AL2023,2023090718,96,130,100,30
AL2023,2023090718,120,120,100,20
AL2023,2023090800,12,155,135,20
AL2023,2023090800,24,150,105,45
AL2023,2023090800,36,145,100,45
AL2023,2023090800,48,140,85,55
AL2023,2023090800,60,135,95,40
AL2023,2023090800,72,130,105,25
AL2023,2023090800,96,125,100,25
AL2023,2023090800,120,115,100,15
AL2023,2023090806,12,155,125,30
AL2023,2023090806,24,150,100,50
AL2023,2023090806,36,145,95,50
AL2023,2023090806,48,145,90,55
AL2023,2023090806,60,140,105,35
AL2023,2023090806,72,135,105,30
AL2023,2023090806,96,130,100,30
AL2023,2023090806,120,120,100,20
AL2023,2023090812,12,135,105,30
AL2023,2023090812,24,130,100,30
AL2023,2023090812,36,125,85,40
AL2023,2023090812,48,125,95,30
AL2023,2023090812,60,125,105,20
AL2023,2023090812,72,125,105,20
AL2023,2023090812,96,120,100,20
AL2023,2023090812,120,115,95,20
AL2023,2023090818,12,125,100,25
AL2023,2023090818,24,120,95,25
AL2023,2023090818,36,120,90,30
AL2023,2023090818,48,125,105,20
AL2023,2023090818,60,125,105,20
AL2023,2023090818,72,125,100,25
AL2023,2023090818,96,120,100,20
AL2023,2023090818,120,110,90,20
AL2023,2023090900,12,95,100,-5
AL2023,2023090900,24,95,85,10
AL2023,2023090900,36,105,95,10
AL2023,2023090900,48,115,105,10
AL2023,2023090900,60,120,105,15
AL2023,2023090900,72,120,100,20
AL2023,2023090900,96,120,100,20
AL2023,2023090900,120,105,90,15
AL2023,2023090906,12,95,95,0
AL2023,2023090906,24,95,90,5
AL2023,2023090906,36,105,105,0
AL2023,2023090906,48,115,105,10
AL2023,2023090906,60,120,100,20
AL2023,2023090906,72,120,100,20
AL2023,2023090906,96,115,100,15
AL2023,2023090906,120,105,85,20
AL2023,2023090912,12,100,85,15
AL2023,2023090912,24,105,95,10
AL2023,2023090912,36,110,105,5
AL2023,2023090912,48,115,105,10
AL2023,2023090912,60,120,100,20
AL2023,2023090912,72,120,100,20
AL2023,2023090912,96,110,95,15
AL2023,2023090912,120,105,80,25
AL2023,2023090918,12,105,90,15
AL2023,2023090918,24,110,105,5
AL2023,2023090918,36,115,105,10
AL2023,2023090918,48,120,100,20
AL2023,2023090918,60,120,100,20
AL2023,2023090918,72,115,100,15
AL2023,2023090918,96,105,90,15
AL2023,2023090918,120,100,75,25
AL2023,2023091000,12,100,95,5
AL2023,2023091000,24,110,105,5
AL2023,2023091000,36,120,105,15
AL2023,2023091000,48,115,100,15
AL2023,2023091000,60,110,100,10
AL2023,2023091000,72,105,100,5
AL2023,2023091000,96,95,90,5
AL2023,2023091000,120,85,75,10
AL2023,2023091006,12,95,105,-10
AL2023,2023091006,24,105,105,0
AL2023,2023091006,36,115,100,15
AL2023,2023091006,48,115,100,15
AL2023,2023091006,60,110,100,10
AL2023,2023091006,72,105,100,5
AL2023,2023091006,96,95,85,10
AL2023,2023091006,120,80,75,5
AL2023,2023091012,12,105,105,0
AL2023,2023091012,24,110,105,5
AL2023,2023091012,36,115,100,15
AL2023,2023091012,48,115,100,15
AL2023,2023091012,60,110,100,10
AL2023,2023091012,72,105,95,10
AL2023,2023091012,96,95,80,15
AL2023,2023091012,120,80,75,5
AL2023,2023091018,12,115,105,10
AL2023,2023091018,24,120,100,20
AL2023,2023091018,36,120,100,20
AL2023,2023091018,48,115,100,15
AL2023,2023091018,60,105,100,5
AL2023,2023091018,72,100,90,10
AL2023,2023091018,96,90,75,15
AL2023,2023091018,120,80,75,5
AL2023,2023091100,12,115,105,10
AL2023,2023091100,24,120,100,20
AL2023,2023091100,36,115,100,15
AL2023,2023091100,48,110,100,10
AL2023,2023091100,60,100,95,5
AL2023,2023091100,72,95,90,5
AL2023,2023091100,96,85,75,10
AL2023,2023091100,120,70,75,-5
AL2023,2023091106,12,115,100,15
AL2023,2023091106,24,115,100,15
AL2023,2023091106,36,115,100,15
AL2023,2023091106,48,110,100,10
AL2023,2023091106,60,100,90,10
AL2023,2023091106,72,95,85,10
AL2023,2023091106,96,85,75,10
AL2023,2023091112,12,110,100,10
AL2023,2023091112,24,115,100,15
AL2023,2023091112,36,110,100,10
AL2023,2023091112,48,100,95,5
AL2023,2023091112,60,95,90,5
AL2023,2023091112,72,90,80,10
AL2023,2023091112,96,80,75,5
AL2023,2023091118,12,105,100,5
AL2023,2023091118,24,105,100,5
AL2023,2023091118,36,100,100,0
AL2023,2023091118,48,100,90,10
AL2023,2023091118,60,95,85,10
AL2023,2023091118,72,90,75,15
AL2023,2023091118,96,80,75,5
AL2023,2023091200,12,105,100,5
AL2023,2023091200,24,105,100,5
AL2023,2023091200,36,100,95,5
AL2023,2023091200,48,95,90,5
AL2023,2023091200,60,90,80,10
AL2023,2023091200,72,80,75,5
AL2023,2023091200,96,70,75,-5
AL2023,2023091206,12,100,100,0
AL2023,2023091206,24,100,100,0
AL2023,2023091206,36,95,90,5
AL2023,2023091206,48,90,85,5
AL2023,2023091206,60,85,75,10
AL2023,2023091206,72,80,75,5
AL2023,2023091212,12,100,100,0
AL2023,2023091212,24,100,95,5
AL2023,2023091212,36,95,90,5
AL2023,2023091212,48,90,80,10
AL2023,2023091212,60,85,75,10
AL2023,2023091212,72,80,75,5
AL2023,2023091218,12,100,100,0
AL2023,2023091218,24,95,90,5
AL2023,2023091218,36,90,85,5
AL2023,2023091218,48,85,75,10
AL2023,2023091218,60,80,75,5
AL2023,2023091218,72,75,75,0
AL2023,2023091300,12,100,95,5
AL2023,2023091300,24,95,90,5
AL2023,2023091300,36,90,80,10
AL2023,2023091300,48,80,75,5
AL2023,2023091300,60,75,75,0
AL2023,2023091300,72,75,75,0
AL2023,2023091306,12,95,90,5
AL2023,2023091306,24,90,85,5
AL2023,2023091306,36,85,75,10
AL2023,2023091306,48,80,75,5
AL2023,2023091306,60,75,75,0
AL2023,2023091312,12,95,90,5
AL2023,2023091312,24,90,80,10
AL2023,2023091312,36,85,75,10
AL2023,2023091312,48,80,75,5
AL2023,2023091312,60,75,75,0
AL2023,2023091318,12,90,85,5
AL2023,2023091318,24,85,75,10
AL2023,2023091318,36,80,75,5
AL2023,2023091318,48,75,75,0
AL2023,2023091400,12,90,80,10
AL2023,2023091400,24,85,75,10
AL2023,2023091400,36,80,75,5
AL2023,2023091400,48,75,75,0
AL2023,2023091406,12,80,75,5
AL2023,2023091406,24,80,75,5
AL2023,2023091406,36,75,75,0
AL2023,2023091412,12,75,75,0
AL2023,2023091412,24,70,75,-5
AL2023,2023091412,36,70,75,-5
AL2023,2023091418,12,75,75,0
AL2023,2023091418,24,75,75,0
AL2023,2023091500,12,75,75,0
AL2023,2023091500,24,75,75,0
AL2023,2023091506,12,75,75,0
AL2023,2023091512,12,70,75,-5
AL2024,2024100212,12,35,35,0
AL2024,2024100212,24,40,45,-5
AL2024,2024100212,36,45,50,-5
AL2024,2024100212,48,55,55,0
AL2024,2024100212,60,60,65,-5
AL2024,2024100212,72,65,70,-5
AL2024,2024100212,96,75,80,-5
AL2024,2024100212,120,80,70,10
AL2024,2024100218,12,35,40,-5
AL2024,2024100218,24,45,45,0
AL2024,2024100218,36,55,50,5
AL2024,2024100218,48,65,60,5
AL2024,2024100218,60,75,70,5
AL2024,2024100218,72,80,70,10
AL2024,2024100218,96,80,80,0
AL2024,2024100218,120,80,65,15
AL2024,2024100300,12,40,45,-5
AL2024,2024100300,24,50,50,0
AL2024,2024100300,36,60,55,5
AL2024,2024100300,48,70,65,5
AL2024,2024100300,60,80,70,10
AL2024,2024100300,72,85,75,10
AL2024,2024100300,96,85,80,5
AL2024,2024100300,120,85,60,25
AL2024,2024100306,12,40,45,-5
AL2024,2024100306,24,50,50,0
AL2024,2024100306,36,60,60,0
AL2024,2024100306,48,70,70,0
AL2024,2024100306,60,80,70,10
AL2024,2024100306,72,85,80,5
AL2024,2024100306,96,85,75,10
AL2024,2024100306,120,90,60,30
AL2024,2024100312,12,50,50,0
AL2024,2024100312,24,60,55,5
AL2024,2024100312,36,70,65,5
AL2024,2024100312,48,75,70,5
AL2024,2024100312,60,80,75,5
AL2024,2024100312,72,85,80,5
AL2024,2024100312,96,90,70,20
AL2024,2024100312,120,95,60,35
AL2024,2024100318,12,55,50,5
AL2024,2024100318,24,65,60,5
AL2024,2024100318,36,75,70,5
AL2024,2024100318,48,80,70,10
AL2024,2024100318,60,85,80,5
AL2024,2024100318,72,85,80,5
AL2024,2024100318,96,90,65,25
AL2024,2024100318,120,100,65,35
AL2024,2024100400,12,55,55,0
AL2024,2024100400,24,65,65,0
AL2024,2024100400,36,75,70,5
AL2024,2024100400,48,80,75,5
AL2024,2024100400,60,85,80,5
AL2024,2024100400,72,85,80,5
AL2024,2024100400,96,90,60,30
AL2024,2024100400,120,100,70,30
AL2024,2024100406,12,55,60,-5
AL2024,2024100406,24,60,70,-10
AL2024,2024100406,36,70,70,0
AL2024,2024100406,48,75,80,-5
AL2024,2024100406,60,80,80,0
AL2024,2024100406,72,85,75,10
AL2024,2024100406,96,90,60,30
AL2024,2024100406,120,95,75,20
AL2024,2024100412,12,65,65,0
AL2024,2024100412,24,75,70,5
AL2024,2024100412,36,80,75,5
AL2024,2024100412,48,80,80,0
AL2024,2024100412,60,85,80,5
AL2024,2024100412,72,90,70,20
AL2024,2024100412,96,85,60,25
AL2024,2024100412,120,85,80,5
AL2024,2024100418,12,70,70,0
AL2024,2024100418,24,75,70,5
AL2024,2024100418,36,80,80,0
AL2024,2024100418,48,80,80,0
AL2024,2024100418,60,80,75,5
AL2024,2024100418,72,75,65,10
AL2024,2024100418,96,75,65,10
AL2024,2024100418,120,70,85,-15
AL2024,2024100500,12,70,70,0
AL2024,2024100500,24,75,75,0
AL2024,2024100500,36,80,80,0
AL2024,2024100500,48,80,80,0
AL2024,2024100500,60,75,70,5
AL2024,2024100500,72,70,60,10
AL2024,2024100500,96,70,70,0
AL2024,2024100500,120,70,90,-20
AL2024,2024100506,12,75,70,5
AL2024,2024100506,24,80,80,0
AL2024,2024100506,36,75,80,-5
AL2024,2024100506,48,70,75,-5
AL2024,2024100506,60,70,65,5
AL2024,2024100506,72,70,60,10
AL2024,2024100506,96,65,75,-10
AL2024,2024100506,120,65,85,-20
AL2024,2024100512,12,75,75,0
AL2024,2024100512,24,75,80,-5
AL2024,2024100512,36,70,80,-10
AL2024,2024100512,48,65,70,-5
AL2024,2024100512,60,60,60,0
AL2024,2024100512,72,60,60,0
AL2024,2024100512,96,55,80,-25
AL2024,2024100512,120,55,75,-20
AL2024,2024100518,12,70,80,-10
AL2024,2024100518,24,65,80,-15
AL2024,2024100518,36,65,75,-10
AL2024,2024100518,48,60,65,-5
AL2024,2024100518,60,55,60,-5
AL2024,2024100518,72,55,65,-10
AL2024,2024100518,96,50,85,-35
AL2024,2024100518,120,50,65,-15
AL2024,2024100600,12,70,80,-10
AL2024,2024100600,24,65,80,-15
AL2024,2024100600,36,60,70,-10
AL2024,2024100600,48,60,60,0
AL2024,2024100600,60,55,60,-5
AL2024,2024100600,72,50,70,-20
AL2024,2024100600,96,50,90,-40
AL2024,2024100600,120,50,55,-5
AL2024,2024100606,12,80,80,0
AL2024,2024100606,24,75,75,0
AL2024,2024100606,36,65,65,0
AL2024,2024100606,48,55,60,-5
AL2024,2024100606,60,50,65,-15
AL2024,2024100606,72,50,75,-25
AL2024,2024100606,96,50,85,-35
AL2024,2024100606,120,50,50,0
AL2024,2024100612,12,85,80,5
AL2024,2024100612,24,75,70,5
AL2024,2024100612,36,65,60,5
AL2024,2024100612,48,55,60,-5
AL2024,2024100612,60,50,70,-20
AL2024,2024100612,72,50,80,-30
AL2024,2024100612,96,50,75,-25
AL2024,2024100612,120,50,45,5
AL2024,2024100618,12,80,75,5
AL2024,2024100618,24,70,65,5
AL2024,2024100618,36,60,60,0
AL2024,2024100618,48,55,65,-10
AL2024,2024100618,60,55,75,-20
AL2024,2024100618,72,55,85,-30
AL2024,2024100618,96,50,65,-15
AL2024,2024100618,120,50,45,5
AL2024,2024100700,12,75,70,5
AL2024,2024100700,24,65,60,5
AL2024,2024100700,36,55,60,-5
AL2024,2024100700,48,50,70,-20
AL2024,2024100700,60,50,80,-30
AL2024,2024100700,72,45,90,-45
AL2024,2024100700,96,45,55,-10
AL2024,2024100700,120,40,45,-5
AL2024,2024100706,12,75,65,10
AL2024,2024100706,24,60,60,0
AL2024,2024100706,36,55,65,-10
AL2024,2024100706,48,50,75,-25
AL2024,2024100706,60,50,85,-35
AL2024,2024100706,72,45,85,-40
AL2024,2024100706,96,40,50,-10
AL2024,2024100706,120,40,45,-5
AL2024,2024100712,12,65,60,5
AL2024,2024100712,24,60,60,0
AL2024,2024100712,36,55,70,-15
AL2024,2024100712,48,55,80,-25
AL2024,2024100712,60,50,90,-40
AL2024,2024100712,72,45,75,-30
AL2024,2024100712,96,40,45,-5
AL2024,2024100718,12,65,60,5
AL2024,2024100718,24,60,65,-5
AL2024,2024100718,36,55,75,-20
AL2024,2024100718,48,55,85,-30
AL2024,2024100718,60,50,85,-35
AL2024,2024100718,72,45,65,-20
AL2024,2024100718,96,40,45,-5
AL2024,2024100800,12,60,60,0
AL2024,2024100800,24,55,70,-15
AL2024,2024100800,36,55,80,-25
AL2024,2024100800,48,55,90,-35
AL2024,2024100800,60,50,75,-25
AL2024,2024100800,72,40,55,-15
AL2024,2024100800,96,35,45,-10
AL2024,2024100806,12,60,65,-5
AL2024,2024100806,24,55,75,-20
AL2024,2024100806,36,55,85,-30
AL2024,2024100806,48,55,85,-30
AL2024,2024100806,60,50,65,-15
AL2024,2024100806,72,40,50,-10
AL2024,2024100806,96,35,45,-10
AL2024,2024100812,12,60,70,-10
AL2024,2024100812,24,60,80,-20
AL2024,2024100812,36,60,90,-30
AL2024,2024100812,48,55,75,-20
AL2024,2024100812,60,50,55,-5
AL2024,2024100812,72,40,45,-5
AL2024,2024100818,12,70,75,-5
AL2024,2024100818,24,70,85,-15
AL2024,2024100818,36,65,85,-20
AL2024,2024100818,48,55,65,-10
AL2024,2024100818,60,50,50,0
AL2024,2024100818,72,40,45,-5
AL2024,2024100900,12,75,80,-5
AL2024,2024100900,24,80,90,-10
AL2024,2024100900,36,80,75,5
AL2024,2024100900,48,60,55,5
AL2024,2024100900,60,45,45,0
AL2024,2024100900,72,40,45,-5
AL2024,2024100906,12,75,85,-10
AL2024,2024100906,24,75,85,-10
AL2024,2024100906,36,65,65,0
AL2024,2024100906,48,55,50,5
AL2024,2024100906,60,45,45,0
AL2024,2024100906,72,40,45,-5
AL2024,2024100912,12,85,90,-5
AL2024,2024100912,24,85,75,10
AL2024,2024100912,36,70,55,15
AL2024,2024100912,48,50,45,5
AL2024,2024100912,60,45,45,0
AL2024,2024100918,12,85,85,0
AL2024,2024100918,24,80,65,15
AL2024,2024100918,36,60,50,10
AL2024,2024100918,48,50,45,5
AL2024,2024100918,60,45,45,0
AL2024,2024101000,12,100,75,25
AL2024,2024101000,24,80,55,25
AL2024,2024101000,36,55,45,10
AL2024,2024101000,48,45,45,0
AL2024,2024101006,12,85,65,20
AL2024,2024101006,24,70,50,20
AL2024,2024101006,36,50,45,5
AL2024,2024101006,48,45,45,0
AL2024,2024101012,12,70,55,15
AL2024,2024101012,24,55,45,10
AL2024,2024101012,36,45,45,0
AL2024,2024101018,12,45,50,-5
AL2024,2024101018,24,40,45,-5
AL2024,2024101018,36,40,45,-5
AL2024,2024101100,12,45,45,0
AL2024,2024101100,24,40,45,-5
AL2024,2024101106,12,45,45,0
AL2024,2024101106,24,40,45,-5
AL2024,2024101112,12,40,45,-5
AL2024,2024101118,12,45,45,0
AL2025,2025102112,12,50,45,5
AL2025,2025102112,24,55,45,10
AL2025,2025102112,36,60,45,15
AL2025,2025102112,48,60,40,20
AL2025,2025102112,60,60,40,20
AL2025,2025102112,72,60,45,15
AL2025,2025102112,96,65,60,5
AL2025,2025102112,120,70,115,-45
AL2025,2025102118,12,45,45,0
AL2025,2025102118,24,50,45,5
AL2025,2025102118,36,55,40,15
AL2025,2025102118,48,60,40,20
AL2025,2025102118,60,60,40,20
AL2025,2025102118,72,60,50,10
AL2025,2025102118,96,65,75,-10
AL2025,2025102118,120,75,120,-45
AL2025,2025102200,12,45,45,0
AL2025,2025102200,24,50,45,5
AL2025,2025102200,36,55,40,15
AL2025,2025102200,48,55,40,15
AL2025,2025102200,60,60,45,15
AL2025,2025102200,72,60,55,5
AL2025,2025102200,96,65,90,-25
AL2025,2025102200,120,75,125,-50
AL2025,2025102206,12,45,45,0
AL2025,2025102206,24,50,40,10
AL2025,2025102206,36,55,40,15
AL2025,2025102206,48,60,40,20
AL2025,2025102206,60,65,50,15
AL2025,2025102206,72,70,60,10
AL2025,2025102206,96,80,105,-25
AL2025,2025102206,120,90,135,-45
AL2025,2025102212,12,45,45,0
AL2025,2025102212,24,50,40,10
AL2025,2025102212,36,55,40,15
AL2025,2025102212,48,55,45,10
AL2025,2025102212,60,60,55,5
AL2025,2025102212,72,70,60,10
AL2025,2025102212,96,90,115,-25
AL2025,2025102212,120,105,145,-40
AL2025,2025102218,12,45,40,5
AL2025,2025102218,24,50,40,10
AL2025,2025102218,36,50,40,10
AL2025,2025102218,48,55,50,5
AL2025,2025102218,60,60,60,0
AL2025,2025102218,72,70,75,-5
AL2025,2025102218,96,100,120,-20
AL2025,2025102218,120,115,155,-40
AL2025,2025102300,12,45,40,5
AL2025,2025102300,24,50,40,10
AL2025,2025102300,36,50,45,5
AL2025,2025102300,48,55,55,0
AL2025,2025102300,60,65,60,5
AL2025,2025102300,72,75,90,-15
AL2025,2025102300,96,100,125,-25
AL2025,2025102300,120,115,155,-40
AL2025,2025102306,12,45,40,5
AL2025,2025102306,24,50,40,10
AL2025,2025102306,36,55,50,5
AL2025,2025102306,48,60,60,0
AL2025,2025102306,60,70,75,-5
AL2025,2025102306,72,85,105,-20
AL2025,2025102306,96,105,135,-30
AL2025,2025102306,120,115,155,-40
AL2025,2025102312,12,45,40,5
AL2025,2025102312,24,50,45,5
AL2025,2025102312,36,60,55,5
AL2025,2025102312,48,75,60,15
AL2025,2025102312,60,90,90,0
AL2025,2025102312,72,105,115,-10
AL2025,2025102312,96,115,145,-30
AL2025,2025102312,120,115,165,-50
AL2025,2025102318,12,45,40,5
AL2025,2025102318,24,50,50,0
AL2025,2025102318,36,60,60,0
AL2025,2025102318,48,80,75,5
AL2025,2025102318,60,100,105,-5
AL2025,2025102318,72,115,120,-5
AL2025,2025102318,96,125,155,-30
AL2025,2025102318,120,125,145,-20
AL2025,2025102400,12,45,45,0
AL2025,2025102400,24,50,55,-5
AL2025,2025102400,36,60,60,0
AL2025,2025102400,48,80,90,-10
AL2025,2025102400,60,100,115,-15
AL2025,2025102400,72,115,125,-10
AL2025,2025102400,96,125,155,-30
AL2025,2025102400,120,125,105,20
AL2025,2025102406,12,45,50,-5
AL2025,2025102406,24,55,60,-5
AL2025,2025102406,36,65,75,-10
AL2025,2025102406,48,85,105,-20
AL2025,2025102406,60,100,120,-20
AL2025,2025102406,72,115,135,-20
AL2025,2025102406,96,125,155,-30
AL2025,2025102406,120,120,105,15
AL2025,2025102412,12,45,55,-10
AL2025,2025102412,24,60,60,0
AL2025,2025102412,36,70,90,-20
AL2025,2025102412,48,85,115,-30
AL2025,2025102412,60,105,125,-20
AL2025,2025102412,72,125,145,-20
AL2025,2025102412,96,130,165,-35
AL2025,2025102412,120,105,85,20
AL2025,2025102418,12,65,60,5
AL2025,2025102418,24,85,75,10
AL2025,2025102418,36,105,105,0
AL2025,2025102418,48,120,120,0
AL2025,2025102418,60,135,135,0
AL2025,2025102418,72,135,155,-20
AL2025,2025102418,96,120,145,-25
AL2025,2025102418,120,95,80,15
AL2025,2025102500,12,65,60,5
AL2025,2025102500,24,85,90,-5
AL2025,2025102500,36,105,115,-10
AL2025,2025102500,48,120,125,-5
AL2025,2025102500,60,135,145,-10
AL2025,2025102500,72,135,155,-20
AL2025,2025102500,96,115,105,10
AL2025,2025102500,120,90,80,10
AL2025,2025102506,12,75,75,0
AL2025,2025102506,24,100,105,-5
AL2025,2025102506,36,115,120,-5
AL2025,2025102506,48,125,135,-10
AL2025,2025102506,60,135,155,-20
AL2025,2025102506,72,125,155,-30
AL2025,2025102506,96,105,105,0
AL2025,2025102506,120,90,85,5
AL2025,2025102512,12,80,90,-10
AL2025,2025102512,24,100,115,-15
AL2025,2025102512,36,120,125,-5
AL2025,2025102512,48,135,145,-10
AL2025,2025102512,60,130,155,-25
AL2025,2025102512,72,115,165,-50
AL2025,2025102512,96,95,85,10
AL2025,2025102512,120,75,90,-15
AL2025,2025102518,12,100,105,-5
AL2025,2025102518,24,115,120,-5
AL2025,2025102518,36,135,135,0
AL2025,2025102518,48,140,155,-15
AL2025,2025102518,60,130,155,-25
AL2025,2025102518,72,115,145,-30
AL2025,2025102518,96,90,80,10
AL2025,2025102518,120,80,85,-5
AL2025,2025102600,12,110,115,-5
AL2025,2025102600,24,125,125,0
AL2025,2025102600,36,135,145,-10
AL2025,2025102600,48,140,155,-15
AL2025,2025102600,60,120,165,-45
AL2025,2025102600,72,105,105,0
AL2025,2025102600,96,90,80,10
AL2025,2025102600,120,75,80,-5
AL2025,2025102606,12,130,120,10
AL2025,2025102606,24,140,135,5
AL2025,2025102606,36,140,155,-15
AL2025,2025102606,48,135,155,-20
AL2025,2025102606,60,120,145,-25
AL2025,2025102606,72,105,105,0
AL2025,2025102606,96,95,85,10
AL2025,2025102606,120,80,75,5
AL2025,2025102612,12,130,125,5
AL2025,2025102612,24,140,145,-5
AL2025,2025102612,36,140,155,-15
AL2025,2025102612,48,135,165,-30
AL2025,2025102612,60,110,105,5
AL2025,2025102612,72,95,85,10
AL2025,2025102612,96,85,90,-5
AL2025,2025102618,12,135,135,0
AL2025,2025102618,24,140,155,-15
AL2025,2025102618,36,140,155,-15
AL2025,2025102618,48,115,145,-30
AL2025,2025102618,60,105,105,0
AL2025,2025102618,72,90,80,10
AL2025,2025102618,96,80,85,-5
AL2025,2025102700,12,135,145,-10
AL2025,2025102700,24,140,155,-15
AL2025,2025102700,36,140,165,-25
AL2025,2025102700,48,110,105,5
AL2025,2025102700,60,85,85,0
AL2025,2025102700,72,75,80,-5
AL2025,2025102700,96,70,80,-10
AL2025,2025102706,12,145,155,-10
AL2025,2025102706,24,140,155,-15
AL2025,2025102706,36,115,145,-30
AL2025,2025102706,48,105,105,0
AL2025,2025102706,60,90,80,10
AL2025,2025102706,72,85,85,0
AL2025,2025102706,96,80,75,5
AL2025,2025102712,12,145,155,-10
AL2025,2025102712,24,140,165,-25
AL2025,2025102712,36,110,105,5
AL2025,2025102712,48,95,85,10
AL2025,2025102712,60,85,80,5
AL2025,2025102712,72,85,90,-5
AL2025,2025102718,12,145,155,-10
AL2025,2025102718,24,125,145,-20
AL2025,2025102718,36,110,105,5
AL2025,2025102718,48,95,80,15
AL2025,2025102718,60,85,85,0
AL2025,2025102718,72,80,85,-5
AL2025,2025102800,12,150,165,-15
AL2025,2025102800,24,120,105,15
AL2025,2025102800,36,90,85,5
AL2025,2025102800,48,85,80,5
AL2025,2025102800,60,80,90,-10
AL2025,2025102800,72,75,80,-5
AL2025,2025102806,12,145,145,0
AL2025,2025102806,24,120,105,15
AL2025,2025102806,36,95,80,15
AL2025,2025102806,48,90,85,5
AL2025,2025102806,60,85,85,0
AL2025,2025102806,72,80,75,5
AL2025,2025102812,12,130,105,25
AL2025,2025102812,24,100,85,15
AL2025,2025102812,36,95,80,15
AL2025,2025102812,48,90,90,0
AL2025,2025102812,60,85,80,5
AL2025,2025102818,12,120,105,15
AL2025,2025102818,24,100,80,20
AL2025,2025102818,36,95,85,10
AL2025,2025102818,48,90,85,5
AL2025,2025102818,60,85,75,10
AL2025,2025102900,12,100,85,15
AL2025,2025102900,24,90,80,10
AL2025,2025102900,36,85,90,-5
AL2025,2025102900,48,80,80,0
AL2025,2025102906,12,95,80,15
AL2025,2025102906,24,90,85,5
AL2025,2025102906,36,85,85,0
AL2025,2025102906,48,80,75,5
AL2025,2025102912,12,90,80,10
AL2025,2025102912,24,90,90,0
AL2025,2025102912,36,85,80,5
AL2025,2025102918,12,85,85,0
AL2025,2025102918,24,90,85,5
AL2025,2025102918,36,85,75,10
AL2025,2025103000,12,90,90,0
AL2025,2025103000,24,90,80,10
AL2025,2025103006,12,95,85,10
AL2025,2025103006,24,90,75,15
AL2025,2025103012,12,90,80,10
AL2025,2025103018,12,85,75,10
AL2023,2023090712,12,35,35,0
AL2023,2023090712,24,40,35,5
AL2023,2023090712,36,50,35,15
AL2023,2023090712,48,55,40,15
AL2023,2023090712,60,60,45,15
AL2023,2023090712,72,65,45,20
AL2023,2023090712,96,75,60,15
AL2023,2023090712,120,80,75,5
AL2023,2023090718,12,40,35,5
AL2023,2023090718,24,45,35,10
AL2023,2023090718,36,50,40,10
AL2023,2023090718,48,60,40,20
AL2023,2023090718,60,65,45,20
AL2023,2023090718,72,70,50,20
AL2023,2023090718,96,75,65,10
AL2023,2023090718,120,80,75,5
AL2023,2023090800,12,40,35,5
AL2023,2023090800,24,45,35,10
AL2023,2023090800,36,50,40,10
AL2023,2023090800,48,55,45,10
AL2023,2023090800,60,60,45,15
AL2023,2023090800,72,65,55,10
AL2023,2023090800,96,75,70,5
AL2023,2023090800,120,80,75,5
AL2023,2023090806,12,40,35,5
AL2023,2023090806,24,45,40,5
AL2023,2023090806,36,50,40,10
AL2023,2023090806,48,55,45,10
AL2023,2023090806,60,60,50,10
AL2023,2023090806,72,65,55,10
AL2023,2023090806,96,75,75,0
AL2023,2023090806,120,80,80,0
AL2023,2023090812,12,40,35,5
AL2023,2023090812,24,45,40,5
AL2023,2023090812,36,50,45,5
AL2023,2023090812,48,60,45,15
AL2023,2023090812,60,65,55,10
AL2023,2023090812,72,70,60,10
AL2023,2023090812,96,75,75,0
AL2023,2023090812,120,75,80,-5
AL2023,2023090818,12,40,40,0
AL2023,2023090818,24,45,40,5
AL2023,2023090818,36,50,45,5
AL2023,2023090818,48,55,50,5
AL2023,2023090818,60,65,55,10
AL2023,2023090818,72,70,65,5
AL2023,2023090818,96,75,75,0
AL2023,2023090818,120,75,75,0
AL2023,2023090900,12,40,40,0
AL2023,2023090900,24,45,45,0
AL2023,2023090900,36,50,45,5
AL2023,2023090900,48,55,55,0
AL2023,2023090900,60,60,60,0
AL2023,2023090900,72,65,70,-5
AL2023,2023090900,96,70,75,-5
AL2023,2023090900,120,75,75,0
AL2023,2023090906,12,45,40,5
AL2023,2023090906,24,45,45,0
AL2023,2023090906,36,55,50,5
AL2023,2023090906,48,60,55,5
AL2023,2023090906,60,65,65,0
AL2023,2023090906,72,70,75,-5
AL2023,2023090906,96,75,80,-5
AL2023,2023090906,120,75,70,5
AL2023,2023090912,12,45,45,0
AL2023,2023090912,24,50,45,5
AL2023,2023090912,36,55,55,0
AL2023,2023090912,48,60,60,0
AL2023,2023090912,60,65,70,-5
AL2023,2023090912,72,70,75,-5
AL2023,2023090912,96,75,80,-5
AL2023,2023090912,120,75,70,5
AL2023,2023090918,12,45,45,0
AL2023,2023090918,24,50,50,0
AL2023,2023090918,36,50,55,-5
AL2023,2023090918,48,55,65,-10
AL2023,2023090918,60,60,75,-15
AL2023,2023090918,72,65,75,-10
AL2023,2023090918,96,70,75,-5
AL2023,2023090918,120,75,70,5
AL2023,2023091000,12,50,45,5
AL2023,2023091000,24,50,55,-5
AL2023,2023091000,36,55,60,-5
AL2023,2023091000,48,60,70,-10
AL2023,2023091000,60,65,75,-10
AL2023,2023091000,72,70,75,-5
AL2023,2023091000,96,75,75,0
AL2023,2023091000,120,75,65,10
AL2023,2023091006,12,50,50,0
AL2023,2023091006,24,55,55,0
AL2023,2023091006,36,60,65,-5
AL2023,2023091006,48,65,75,-10
AL2023,2023091006,60,70,75,-5
AL2023,2023091006,72,70,80,-10
AL2023,2023091006,96,75,70,5
AL2023,2023091006,120,75,60,15
AL2023,2023091012,12,50,55,-5
AL2023,2023091012,24,55,60,-5
AL2023,2023091012,36,60,70,-10
AL2023,2023091012,48,65,75,-10
AL2023,2023091012,60,70,75,-5
AL2023,2023091012,72,70,80,-10
AL2023,2023091012,96,75,70,5
AL2023,2023091012,120,70,55,15
AL2023,2023091018,12,60,55,5
AL2023,2023091018,24,65,65,0
AL2023,2023091018,36,70,75,-5
AL2023,2023091018,48,75,75,0
AL2023,2023091018,60,75,80,-5
AL2023,2023091018,72,75,75,0
AL2023,2023091018,96,75,70,5
AL2023,2023091018,120,70,55,15
AL2023,2023091100,12,60,60,0
AL2023,2023091100,24,65,70,-5
AL2023,2023091100,36,70,75,-5
AL2023,2023091100,48,75,75,0
AL2023,2023091100,60,75,80,-5
AL2023,2023091100,72,75,75,0
AL2023,2023091100,96,75,65,10
AL2023,2023091100,120,65,55,10
AL2023,2023091106,12,60,65,-5
AL2023,2023091106,24,70,75,-5
AL2023,2023091106,36,75,75,0
AL2023,2023091106,48,75,80,-5
AL2023,2023091106,60,75,75,0
AL2023,2023091106,72,75,70,5
AL2023,2023091106,96,70,60,10
AL2023,2023091106,120,60,55,5
AL2023,2023091112,12,65,70,-5
AL2023,2023091112,24,75,75,0
AL2023,2023091112,36,80,75,5
AL2023,2023091112,48,80,80,0
AL2023,2023091112,60,75,75,0
AL2023,2023091112,72,70,70,0
AL2023,2023091112,96,65,55,10
AL2023,2023091112,120,55,50,5
AL2023,2023091118,12,75,75,0
AL2023,2023091118,24,80,75,5
AL2023,2023091118,36,85,80,5
AL2023,2023091118,48,85,75,10
AL2023,2023091118,60,80,70,10
AL2023,2023091118,72,75,70,5
AL2023,2023091118,96,65,55,10
AL2023,2023091118,120,55,45,10
AL2023,2023091200,12,75,75,0
AL2023,2023091200,24,80,75,5
AL2023,2023091200,36,85,80,5
AL2023,2023091200,48,85,75,10
AL2023,2023091200,60,80,70,10
AL2023,2023091200,72,75,65,10
AL2023,2023091200,96,65,55,10
AL2023,2023091206,12,80,75,5
AL2023,2023091206,24,85,80,5
AL2023,2023091206,36,85,75,10
AL2023,2023091206,48,85,70,15
AL2023,2023091206,60,80,70,10
AL2023,2023091206,72,75,60,15
AL2023,2023091206,96,60,55,5
AL2023,2023091212,12,80,75,5
AL2023,2023091212,24,80,80,0
AL2023,2023091212,36,75,75,0
AL2023,2023091212,48,75,70,5
AL2023,2023091212,60,70,65,5
AL2023,2023091212,72,70,55,15
AL2023,2023091212,96,55,50,5
AL2023,2023091218,12,75,80,-5
AL2023,2023091218,24,70,75,-5
AL2023,2023091218,36,70,70,0
AL2023,2023091218,48,70,70,0
AL2023,2023091218,60,70,60,10
AL2023,2023091218,72,65,55,10
AL2023,2023091218,96,50,45,5
AL2023,2023091300,12,75,80,-5
AL2023,2023091300,24,70,75,-5
AL2023,2023091300,36,70,70,0
AL2023,2023091300,48,70,65,5
AL2023,2023091300,60,65,55,10
AL2023,2023091300,72,60,55,5
AL2023,2023091306,12,75,75,0
AL2023,2023091306,24,70,70,0
AL2023,2023091306,36,70,70,0
AL2023,2023091306,48,65,60,5
AL2023,2023091306,60,60,55,5
AL2023,2023091306,72,55,55,0
AL2023,2023091312,12,75,75,0
AL2023,2023091312,24,75,70,5
AL2023,2023091312,36,70,65,5
AL2023,2023091312,48,65,55,10
AL2023,2023091312,60,60,55,5
AL2023,2023091312,72,50,50,0
AL2023,2023091318,12,75,70,5
AL2023,2023091318,24,70,70,0
AL2023,2023091318,36,65,60,5
AL2023,2023091318,48,65,55,10
AL2023,2023091318,60,60,55,5
AL2023,2023091318,72,50,45,5
AL2023,2023091400,12,70,70,0
AL2023,2023091400,24,65,65,0
AL2023,2023091400,36,60,55,5
AL2023,2023091400,48,55,55,0
AL2023,2023091400,60,50,50,0
AL2023,2023091406,12,60,70,-10
AL2023,2023091406,24,55,60,-5
AL2023,2023091406,36,55,55,0
AL2023,2023091406,48,50,55,-5
AL2023,2023091406,60,50,45,5
AL2023,2023091412,12,65,65,0
AL2023,2023091412,24,65,55,10
AL2023,2023091412,36,60,55,5
AL2023,2023091412,48,55,50,5
AL2023,2023091418,12,65,60,5
AL2023,2023091418,24,65,55,10
AL2023,2023091418,36,60,55,5
AL2023,2023091418,48,50,45,5
AL2023,2023091500,12,60,55,5
AL2023,2023091500,24,60,55,5
AL2023,2023091500,36,55,50,5
AL2023,2023091506,12,60,55,5
AL2023,2023091506,24,55,55,0
AL2023,2023091506,36,50,45,5
AL2023,2023091512,12,50,55,-5
AL2023,2023091512,24,50,50,0
AL2023,2023091518,12,50,55,-5
AL2023,2023091518,24,45,45,0
AL2023,2023091600,12,50,50,0
AL2023,2023091606,12,45,45,0
AL2024,2024100512,12,35,35,0
AL2024,2024100512,24,45,55,-10
AL2024,2024100512,36,55,75,-20
AL2024,2024100512,48,70,120,-50
AL2024,2024100512,60,85,145,-60
AL2024,2024100512,72,95,125,-30
AL2024,2024100512,96,95,135,-40
AL2024,2024100512,120,65,65,0
AL2024,2024100518,12,45,45,0
AL2024,2024100518,24,55,70,-15
AL2024,2024100518,36,70,90,-20
AL2024,2024100518,48,80,150,-70
AL2024,2024100518,60,90,125,-35
AL2024,2024100518,72,100,140,-40
AL2024,2024100518,96,100,115,-15
AL2024,2024100600,12,50,55,-5
AL2024,2024100600,24,60,75,-15
AL2024,2024100600,36,75,120,-45
AL2024,2024100600,48,85,145,-60
AL2024,2024100600,60,95,125,-30
AL2024,2024100600,72,105,140,-35
AL2024,2024100600,96,95,105,-10
AL2024,2024100606,12,55,70,-15
AL2024,2024100606,24,65,90,-25
AL2024,2024100606,36,80,150,-70
AL2024,2024100606,48,90,125,-35
AL2024,2024100606,60,100,140,-40
AL2024,2024100606,72,105,140,-35
AL2024,2024100606,96,80,70,10
AL2024,2024100612,12,65,75,-10
AL2024,2024100612,24,85,120,-35
AL2024,2024100612,36,100,145,-45
AL2024,2024100612,48,110,125,-15
AL2024,2024100612,60,110,140,-30
AL2024,2024100612,72,105,135,-30
AL2024,2024100612,96,75,65,10
AL2024,2024100618,12,90,90,0
AL2024,2024100618,24,110,150,-40
AL2024,2024100618,36,120,125,-5
AL2024,2024100618,48,125,140,-15
AL2024,2024100618,60,120,140,-20
AL2024,2024100618,72,105,115,-10
AL2024,2024100700,12,95,120,-25
AL2024,2024100700,24,110,145,-35
AL2024,2024100700,36,125,125,0
AL2024,2024100700,48,125,140,-15
AL2024,2024100700,60,115,135,-20
AL2024,2024100700,72,100,105,-5
AL2024,2024100706,12,125,150,-25
AL2024,2024100706,24,135,125,10
AL2024,2024100706,36,130,140,-10
AL2024,2024100706,48,125,140,-15
AL2024,2024100706,60,110,115,-5
AL2024,2024100706,72,75,70,5
AL2024,2024100712,12,145,145,0
AL2024,2024100712,24,140,125,15
AL2024,2024100712,36,135,140,-5
AL2024,2024100712,48,125,135,-10
AL2024,2024100712,60,110,105,5
AL2024,2024100712,72,80,65,15
AL2024,2024100718,12,160,125,35
AL2024,2024100718,24,150,140,10
AL2024,2024100718,36,140,140,0
AL2024,2024100718,48,125,115,10
AL2024,2024100718,60,110,70,40
AL2024,2024100800,12,145,125,20
AL2024,2024100800,24,140,140,0
AL2024,2024100800,36,125,135,-10
AL2024,2024100800,48,110,105,5
AL2024,2024100800,60,70,65,5
AL2024,2024100806,12,140,140,0
AL2024,2024100806,24,135,140,-5
AL2024,2024100806,36,125,115,10
AL2024,2024100806,48,110,70,40
AL2024,2024100812,12,130,140,-10
AL2024,2024100812,24,125,135,-10
AL2024,2024100812,36,110,105,5
AL2024,2024100812,48,85,65,20
AL2024,2024100818,12,145,140,5
AL2024,2024100818,24,130,115,15
AL2024,2024100818,36,110,70,40
AL2024,2024100900,12,135,135,0
AL2024,2024100900,24,115,105,10
AL2024,2024100900,36,75,65,10
AL2024,2024100906,12,130,115,15
AL2024,2024100906,24,115,70,45
AL2024,2024100912,12,110,105,5
AL2024,2024100912,24,75,65,10
AL2024,2024100918,12,80,70,10
AL2024,2024101000,12,70,65,5
AL2023,2023091512,12,35,30,5
AL2023,2023091512,24,40,30,10
AL2023,2023091512,36,50,35,15
AL2023,2023091512,48,60,50,10
AL2023,2023091512,60,70,60,10
AL2023,2023091512,72,85,65,20
AL2023,2023091512,96,105,80,25
AL2023,2023091512,120,100,80,20
AL2023,2023091518,12,30,30,0
AL2023,2023091518,24,40,30,10
AL2023,2023091518,36,50,45,5
AL2023,2023091518,48,60,55,5
AL2023,2023091518,60,70,65,5
AL2023,2023091518,72,85,70,15
AL2023,2023091518,96,100,85,15
AL2023,2023091518,120,100,80,20
AL2023,2023091600,12,35,30,5
AL2023,2023091600,24,45,35,10
AL2023,2023091600,36,55,50,5
AL2023,2023091600,48,70,60,10
AL2023,2023091600,60,80,65,15
AL2023,2023091600,72,90,75,15
AL2023,2023091600,96,100,85,15
AL2023,2023091600,120,90,80,10
AL2023,2023091606,12,35,30,5
AL2023,2023091606,24,40,45,-5
AL2023,2023091606,36,50,55,-5
AL2023,2023091606,48,60,65,-5
AL2023,2023091606,60,75,70,5
AL2023,2023091606,72,95,75,20
AL2023,2023091606,96,90,85,5
AL2023,2023091606,120,80,75,5
AL2023,2023091612,12,35,35,0
AL2023,2023091612,24,45,50,-5
AL2023,2023091612,36,55,60,-5
AL2023,2023091612,48,65,65,0
AL2023,2023091612,60,75,75,0
AL2023,2023091612,72,95,80,15
AL2023,2023091612,96,90,80,10
AL2023,2023091612,120,80,75,5
AL2023,2023091618,12,35,45,-10
AL2023,2023091618,24,45,55,-10
AL2023,2023091618,36,55,65,-10
AL2023,2023091618,48,65,70,-5
AL2023,2023091618,60,80,75,5
AL2023,2023091618,72,95,85,10
AL2023,2023091618,96,90,80,10
AL2023,2023091618,120,80,70,10
AL2023,2023091700,12,45,50,-5
AL2023,2023091700,24,55,60,-5
AL2023,2023091700,36,65,65,0
AL2023,2023091700,48,75,75,0
AL2023,2023091700,60,85,80,5
AL2023,2023091700,72,95,85,10
AL2023,2023091700,96,85,80,5
AL2023,2023091700,120,80,65,15
AL2023,2023091706,12,55,55,0
AL2023,2023091706,24,65,65,0
AL2023,2023091706,36,80,70,10
AL2023,2023091706,48,95,75,20
AL2023,2023091706,60,100,85,15
AL2023,2023091706,72,100,85,15
AL2023,2023091706,96,85,75,10
AL2023,2023091712,12,60,60,0
AL2023,2023091712,24,75,65,10
AL2023,2023091712,36,85,75,10
AL2023,2023091712,48,95,80,15
AL2023,2023091712,60,100,85,15
AL2023,2023091712,72,95,80,15
AL2023,2023091712,96,85,75,10
AL2023,2023091718,12,70,65,5
AL2023,2023091718,24,85,70,15
AL2023,2023091718,36,100,75,25
AL2023,2023091718,48,100,85,15
AL2023,2023091718,60,100,85,15
AL2023,2023091718,72,90,80,10
AL2023,2023091718,96,75,70,5
AL2023,2023091800,12,75,65,10
AL2023,2023091800,24,90,75,15
AL2023,2023091800,36,100,80,20
AL2023,2023091800,48,100,85,15
AL2023,2023091800,60,95,80,15
AL2023,2023091800,72,90,80,10
AL2023,2023091800,96,75,65,10
AL2023,2023091806,12,85,70,15
AL2023,2023091806,24,100,75,25
AL2023,2023091806,36,105,85,20
AL2023,2023091806,48,100,85,15
AL2023,2023091806,60,95,80,15
AL2023,2023091806,72,90,75,15
AL2023,2023091812,12,85,75,10
AL2023,2023091812,24,100,80,20
AL2023,2023091812,36,100,85,15
AL2023,2023091812,48,95,80,15
AL2023,2023091812,60,90,80,10
AL2023,2023091812,72,85,75,10
AL2023,2023091818,12,80,75,5
AL2023,2023091818,24,90,85,5
AL2023,2023091818,36,95,85,10
AL2023,2023091818,48,95,80,15
AL2023,2023091818,60,85,75,10
AL2023,2023091818,72,75,70,5
AL2023,2023091900,12,85,80,5
AL2023,2023091900,24,90,85,5
AL2023,2023091900,36,90,80,10
AL2023,2023091900,48,85,80,5
AL2023,2023091900,60,80,75,5
AL2023,2023091900,72,70,65,5
AL2023,2023091906,12,85,85,0
AL2023,2023091906,24,90,85,5
AL2023,2023091906,36,85,80,5
AL2023,2023091906,48,80,75,5
AL2023,2023091906,60,70,70,0
AL2023,2023091912,12,90,85,5
AL2023,2023091912,24,90,80,10
AL2023,2023091912,36,85,80,5
AL2023,2023091912,48,75,75,0
AL2023,2023091912,60,65,65,0
AL2023,2023091918,12,95,85,10
AL2023,2023091918,24,90,80,10
AL2023,2023091918,36,80,75,5
AL2023,2023091918,48,70,70,0
AL2023,2023092000,12,90,80,10
AL2023,2023092000,24,85,80,5
AL2023,2023092000,36,75,75,0
AL2023,2023092000,48,65,65,0
AL2023,2023092006,12,85,80,5
AL2023,2023092006,24,80,75,5
AL2023,2023092006,36,70,70,0
AL2023,2023092012,12,80,80,0
AL2023,2023092012,24,75,75,0
AL2023,2023092012,36,65,65,0
AL2023,2023092018,12,80,75,5
AL2023,2023092018,24,75,70,5
AL2023,2023092100,12,75,75,0
AL2023,2023092100,24,70,65,5
AL2023,2023092106,12,70,70,0
AL2023,2023092112,12,65,65,0
AL2024,2024101900,12,35,45,-10
AL2024,2024101900,24,30,30,0
AL2024,2024101906,12,35,45,-10
AL2024,2024101912,12,30,30,0
AL2023,2023092218,12,60,60,0
AL2023,2023092218,24,45,40,5
AL2023,2023092300,12,50,50,0
AL2023,2023092306,12,45,40,5
AL2024,2024101912,12,75,75,0
AL2024,2024101912,24,75,70,5
AL2024,2024101912,36,70,65,5
AL2024,2024101912,48,60,40,20
AL2024,2024101912,60,50,35,15
AL2024,2024101912,72,45,35,10
AL2024,2024101918,12,80,70,10
AL2024,2024101918,24,80,75,5
AL2024,2024101918,36,75,50,25
AL2024,2024101918,48,60,35,25
AL2024,2024101918,60,50,35,15
AL2024,2024102000,12,75,70,5
AL2024,2024102000,24,70,65,5
AL2024,2024102000,36,60,40,20
AL2024,2024102000,48,50,35,15
AL2024,2024102000,60,45,35,10
AL2024,2024102006,12,70,75,-5
AL2024,2024102006,24,50,50,0
AL2024,2024102006,36,40,35,5
AL2024,2024102006,48,40,35,5
AL2024,2024102012,12,65,65,0
AL2024,2024102012,24,45,40,5
AL2024,2024102012,36,40,35,5
AL2024,2024102012,48,40,35,5
AL2024,2024102018,12,55,50,5
AL2024,2024102018,24,40,35,5
AL2024,2024102018,36,40,35,5
AL2024,2024102100,12,50,40,10
AL2024,2024102100,24,40,35,5
AL2024,2024102100,36,40,35,5
AL2024,2024102106,12,40,35,5
AL2024,2024102106,24,40,35,5
AL2024,2024102112,12,35,35,0
AL2024,2024102112,24,40,35,5
AL2024,2024102118,12,35,35,0
AL2024,2024102200,12,35,35,0
AL2023,2023092312,12,35,40,-5
AL2023,2023092312,24,35,45,-10
AL2023,2023092312,36,35,45,-10
AL2023,2023092312,48,40,50,-10
AL2023,2023092312,60,40,45,-5
AL2023,2023092312,72,45,40,5
AL2023,2023092312,96,50,45,5
AL2023,2023092312,120,55,40,15
AL2023,2023092318,12,40,45,-5
AL2023,2023092318,24,40,45,-5
AL2023,2023092318,36,40,50,-10
AL2023,2023092318,48,45,45,0
AL2023,2023092318,60,45,45,0
AL2023,2023092318,72,50,40,10
AL2023,2023092318,96,55,45,10
AL2023,2023092318,120,60,40,20
AL2023,2023092400,12,40,45,-5
AL2023,2023092400,24,40,45,-5
AL2023,2023092400,36,40,50,-10
AL2023,2023092400,48,45,45,0
AL2023,2023092400,60,45,40,5
AL2023,2023092400,72,50,40,10
AL2023,2023092400,96,55,40,15
AL2023,2023092400,120,60,40,20
AL2023,2023092406,12,40,45,-5
AL2023,2023092406,24,45,50,-5
AL2023,2023092406,36,45,45,0
AL2023,2023092406,48,45,45,0
AL2023,2023092406,60,50,40,10
AL2023,2023092406,72,50,40,10
AL2023,2023092406,96,55,40,15
AL2023,2023092406,120,60,40,20
AL2023,2023092412,12,45,45,0
AL2023,2023092412,24,45,50,-5
AL2023,2023092412,36,45,45,0
AL2023,2023092412,48,45,40,5
AL2023,2023092412,60,50,40,10
AL2023,2023092412,72,50,45,5
AL2023,2023092412,96,55,40,15
AL2023,2023092412,120,55,45,10
AL2023,2023092418,12,45,50,-5
AL2023,2023092418,24,45,45,0
AL2023,2023092418,36,45,45,0
AL2023,2023092418,48,45,40,5
AL2023,2023092418,60,50,40,10
AL2023,2023092418,72,50,45,5
AL2023,2023092418,96,55,40,15
AL2023,2023092418,120,60,45,15
AL2023,2023092500,12,45,50,-5
AL2023,2023092500,24,45,45,0
AL2023,2023092500,36,45,40,5
AL2023,2023092500,48,45,40,5
AL2023,2023092500,60,50,45,5
AL2023,2023092500,72,50,40,10
AL2023,2023092500,96,55,40,15
AL2023,2023092500,120,55,45,10
AL2023,2023092506,12,45,45,0
AL2023,2023092506,24,45,45,0
AL2023,2023092506,36,45,40,5
AL2023,2023092506,48,45,40,5
AL2023,2023092506,60,50,45,5
AL2023,2023092506,72,50,40,10
AL2023,2023092506,96,55,40,15
AL2023,2023092506,120,55,45,10
AL2023,2023092512,12,45,45,0
AL2023,2023092512,24,45,40,5
AL2023,2023092512,36,45,40,5
AL2023,2023092512,48,45,45,0
AL2023,2023092512,60,45,40,5
AL2023,2023092512,72,45,40,5
AL2023,2023092512,96,45,45,0
AL2023,2023092512,120,45,45,0
AL2023,2023092518,12,40,45,-5
AL2023,2023092518,24,40,40,0
AL2023,2023092518,36,40,40,0
AL2023,2023092518,48,40,45,-5
AL2023,2023092518,60,40,40,0
AL2023,2023092518,72,40,40,0
AL2023,2023092518,96,40,45,-5
AL2023,2023092518,120,35,50,-15
AL2023,2023092600,12,45,40,5
AL2023,2023092600,24,40,40,0
AL2023,2023092600,36,40,45,-5
AL2023,2023092600,48,35,40,-5
AL2023,2023092600,60,35,40,-5
AL2023,2023092600,72,35,40,-5
AL2023,2023092600,96,30,45,-15
AL2023,2023092600,120,30,50,-20
AL2023,2023092606,12,45,40,5
AL2023,2023092606,24,45,40,5
AL2023,2023092606,36,45,45,0
AL2023,2023092606,48,40,40,0
AL2023,2023092606,60,40,40,0
AL2023,2023092606,72,35,40,-5
AL2023,2023092606,96,30,45,-15
AL2023,2023092606,120,25,50,-25
AL2023,2023092612,12,40,40,0
AL2023,2023092612,24,40,45,-5
AL2023,2023092612,36,40,40,0
AL2023,2023092612,48,35,40,-5
AL2023,2023092612,60,35,40,-5
AL2023,2023092612,72,30,45,-15
AL2023,2023092612,96,25,45,-20
AL2023,2023092612,120,25,45,-20
AL2023,2023092618,12,40,40,0
AL2023,2023092618,24,35,45,-10
AL2023,2023092618,36,35,40,-5
AL2023,2023092618,48,35,40,-5
AL2023,2023092618,60,30,40,-10
AL2023,2023092618,72,30,45,-15
AL2023,2023092618,96,25,50,-25
AL2023,2023092618,120,25,45,-20
AL2023,2023092700,12,40,45,-5
AL2023,2023092700,24,35,40,-5
AL2023,2023092700,36,35,40,-5
AL2023,2023092700,48,35,40,-5
AL2023,2023092700,60,30,45,-15
AL2023,2023092700,72,30,45,-15
AL2023,2023092700,96,25,50,-25
AL2023,2023092700,120,25,45,-20
AL2023,2023092706,12,40,45,-5
AL2023,2023092706,24,35,40,-5
AL2023,2023092706,36,35,40,-5
AL2023,2023092706,48,35,40,-5
AL2023,2023092706,60,30,45,-15
AL2023,2023092706,72,30,45,-15
AL2023,2023092706,96,25,50,-25
AL2023,2023092706,120,25,45,-20
AL2023,2023092712,12,45,40,5
AL2023,2023092712,24,45,40,5
AL2023,2023092712,36,40,40,0
AL2023,2023092712,48,40,45,-5
AL2023,2023092712,60,35,45,-10
AL2023,2023092712,72,35,45,-10
AL2023,2023092712,96,30,45,-15
AL2023,2023092712,120,30,45,-15
AL2023,2023092718,12,45,40,5
AL2023,2023092718,24,40,40,0
AL2023,2023092718,36,40,40,0
AL2023,2023092718,48,40,45,-5
AL2023,2023092718,60,35,45,-10
AL2023,2023092718,72,35,50,-15
AL2023,2023092718,96,30,45,-15
AL2023,2023092718,120,30,45,-15
AL2023,2023092800,12,45,40,5
AL2023,2023092800,24,40,40,0
AL2023,2023092800,36,40,45,-5
AL2023,2023092800,48,40,45,-5
AL2023,2023092800,60,35,45,-10
AL2023,2023092800,72,35,50,-15
AL2023,2023092800,96,30,45,-15
AL2023,2023092800,120,30,45,-15
AL2023,2023092806,12,45,40,5
AL2023,2023092806,24,45,40,5
AL2023,2023092806,36,40,45,-5
AL2023,2023092806,48,40,45,-5
AL2023,2023092806,60,35,50,-15
AL2023,2023092806,72,35,50,-15
AL2023,2023092806,96,30,45,-15
AL2023,2023092806,120,30,45,-15
AL2023,2023092812,12,45,40,5
AL2023,2023092812,24,45,45,0
AL2023,2023092812,36,45,45,0
AL2023,2023092812,48,45,45,0
AL2023,2023092812,60,45,50,-5
AL2023,2023092812,72,45,45,0
AL2023,2023092812,96,45,45,0
AL2023,2023092812,120,40,40,0
AL2023,2023092818,12,35,40,-5
AL2023,2023092818,24,35,45,-10
AL2023,2023092818,36,40,45,-5
AL2023,2023092818,48,45,50,-5
AL2023,2023092818,60,45,50,-5
AL2023,2023092818,72,45,45,0
AL2023,2023092818,96,45,45,0
AL2023,2023092818,120,40,40,0
AL2023,2023092900,12,40,45,-5
AL2023,2023092900,24,40,45,-5
AL2023,2023092900,36,40,45,-5
AL2023,2023092900,48,45,50,-5
AL2023,2023092900,60,45,45,0
AL2023,2023092900,72,50,45,5
AL2023,2023092900,96,50,45,5
AL2023,2023092900,120,50,40,10
AL2023,2023092906,12,40,45,-5
AL2023,2023092906,24,40,45,-5
AL2023,2023092906,36,45,50,-5
AL2023,2023092906,48,50,50,0
AL2023,2023092906,60,50,45,5
AL2023,2023092906,72,55,45,10
AL2023,2023092906,96,55,45,10
AL2023,2023092906,120,55,40,15
AL2023,2023092912,12,40,45,-5
AL2023,2023092912,24,45,45,0
AL2023,2023092912,36,50,50,0
AL2023,2023092912,48,55,45,10
AL2023,2023092912,60,55,45,10
AL2023,2023092912,72,60,45,15
AL2023,2023092912,96,60,40,20
AL2023,2023092912,120,60,40,20
AL2023,2023092918,12,45,45,0
AL2023,2023092918,24,50,50,0
AL2023,2023092918,36,55,50,5
AL2023,2023092918,48,60,45,15
AL2023,2023092918,60,60,45,15
AL2023,2023092918,72,60,45,15
AL2023,2023092918,96,60,40,20
AL2023,2023092918,120,60,35,25
AL2023,2023093000,12,45,45,0
AL2023,2023093000,24,50,50,0
AL2023,2023093000,36,55,45,10
AL2023,2023093000,48,60,45,15
AL2023,2023093000,60,60,45,15
AL2023,2023093000,72,60,45,15
AL2023,2023093000,96,60,40,20
AL2023,2023093000,120,60,35,25
AL2023,2023093006,12,50,50,0
AL2023,2023093006,24,50,50,0
AL2023,2023093006,36,55,45,10
AL2023,2023093006,48,60,45,15
AL2023,2023093006,60,65,45,20
AL2023,2023093006,72,65,45,20
AL2023,2023093006,96,65,40,25
AL2023,2023093006,120,65,40,25
AL2023,2023093012,12,50,50,0
AL2023,2023093012,24,50,45,5
AL2023,2023093012,36,55,45,10
AL2023,2023093012,48,60,45,15
AL2023,2023093012,60,65,45,20
AL2023,2023093012,72,70,40,30
AL2023,2023093012,96,75,40,35
AL2023,2023093012,120,75,45,30
AL2023,2023093018,12,50,50,0
AL2023,2023093018,24,55,45,10
AL2023,2023093018,36,55,45,10
AL2023,2023093018,48,60,45,15
AL2023,2023093018,60,65,45,20
AL2023,2023093018,72,70,40,30
AL2023,2023093018,96,80,35,45
AL2023,2023093018,120,80,45,35
AL2023,2023100100,12,45,45,0
AL2023,2023100100,24,50,45,5
AL2023,2023100100,36,55,45,10
AL2023,2023100100,48,60,45,15
AL2023,2023100100,60,60,40,20
AL2023,2023100100,72,65,40,25
AL2023,2023100100,96,75,35,40
AL2023,2023100100,120,80,45,35
AL2023,2023100106,12,45,45,0
AL2023,2023100106,24,45,45,0
AL2023,2023100106,36,45,45,0
AL2023,2023100106,48,50,45,5
AL2023,2023100106,60,50,40,10
AL2023,2023100106,72,55,40,15
AL2023,2023100106,96,65,40,25
AL2023,2023100106,120,70,45,25
AL2023,2023100112,12,45,45,0
AL2023,2023100112,24,45,45,0
AL2023,2023100112,36,50,45,5
AL2023,2023100112,48,50,40,10
AL2023,2023100112,60,50,40,10
AL2023,2023100112,72,55,40,15
AL2023,2023100112,96,65,45,20
AL2023,2023100118,12,45,45,0
AL2023,2023100118,24,45,45,0
AL2023,2023100118,36,50,45,5
AL2023,2023100118,48,50,40,10
AL2023,2023100118,60,50,40,10
AL2023,2023100118,72,55,35,20
AL2023,2023100118,96,65,45,20
AL2023,2023100200,12,45,45,0
AL2023,2023100200,24,45,45,0
AL2023,2023100200,36,50,40,10
AL2023,2023100200,48,50,40,10
AL2023,2023100200,60,50,40,10
AL2023,2023100200,72,55,35,20
AL2023,2023100200,96,65,45,20
AL2023,2023100206,12,45,45,0
AL2023,2023100206,24,45,45,0
AL2023,2023100206,36,50,40,10
AL2023,2023100206,48,50,40,10
AL2023,2023100206,60,55,35,20
AL2023,2023100206,72,60,40,20
AL2023,2023100206,96,70,45,25
AL2023,2023100212,12,45,45,0
AL2023,2023100212,24,50,40,10
AL2023,2023100212,36,50,40,10
AL2023,2023100212,48,50,40,10
AL2023,2023100212,60,55,35,20
AL2023,2023100212,72,60,45,15
AL2023,2023100218,12,45,45,0
AL2023,2023100218,24,45,40,5
AL2023,2023100218,36,45,40,5
AL2023,2023100218,48,45,35,10
AL2023,2023100218,60,50,40,10
AL2023,2023100218,72,55,45,10
AL2023,2023100300,12,45,40,5
AL2023,2023100300,24,45,40,5
AL2023,2023100300,36,45,40,5
AL2023,2023100300,48,45,35,10
AL2023,2023100300,60,50,45,5
AL2023,2023100300,72,55,45,10
AL2023,2023100306,12,45,40,5
AL2023,2023100306,24,45,40,5
AL2023,2023100306,36,45,35,10
AL2023,2023100306,48,45,40,5
AL2023,2023100306,60,45,45,0
AL2023,2023100306,72,50,45,5
AL2023,2023100312,12,40,40,0
AL2023,2023100312,24,40,40,0
AL2023,2023100312,36,40,35,5
AL2023,2023100312,48,45,45,0
AL2023,2023100312,60,45,45,0
AL2023,2023100318,12,40,40,0
AL2023,2023100318,24,40,35,5
AL2023,2023100318,36,40,40,0
AL2023,2023100318,48,40,45,-5
AL2023,2023100318,60,45,45,0
AL2023,2023100400,12,40,40,0
AL2023,2023100400,24,40,35,5
AL2023,2023100400,36,40,45,-5
AL2023,2023100400,48,40,45,-5
AL2023,2023100406,12,40,35,5
AL2023,2023100406,24,40,40,0
AL2023,2023100406,36,45,45,0
AL2023,2023100406,48,45,45,0
AL2023,2023100412,12,40,35,5
AL2023,2023100412,24,40,45,-5
AL2023,2023100412,36,45,45,0
AL2023,2023100418,12,35,40,-5
AL2023,2023100418,24,35,45,-10
AL2023,2023100418,36,40,45,-5
AL2023,2023100500,12,35,45,-10
AL2023,2023100500,24,40,45,-5
AL2023,2023100506,12,35,45,-10
AL2023,2023100506,24,40,45,-5
AL2023,2023100512,12,45,45,0
AL2023,2023100518,12,45,45,0
AL2024,2024110206,12,45,55,-10
AL2024,2024110206,24,40,45,-5
AL2024,2024110206,36,35,40,-5
AL2024,2024110206,48,35,35,0
AL2024,2024110212,12,50,50,0
AL2024,2024110212,24,45,40,5
AL2024,2024110212,36,40,40,0
AL2024,2024110218,12,50,45,5
AL2024,2024110218,24,45,40,5
AL2024,2024110218,36,40,35,5
AL2024,2024110300,12,45,40,5
AL2024,2024110300,24,45,40,5
AL2024,2024110306,12,40,40,0
AL2024,2024110306,24,35,35,0
AL2024,2024110312,12,35,40,-5
AL2024,2024110318,12,35,35,0
AL2023,2023092812,12,35,40,-5
AL2023,2023092812,24,40,45,-5
AL2023,2023092812,36,45,45,0
AL2023,2023092812,48,50,40,10
AL2023,2023092812,60,50,35,15
AL2023,2023092812,72,45,35,10
AL2023,2023092818,12,40,45,-5
AL2023,2023092818,24,45,45,0
AL2023,2023092818,36,45,45,0
AL2023,2023092818,48,45,40,5
AL2023,2023092818,60,45,35,10
AL2023,2023092900,12,40,45,-5
AL2023,2023092900,24,45,45,0
AL2023,2023092900,36,45,40,5
AL2023,2023092900,48,40,35,5
AL2023,2023092900,60,35,35,0
AL2023,2023092906,12,45,45,0
AL2023,2023092906,24,45,45,0
AL2023,2023092906,36,45,40,5
AL2023,2023092906,48,40,35,5
AL2023,2023092912,12,40,45,-5
AL2023,2023092912,24,40,40,0
AL2023,2023092912,36,35,35,0
AL2023,2023092912,48,35,35,0
AL2023,2023092918,12,40,45,-5
AL2023,2023092918,24,40,40,0
AL2023,2023092918,36,35,35,0
AL2023,2023093000,12,45,40,5
AL2023,2023093000,24,40,35,5
AL2023,2023093000,36,35,35,0
AL2023,2023093006,12,40,40,0
AL2023,2023093006,24,40,35,5
AL2023,2023093012,12,35,35,0
AL2023,2023093012,24,30,35,-5
AL2023,2023093018,12,35,35,0
AL2023,2023100100,12,30,35,-5
AL2024,2024110412,12,35,40,-5
AL2024,2024110412,24,45,50,-5
AL2024,2024110412,36,60,70,-10
AL2024,2024110412,48,70,90,-20
AL2024,2024110412,60,70,95,-25
AL2024,2024110412,72,70,90,-20
AL2024,2024110412,96,65,95,-30
AL2024,2024110412,120,55,50,5
AL2024,2024110418,12,55,45,10
AL2024,2024110418,24,65,60,5
AL2024,2024110418,36,75,80,-5
AL2024,2024110418,48,85,100,-15
AL2024,2024110418,60,80,90,-10
AL2024,2024110418,72,75,90,-15
AL2024,2024110418,96,65,80,-15
AL2024,2024110418,120,50,45,5
AL2024,2024110500,12,50,50,0
AL2024,2024110500,24,60,70,-10
AL2024,2024110500,36,80,90,-10
AL2024,2024110500,48,80,95,-15
AL2024,2024110500,60,80,90,-10
AL2024,2024110500,72,75,90,-15
AL2024,2024110500,96,65,65,0
AL2024,2024110500,120,45,40,5
AL2024,2024110506,12,60,60,0
AL2024,2024110506,24,70,80,-10
AL2024,2024110506,36,80,100,-20
AL2024,2024110506,48,80,90,-10
AL2024,2024110506,60,80,90,-10
AL2024,2024110506,72,75,105,-30
AL2024,2024110506,96,60,55,5
AL2024,2024110506,120,45,35,10
AL2024,2024110512,12,65,70,-5
AL2024,2024110512,24,75,90,-15
AL2024,2024110512,36,80,95,-15
AL2024,2024110512,48,80,90,-10
AL2024,2024110512,60,80,90,-10
AL2024,2024110512,72,75,95,-20
AL2024,2024110512,96,60,50,10
AL2024,2024110518,12,70,80,-10
AL2024,2024110518,24,80,100,-20
AL2024,2024110518,36,80,90,-10
AL2024,2024110518,48,80,90,-10
AL2024,2024110518,60,75,105,-30
AL2024,2024110518,72,65,80,-15
AL2024,2024110518,96,50,45,5
AL2024,2024110600,12,90,90,0
AL2024,2024110600,24,80,95,-15
AL2024,2024110600,36,85,90,-5
AL2024,2024110600,48,85,90,-5
AL2024,2024110600,60,80,95,-15
AL2024,2024110600,72,75,65,10
AL2024,2024110600,96,55,40,15
AL2024,2024110606,12,95,100,-5
AL2024,2024110606,24,85,90,-5
AL2024,2024110606,36,85,90,-5
AL2024,2024110606,48,85,105,-20
AL2024,2024110606,60,80,80,0
AL2024,2024110606,72,65,55,10
AL2024,2024110606,96,50,35,15
AL2024,2024110612,12,100,95,5
AL2024,2024110612,24,90,90,0
AL2024,2024110612,36,90,90,0
AL2024,2024110612,48,85,95,-10
AL2024,2024110612,60,80,65,15
AL2024,2024110612,72,70,50,20
AL2024,2024110618,12,90,90,0
AL2024,2024110618,24,90,90,0
AL2024,2024110618,36,90,105,-15
AL2024,2024110618,48,85,80,5
AL2024,2024110618,60,75,55,20
AL2024,2024110618,72,65,45,20
AL2024,2024110700,12,85,90,-5
AL2024,2024110700,24,85,90,-5
AL2024,2024110700,36,85,95,-10
AL2024,2024110700,48,80,65,15
AL2024,2024110700,60,75,50,25
AL2024,2024110700,72,65,40,25
AL2024,2024110706,12,85,90,-5
AL2024,2024110706,24,85,105,-20
AL2024,2024110706,36,80,80,0
AL2024,2024110706,48,80,55,25
AL2024,2024110706,60,75,45,30
AL2024,2024110706,72,65,35,30
AL2024,2024110712,12,85,90,-5
AL2024,2024110712,24,80,95,-15
AL2024,2024110712,36,75,65,10
AL2024,2024110712,48,65,50,15
AL2024,2024110712,60,60,40,20
AL2024,2024110718,12,90,105,-15
AL2024,2024110718,24,85,80,5
AL2024,2024110718,36,75,55,20
AL2024,2024110718,48,65,45,20
AL2024,2024110718,60,55,35,20
AL2024,2024110800,12,110,95,15
AL2024,2024110800,24,90,65,25
AL2024,2024110800,36,75,50,25
AL2024,2024110800,48,60,40,20
AL2024,2024110806,12,95,80,15
AL2024,2024110806,24,80,55,25
AL2024,2024110806,36,65,45,20
AL2024,2024110806,48,55,35,20
AL2024,2024110812,12,85,65,20
AL2024,2024110812,24,70,50,20
AL2024,2024110812,36,55,40,15
AL2024,2024110818,12,75,55,20
AL2024,2024110818,24,60,45,15
AL2024,2024110818,36,50,35,15
AL2024,2024110900,12,50,50,0
AL2024,2024110900,24,40,40,0
AL2024,2024110906,12,45,45,0
AL2024,2024110906,24,40,35,5
AL2024,2024110912,12,40,40,0
AL2024,2024110918,12,40,35,5
AL2023,2023101100,12,35,35,0
AL2023,2023101100,24,40,30,10
AL2023,2023101100,36,40,35,5
AL2023,2023101100,48,40,40,0
AL2023,2023101100,60,40,35,5
AL2023,2023101100,72,40,35,5
AL2023,2023101100,96,35,30,5
AL2023,2023101106,12,40,30,10
AL2023,2023101106,24,40,30,10
AL2023,2023101106,36,40,40,0
AL2023,2023101106,48,40,40,0
AL2023,2023101106,60,40,35,5
AL2023,2023101106,72,35,30,5
AL2023,2023101106,96,35,30,5
AL2023,2023101112,12,35,30,5
AL2023,2023101112,24,40,35,5
AL2023,2023101112,36,40,40,0
AL2023,2023101112,48,40,35,5
AL2023,2023101112,60,40,35,5
AL2023,2023101112,72,35,30,5
AL2023,2023101118,12,35,30,5
AL2023,2023101118,24,40,40,0
AL2023,2023101118,36,40,40,0
AL2023,2023101118,48,40,35,5
AL2023,2023101118,60,35,30,5
AL2023,2023101118,72,35,30,5
AL2023,2023101200,12,30,35,-5
AL2023,2023101200,24,30,40,-10
AL2023,2023101200,36,30,35,-5
AL2023,2023101200,48,30,35,-5
AL2023,2023101200,60,30,30,0
AL2023,2023101200,72,25,30,-5
AL2023,2023101206,12,30,40,-10
AL2023,2023101206,24,30,40,-10
AL2023,2023101206,36,30,35,-5
AL2023,2023101206,48,30,30,0
AL2023,2023101206,60,25,30,-5
AL2023,2023101206,72,25,30,-5
AL2023,2023101212,12,35,40,-5
AL2023,2023101212,24,35,35,0
AL2023,2023101212,36,30,35,-5
AL2023,2023101212,48,30,30,0
AL2023,2023101212,60,25,30,-5
AL2023,2023101218,12,35,40,-5
AL2023,2023101218,24,35,35,0
AL2023,2023101218,36,30,30,0
AL2023,2023101218,48,30,30,0
AL2023,2023101218,60,25,30,-5
AL2023,2023101300,12,40,35,5
AL2023,2023101300,24,35,35,0
AL2023,2023101300,36,35,30,5
AL2023,2023101300,48,30,30,0
AL2023,2023101306,12,40,35,5
AL2023,2023101306,24,35,30,5
AL2023,2023101306,36,35,30,5
AL2023,2023101306,48,30,30,0
AL2023,2023101312,12,35,35,0
AL2023,2023101312,24,30,30,0
AL2023,2023101312,36,30,30,0
AL2023,2023101318,12,30,30,0
AL2023,2023101318,24,30,30,0
AL2023,2023101318,36,25,30,-5
AL2023,2023101400,12,30,30,0
AL2023,2023101400,24,30,30,0
AL2023,2023101406,12,30,30,0
AL2023,2023101406,24,30,30,0
AL2023,2023101412,12,30,30,0
AL2023,2023101418,12,30,30,0
AL2024,2024111406,12,35,35,0
AL2024,2024111406,24,40,40,0
AL2024,2024111406,36,50,45,5
AL2024,2024111406,48,55,40,15
AL2024,2024111406,60,55,35,20
AL2024,2024111406,72,50,35,15
AL2024,2024111412,12,35,40,-5
AL2024,2024111412,24,40,45,-5
AL2024,2024111412,36,40,45,-5
AL2024,2024111412,48,40,40,0
AL2024,2024111412,60,45,35,10
AL2024,2024111412,72,45,35,10
AL2024,2024111418,12,40,40,0
AL2024,2024111418,24,45,45,0
AL2024,2024111418,36,45,40,5
AL2024,2024111418,48,45,35,10
AL2024,2024111418,60,45,35,10
AL2024,2024111418,72,45,30,15
AL2024,2024111500,12,40,45,-5
AL2024,2024111500,24,40,45,-5
AL2024,2024111500,36,45,40,5
AL2024,2024111500,48,45,35,10
AL2024,2024111500,60,45,35,10
AL2024,2024111500,72,30,25,5
AL2024,2024111506,12,40,45,-5
AL2024,2024111506,24,40,40,0
AL2024,2024111506,36,45,35,10
AL2024,2024111506,48,45,35,10
AL2024,2024111506,60,35,30,5
AL2024,2024111512,12,45,45,0
AL2024,2024111512,24,50,40,10
AL2024,2024111512,36,50,35,15
AL2024,2024111512,48,50,35,15
AL2024,2024111512,60,30,25,5
AL2024,2024111518,12,45,40,5
AL2024,2024111518,24,50,35,15
AL2024,2024111518,36,50,35,15
AL2024,2024111518,48,40,30,10
AL2024,2024111600,12,45,40,5
AL2024,2024111600,24,45,35,10
AL2024,2024111600,36,40,35,5
AL2024,2024111600,48,30,25,5
AL2024,2024111606,12,40,35,5
AL2024,2024111606,24,45,35,10
AL2024,2024111606,36,35,30,5
AL2024,2024111612,12,40,35,5
AL2024,2024111612,24,40,35,5
AL2024,2024111612,36,30,25,5
AL2024,2024111618,12,40,35,5
AL2024,2024111618,24,30,30,0
AL2024,2024111700,12,35,35,0
AL2024,2024111700,24,25,25,0
AL2024,2024111706,12,30,30,0
AL2024,2024111712,12,30,25,5
AL2023,2023101818,12,40,45,-5
AL2023,2023101818,24,50,50,0
AL2023,2023101818,36,55,50,5
AL2023,2023101818,48,55,65,-10
AL2023,2023101818,60,55,70,-15
AL2023,2023101818,72,55,75,-20
AL2023,2023101818,96,60,75,-15
AL2023,2023101818,120,60,65,-5
AL2023,2023101900,12,40,50,-10
AL2023,2023101900,24,50,50,0
AL2023,2023101900,36,55,60,-5
AL2023,2023101900,48,55,70,-15
AL2023,2023101900,60,60,75,-15
AL2023,2023101900,72,60,80,-20
AL2023,2023101900,96,70,75,-5
AL2023,2023101900,120,70,65,5
AL2023,2023101906,12,50,50,0
AL2023,2023101906,24,55,50,5
AL2023,2023101906,36,55,65,-10
AL2023,2023101906,48,60,70,-10
AL2023,2023101906,60,65,75,-10
AL2023,2023101906,72,65,75,-10
AL2023,2023101906,96,70,70,0
AL2023,2023101906,120,70,65,5
AL2023,2023101912,12,55,50,5
AL2023,2023101912,24,60,60,0
AL2023,2023101912,36,60,70,-10
AL2023,2023101912,48,65,75,-10
AL2023,2023101912,60,70,80,-10
AL2023,2023101912,72,70,75,-5
AL2023,2023101912,96,75,70,5
AL2023,2023101912,120,75,65,10
AL2023,2023101918,12,50,50,0
AL2023,2023101918,24,55,65,-10
AL2023,2023101918,36,60,70,-10
AL2023,2023101918,48,65,75,-10
AL2023,2023101918,60,70,75,-5
AL2023,2023101918,72,75,75,0
AL2023,2023101918,96,75,65,10
AL2023,2023101918,120,75,65,10
AL2023,2023102000,12,55,60,-5
AL2023,2023102000,24,60,70,-10
AL2023,2023102000,36,65,75,-10
AL2023,2023102000,48,70,80,-10
AL2023,2023102000,60,75,75,0
AL2023,2023102000,72,80,75,5
AL2023,2023102000,96,80,65,15
AL2023,2023102000,120,75,75,0
AL2023,2023102006,12,55,65,-10
AL2023,2023102006,24,60,70,-10
AL2023,2023102006,36,65,75,-10
AL2023,2023102006,48,70,75,-5
AL2023,2023102006,60,75,75,0
AL2023,2023102006,72,80,70,10
AL2023,2023102006,96,80,65,15
AL2023,2023102006,120,75,85,-10
AL2023,2023102012,12,70,70,0
AL2023,2023102012,24,75,75,0
AL2023,2023102012,36,75,80,-5
AL2023,2023102012,48,80,75,5
AL2023,2023102012,60,80,75,5
AL2023,2023102012,72,80,70,10
AL2023,2023102012,96,80,65,15
AL2023,2023102012,120,75,95,-20
AL2023,2023102018,12,65,70,-5
AL2023,2023102018,24,70,75,-5
AL2023,2023102018,36,75,75,0
AL2023,2023102018,48,80,75,5
AL2023,2023102018,60,80,70,10
AL2023,2023102018,72,75,65,10
AL2023,2023102018,96,70,65,5
AL2023,2023102018,120,65,85,-20
AL2023,2023102100,12,75,75,0
AL2023,2023102100,24,80,80,0
AL2023,2023102100,36,80,75,5
AL2023,2023102100,48,80,75,5
AL2023,2023102100,60,80,70,10
AL2023,2023102100,72,75,65,10
AL2023,2023102100,96,70,75,-5
AL2023,2023102100,120,65,80,-15
AL2023,2023102106,12,75,75,0
AL2023,2023102106,24,75,75,0
AL2023,2023102106,36,75,75,0
AL2023,2023102106,48,75,70,5
AL2023,2023102106,60,75,65,10
AL2023,2023102106,72,75,65,10
AL2023,2023102106,96,70,85,-15
AL2023,2023102106,120,60,75,-15
AL2023,2023102112,12,75,80,-5
AL2023,2023102112,24,80,75,5
AL2023,2023102112,36,80,75,5
AL2023,2023102112,48,80,70,10
AL2023,2023102112,60,80,65,15
AL2023,2023102112,72,80,65,15
AL2023,2023102112,96,75,95,-20
AL2023,2023102112,120,65,70,-5
AL2023,2023102118,12,75,75,0
AL2023,2023102118,24,80,75,5
AL2023,2023102118,36,85,70,15
AL2023,2023102118,48,85,65,20
AL2023,2023102118,60,85,65,20
AL2023,2023102118,72,85,65,20
AL2023,2023102118,96,75,85,-10
AL2023,2023102118,120,60,65,-5
AL2023,2023102200,12,75,75,0
AL2023,2023102200,24,80,75,5
AL2023,2023102200,36,80,70,10
AL2023,2023102200,48,80,65,15
AL2023,2023102200,60,80,65,15
AL2023,2023102200,72,75,75,0
AL2023,2023102200,96,70,80,-10
AL2023,2023102200,120,60,60,0
AL2023,2023102206,12,80,75,5
AL2023,2023102206,24,85,70,15
AL2023,2023102206,36,85,65,20
AL2023,2023102206,48,80,65,15
AL2023,2023102206,60,80,65,15
AL2023,2023102206,72,80,85,-5
AL2023,2023102206,96,70,75,-5
AL2023,2023102206,120,60,55,5
AL2023,2023102212,12,70,75,-5
AL2023,2023102212,24,75,70,5
AL2023,2023102212,36,75,65,10
AL2023,2023102212,48,75,65,10
AL2023,2023102212,60,75,75,0
AL2023,2023102212,72,75,95,-20
AL2023,2023102212,96,65,70,-5
AL2023,2023102212,120,55,55,0
AL2023,2023102218,12,75,70,5
AL2023,2023102218,24,80,65,15
AL2023,2023102218,36,80,65,15
AL2023,2023102218,48,80,65,15
AL2023,2023102218,60,80,85,-5
AL2023,2023102218,72,75,85,-10
AL2023,2023102218,96,60,65,-5
AL2023,2023102218,120,50,55,-5
AL2023,2023102300,12,75,70,5
AL2023,2023102300,24,80,65,15
AL2023,2023102300,36,80,65,15
AL2023,2023102300,48,80,75,5
AL2023,2023102300,60,80,95,-15
AL2023,2023102300,72,75,80,-5
AL2023,2023102300,96,60,60,0
AL2023,2023102300,120,50,50,0
AL2023,2023102306,12,70,65,5
AL2023,2023102306,24,75,65,10
AL2023,2023102306,36,80,65,15
AL2023,2023102306,48,80,85,-5
AL2023,2023102306,60,75,85,-10
AL2023,2023102306,72,65,75,-10
AL2023,2023102306,96,55,55,0
AL2023,2023102306,120,45,45,0
AL2023,2023102312,12,70,65,5
AL2023,2023102312,24,75,65,10
AL2023,2023102312,36,80,75,5
AL2023,2023102312,48,75,95,-20
AL2023,2023102312,60,70,80,-10
AL2023,2023102312,72,60,70,-10
AL2023,2023102312,96,50,55,-5
AL2023,2023102312,120,45,45,0
AL2023,2023102318,12,70,65,5
AL2023,2023102318,24,75,65,10
AL2023,2023102318,36,75,85,-10
AL2023,2023102318,48,75,85,-10
AL2023,2023102318,60,70,75,-5
AL2023,2023102318,72,60,65,-5
AL2023,2023102318,96,50,55,-5
AL2023,2023102318,120,45,40,5
AL2023,2023102400,12,70,65,5
AL2023,2023102400,24,75,75,0
AL2023,2023102400,36,75,95,-20
AL2023,2023102400,48,75,80,-5
AL2023,2023102400,60,65,70,-5
AL2023,2023102400,72,55,60,-5
AL2023,2023102400,96,50,50,0
AL2023,2023102406,12,70,65,5
AL2023,2023102406,24,75,85,-10
AL2023,2023102406,36,75,85,-10
AL2023,2023102406,48,70,75,-5
AL2023,2023102406,60,60,65,-5
AL2023,2023102406,72,55,55,0
AL2023,2023102406,96,50,45,5
AL2023,2023102412,12,70,75,-5
AL2023,2023102412,24,75,95,-20
AL2023,2023102412,36,70,80,-10
AL2023,2023102412,48,65,70,-5
AL2023,2023102412,60,55,60,-5
AL2023,2023102412,72,50,55,-5
AL2023,2023102412,96,45,45,0
AL2023,2023102418,12,70,85,-15
AL2023,2023102418,24,70,85,-15
AL2023,2023102418,36,65,75,-10
AL2023,2023102418,48,55,65,-10
AL2023,2023102418,60,50,55,-5
AL2023,2023102418,72,50,55,-5
AL2023,2023102418,96,45,40,5
AL2023,2023102500,12,85,95,-10
AL2023,2023102500,24,80,80,0
AL2023,2023102500,36,70,70,0
AL2023,2023102500,48,60,60,0
AL2023,2023102500,60,55,55,0
AL2023,2023102500,72,50,50,0
AL2023,2023102506,12,90,85,5
AL2023,2023102506,24,75,75,0
AL2023,2023102506,36,65,65,0
AL2023,2023102506,48,60,55,5
AL2023,2023102506,60,55,55,0
AL2023,2023102506,72,50,45,5
AL2023,2023102512,12,85,80,5
AL2023,2023102512,24,75,70,5
AL2023,2023102512,36,65,60,5
AL2023,2023102512,48,60,55,5
AL2023,2023102512,60,55,50,5
AL2023,2023102512,72,50,45,5
AL2023,2023102518,12,80,75,5
AL2023,2023102518,24,70,65,5
AL2023,2023102518,36,60,55,5
AL2023,2023102518,48,55,55,0
AL2023,2023102518,60,50,45,5
AL2023,2023102518,72,50,40,10
AL2023,2023102600,12,70,70,0
AL2023,2023102600,24,60,60,0
AL2023,2023102600,36,60,55,5
AL2023,2023102600,48,55,50,5
AL2023,2023102600,60,55,45,10
AL2023,2023102606,12,65,65,0
AL2023,2023102606,24,55,55,0
AL2023,2023102606,36,55,55,0
AL2023,2023102606,48,50,45,5
AL2023,2023102606,60,50,40,10
AL2023,2023102712,12,55,50,5
AL2023,2023102712,24,50,45,5
AL2023,2023102718,12,50,45,5
AL2023,2023102718,24,50,40,10
AL2023,2023102800,12,45,45,0
AL2023,2023102806,12,40,40,0
AL2023,2023102318,12,20,25,-5
