storm,cycle,tau,init_vmax,n,mean,sd,range
AL172023,2023092400,48,35,8,36.9,8.82,28
AL132023,2023090318,48,,6,41.5,6.95,20
AL052025,2025081206,48,40,8,52.6,11.50,34
AL062023,2023082012,48,30,6,25.2,3.37,8
AL052023,2023072306,24,60,8,40.4,4.21,11
AL192023,2023100812,48,,8,33.9,4.45,14
AL122023,2023090118,48,30,8,27.6,3.58,9
AL152023,2023091918,24,85,8,83.1,4.79,14
AL102024,2024092900,24,75,7,57.3,2.36,6
AL082025,2025092512,48,40,8,70.2,11.78,40
AL072024,2024091518,48,30,8,26.6,7.41,22
AL062025,2025082700,48,40,7,34.6,5.13,14
AL052024,2024081706,48,80,7,76.4,8.72,23
AL202023,2023102112,24,75,8,79.6,12.48,40
AL142023,2023091206,48,75,8,74.4,10.42,27
AL102023,2023082812,48,55,7,82.7,4.54,13
AL082023,2023082400,24,40,7,53.9,5.73,16
AL052023,2023071718,72,30,8,41.8,5.82,18
AL162024,2024101212,72,,7,30.9,10.42,30
AL132023,2023090912,24,100,8,111.5,10.88,32
AL122024,2024093018,72,50,8,99.9,15.65,41
AL092024,2024092606,48,75,8,25.4,5.13,15
AL032023,2023062018,48,40,8,51.2,14.38,44
AL122023,2023090200,48,30,8,24.5,2.00,6
AL192023,2023101118,24,35,8,37.0,3.85,12
AL082023,2023082418,72,50,8,87.8,27.79,79
AL072024,2024091600,48,30,8,26.8,8.56,27
AL172023,2023100506,48,35,7,47.7,5.06,12
AL052024,2024082000,24,75,6,47.2,3.87,11
AL102023,2023083118,24,55,8,45.9,3.44,11
AL072025,2025091706,24,30,8,39.4,5.60,16
AL022024,2024070518,48,60,7,52.3,9.76,27
AL052023,2023071212,24,,8,38.0,6.28,19
AL202023,2023102212,72,70,8,79.6,11.02,30
AL082023,2023082500,72,50,8,82.9,16.43,53
AL202023,2023101412,48,,8,41.1,9.76,27
AL142023,2023090606,72,,6,42.7,14.11,34
AL132024,2024100512,48,70,8,52.4,12.69,33
AL112023,2023082112,72,,6,55.2,11.86,32
AL092023,2023082112,24,25,8,33.9,3.27,8
AL122024,2024100312,48,110,8,109.1,8.25,23
AL042024,2024080412,48,50,7,37.7,5.56,15
AL062023,2023081918,48,30,8,28.1,9.03,28
AL192023,2023101218,72,35,8,23.5,5.13,15
AL182024,2024111006,48,35,8,27.1,4.82,15
AL182024,2024110912,24,50,8,39.4,3.46,9
AL162024,2024102012,24,70,8,41.1,5.14,15
AL212023,2023102300,48,,6,27.0,3.79,12
AL112024,2024092706,24,,6,43.3,11.45,28
AL042025,2025080518,24,35,8,40.0,6.39,18
AL132025,2025102612,48,120,8,103.5,17.68,51
AL072025,2025091806,72,45,7,44.3,8.36,22
AL052024,2024081300,48,35,7,69.3,15.03,39
AL192024,2024111800,24,25,6,29.3,3.44,9
AL182023,2023092800,24,,8,42.8,6.39,20
AL132025,2025102006,48,,7,56.0,12.61,33
AL132025,2025101912,24,,6,32.2,4.83,13
AL122024,2024092912,72,,7,81.0,16.49,37
AL052023,2023071312,72,,8,36.5,5.13,12
AL052025,2025082106,48,90,8,75.2,9.05,25
AL132023,2023090518,24,35,8,57.9,5.11,15
AL032024,2024062718,48,,6,29.0,2.53,7
AL052025,2025081406,24,45,8,52.8,3.24,8
AL062023,2023082212,24,25,6,22.5,2.51,7
AL122023,2023090318,24,35,8,28.0,2.83,9
AL092025,2025093006,48,55,8,71.5,12.18,32
AL092025,2025092912,24,50,8,62.6,6.86,18
AL082025,2025092712,24,125,8,126.8,7.09,19
AL072024,2024091718,24,,8,24.9,4.12,14
AL052024,2024081906,24,75,7,62.1,4.02,12
AL062023,2023090200,48,35,8,30.2,5.37,17
AL162024,2024102112,72,40,6,41.5,8.43,23
AL142023,2023091406,24,65,8,57.1,7.45,24
AL072025,2025092000,48,45,8,77.2,21.73,57
AL062024,2024091006,48,55,8,43.9,6.81,18
AL052023,2023071818,48,35,8,45.2,5.23,13
AL032023,2023062218,24,55,8,44.6,5.21,16
AL032024,2024062800,48,,6,36.0,4.69,14
AL042025,2025080618,72,45,7,33.9,2.67,7
AL122023,2023090400,24,30,6,26.2,1.33,3
AL102024,2024092606,72,45,6,60.3,5.57,15
AL032025,2025070418,24,30,8,36.8,3.41,9
AL182023,2023092900,72,35,7,32.9,8.51,25
AL082023,2023082106,72,45,8,55.0,8.26,23
AL132024,2024100118,48,,8,52.0,6.19,17
AL132023,2023090618,72,65,8,115.8,12.41,33
AL052025,2025081506,72,60,8,116.5,14.08,37
AL162024,2024101918,24,70,8,65.1,21.20,58
AL122023,2023090418,72,30,6,24.8,6.49,17
AL052025,2025081012,48,,7,39.3,7.48,22
AL052023,2023072112,24,45,8,46.9,1.55,4
AL042025,2025080700,72,45,7,33.6,2.82,7
AL022024,2024070718,24,55,7,44.1,4.91,13
AL182024,2024110518,24,55,8,74.5,5.73,17
AL152023,2023091706,72,45,8,91.5,9.44,25
AL112024,2024093000,48,30,7,28.3,9.96,28
AL102025,2025100818,72,50,8,68.9,20.42,60
AL082025,2025092812,72,130,8,83.9,6.69,19
AL082023,2023090112,48,65,8,44.0,5.98,17
AL032025,2025070500,24,30,8,34.1,3.36,11
AL202023,2023102312,48,70,8,75.2,10.21,32
AL172024,2024110318,24,40,8,37.1,3.23,10
AL142024,2024101006,48,80,7,44.1,7.17,20
AL142023,2023091506,72,60,8,45.5,4.50,14
AL082023,2023082600,48,50,8,66.1,12.40,36
AL202023,2023101612,24,,7,28.9,5.08,15
AL132024,2024100712,24,75,8,57.9,7.32,21
AL032023,2023062318,72,45,6,27.0,5.87,16
AL192024,2024111406,24,30,8,41.4,4.17,11
AL022024,2024070800,24,60,7,35.9,0.90,2
AL042024,2024080612,24,40,8,43.0,2.00,6
AL192023,2023101318,48,35,8,26.8,5.90,17
AL152024,2024101800,24,,8,37.9,4.73,14
AL122025,2025101318,24,45,7,40.4,5.88,18
AL112025,2025100906,48,,6,33.8,8.13,18
AL122023,2023083100,48,,6,40.8,8.28,22
AL102025,2025101012,48,45,7,49.4,6.48,20
AL082024,2024091512,24,,8,37.5,6.80,21
AL152023,2023091200,24,,8,28.1,2.85,9
AL132025,2025102812,24,155,8,100.2,16.14,49
AL072025,2025091906,48,45,8,63.2,12.97,35
AL062025,2025082506,24,45,8,40.4,3.16,9
AL052023,2023072212,72,50,8,26.0,4.31,14
AL022024,2024070818,72,50,6,27.7,2.07,5
AL052024,2024081500,24,70,7,90.0,4.32,13
AL182024,2024110618,72,100,8,72.8,24.98,69
AL132023,2023091418,24,75,8,74.8,6.07,17
AL102023,2023082618,24,25,8,39.8,6.50,16
AL042023,2023062012,24,,8,28.2,8.96,27
AL052023,2023071412,48,40,8,39.0,3.96,10
AL122025,2025101400,24,50,7,47.4,9.95,26
AL022024,2024063006,72,80,7,97.3,11.31,33
AL202023,2023101712,72,,8,71.4,9.43,24
AL132024,2024100812,72,60,8,41.0,3.16,9
AL192024,2024111506,72,40,7,31.0,6.16,15
AL182023,2023092506,72,,8,39.1,10.76,32
AL102023,2023090212,24,50,8,51.2,7.87,27
AL062023,2023090400,24,45,7,44.1,2.85,8
AL042024,2024080712,72,50,8,34.0,5.45,14
AL012024,2024061912,24,35,7,38.3,5.38,13
AL172023,2023092306,72,,7,52.9,12.73,37
AL162024,2024102212,48,35,6,51.0,3.03,8
AL122025,2025101418,72,35,7,28.9,10.82,27
AL102023,2023082700,24,30,8,43.9,5.91,18
AL072025,2025092200,24,65,8,90.2,12.34,31
AL062024,2024091206,24,45,8,21.5,4.81,15
AL112024,2024092906,48,40,7,34.6,5.91,18
AL082024,2024091612,72,45,6,12.2,4.07,11
AL152023,2023091300,72,,8,47.0,10.88,32
AL132025,2025102912,72,90,8,58.9,10.74,34
AL102024,2024092706,48,60,8,65.1,5.91,19
AL082025,2025092418,72,35,6,70.8,10.44,26
AL052024,2024081600,72,85,7,82.1,8.69,24
AL102023,2023082718,72,35,8,53.6,4.27,12
AL082023,2023082206,48,45,8,45.6,6.95,21
AL042023,2023062112,72,,8,45.8,11.32,32
AL202023,2023101218,24,,8,25.1,2.95,9
AL132024,2024100318,24,45,8,66.8,9.15,28
AL132023,2023090718,48,105,8,131.0,16.51,42
AL072023,2023082006,48,,6,28.0,3.58,10
AL072023,2023081912,24,,8,36.5,3.55,10
AL122024,2024100118,24,65,8,83.2,8.78,22
AL122023,2023090106,72,,6,27.2,4.79,14
AL042024,2024080218,24,25,7,33.6,4.12,11
AL052025,2025081212,24,40,8,39.2,4.37,14
AL162023,2023092218,24,55,8,37.9,2.75,8
AL152023,2023091806,48,70,8,89.2,9.62,30
AL102025,2025100918,48,55,8,55.6,12.34,34
AL082025,2025092912,48,125,8,78.2,6.63,16
AL072024,2024091506,72,35,8,30.4,10.51,26
AL202023,2023102512,24,90,8,67.5,6.65,18
AL152023,2023092018,24,80,8,70.1,4.82,13
AL142023,2023091606,48,55,8,35.6,1.41,3
AL102023,2023082800,72,45,8,53.9,4.58,13
AL082023,2023082800,24,85,8,100.5,6.48,17
AL072025,2025092300,72,120,8,72.0,4.99,15
AL112023,2023082412,24,,6,24.3,3.98,11
AL052024,2024081106,24,,7,40.6,4.58,11
AL132023,2023091012,24,95,8,106.5,6.21,18
AL122024,2024100200,24,65,8,83.4,5.01,15
AL192023,2023101518,24,25,8,25.2,3.24,9
AL202023,2023101318,72,,8,35.6,10.20,30
AL152023,2023092100,24,80,8,67.4,5.37,16
AL132024,2024100418,72,60,8,58.4,14.68,39
AL182023,2023100106,24,35,6,28.8,4.71,12
AL172023,2023100512,24,45,7,50.9,2.73,8
AL132025,2025103106,24,80,8,56.8,8.17,28
AL122024,2024100218,72,80,8,97.2,9.38,33
AL042024,2024080318,72,30,8,32.5,3.12,8
AL052025,2025081312,72,40,8,81.2,8.10,26
AL062023,2023081812,72,,6,27.3,7.45,21
AL182024,2024110718,48,90,8,53.1,15.10,42
AL162023,2023092318,72,40,6,31.5,14.45,40
AL032023,2023061800,24,,8,36.8,7.07,21
AL052023,2023071612,24,30,8,32.8,2.60,8
AL202023,2023102612,72,,8,40.8,13.16,47
AL162024,2024101118,24,,8,31.6,2.56,7
AL082023,2023082900,72,130,7,85.4,6.63,18
AL202023,2023101400,72,,8,43.9,12.80,34
AL142023,2023091312,72,80,8,51.8,7.89,22
AL132025,2025102518,72,75,8,84.0,12.67,43
AL132024,2024100912,48,75,8,51.6,3.11,9
AL062025,2025082200,72,,7,75.0,11.76,32
AL052024,2024081206,72,25,7,59.7,11.25,36
AL192024,2024111606,48,40,7,27.1,3.18,9
AL182023,2023092606,48,,8,46.2,7.74,23
AL132023,2023091112,72,105,7,94.1,15.32,43
AL122024,2024100300,72,105,8,104.0,7.45,21
AL042024,2024080812,48,40,7,30.1,2.27,6
AL132023,2023090312,48,,7,41.4,11.03,36
AL062023,2023082018,48,30,6,24.7,2.58,7
AL192023,2023100818,48,,8,33.8,5.34,16
AL182024,2024111012,24,35,8,28.6,1.92,6
AL092025,2025092718,48,30,8,61.9,7.22,22
AL222023,2023111718,48,30,6,28.7,11.04,30
AL152023,2023091400,48,,8,43.9,8.59,27
AL082025,2025100100,24,70,7,56.4,2.94,9
AL082025,2025092518,48,50,8,79.6,11.86,35
AL072024,2024091100,72,,8,41.0,8.05,24
AL062025,2025082706,48,40,7,32.6,3.91,12
AL202023,2023102118,24,75,8,80.2,6.67,20
AL102023,2023082818,48,60,8,66.2,6.34,18
AL082023,2023082406,24,45,8,47.5,5.26,14
AL042023,2023062212,48,30,8,46.5,12.66,42
AL032023,2023061900,72,,7,77.6,14.14,38
AL162024,2024101218,72,,8,28.1,10.84,36
AL132025,2025102012,24,,8,43.0,3.66,11
AL132023,2023090918,24,100,8,111.4,5.10,16
AL052025,2025082112,24,90,8,86.8,4.71,14
AL192023,2023100900,48,,8,38.5,7.41,19
AL122023,2023090206,48,35,8,29.9,3.18,8
AL192023,2023101112,24,35,7,38.7,2.14,7
AL092025,2025093012,24,70,8,71.1,3.36,10
AL082025,2025092600,48,55,8,92.0,10.47,29
AL072024,2024091606,48,25,8,22.4,6.70,19
AL102023,2023082900,48,60,7,48.7,1.70,5
AL072025,2025092400,48,110,7,64.3,7.59,22
AL052024,2024082006,24,65,6,42.7,3.20,9
AL022024,2024070100,72,115,7,82.4,13.77,42
AL182024,2024110312,48,,8,47.4,7.03,20
AL052023,2023071218,24,,8,39.1,16.03,52
AL202023,2023102218,72,70,8,78.1,10.88,28
AL102024,2024092512,48,,6,55.2,11.70,35
AL082023,2023082506,72,50,8,80.6,14.60,45
AL202023,2023101418,48,,8,40.8,8.17,25
AL182023,2023093000,72,45,6,35.3,18.10,50
AL132025,2025102112,72,45,8,50.8,14.68,42
AL132024,2024100518,48,70,8,48.0,10.42,30
AL112023,2023082118,72,,6,35.8,18.56,53
AL092023,2023082118,24,30,7,33.7,2.29,7
AL122024,2024100318,48,110,8,104.4,6.14,17
AL052025,2025081412,48,50,8,85.4,15.71,55
AL042024,2024080418,48,55,8,36.2,5.52,16
AL182024,2024110918,24,45,8,37.1,4.05,11
AL162024,2024102018,24,70,8,40.0,6.52,17
AL052023,2023071300,24,,8,45.5,5.81,20
AL202023,2023102712,48,55,8,39.2,9.39,25
AL112024,2024092700,24,,6,48.5,15.02,37
AL202023,2023101500,48,,8,37.4,6.12,17
AL142023,2023091412,48,70,8,56.1,6.06,19
AL132025,2025102618,48,120,8,98.5,18.52,57
AL092023,2023082200,24,30,8,26.9,2.59,7
AL062025,2025082300,48,,7,45.7,7.99,25
AL052024,2024081306,48,35,8,67.8,8.73,30
AL192024,2024111806,24,25,6,29.8,3.37,10
AL182023,2023092806,24,,8,43.4,6.07,19
AL142023,2023090712,24,30,8,39.4,5.07,14
AL132025,2025101918,24,,6,29.8,2.04,6
AL132023,2023091212,48,100,8,89.2,12.93,40
AL122024,2024100400,48,125,8,107.9,3.94,13
AL082023,2023082000,24,,8,31.5,2.93,8
AL052023,2023071318,72,,8,37.8,5.26,14
AL092025,2025092918,24,55,8,65.2,6.23,15
AL042025,2025080606,24,40,8,43.6,3.54,12
AL152023,2023091600,24,30,8,45.5,7.62,23
AL102025,2025100712,24,40,8,54.4,4.93,16
AL082025,2025092718,24,135,8,134.9,5.46,15
AL072024,2024091200,48,30,8,40.8,5.47,18
AL062023,2023090206,48,40,8,38.9,3.18,10
AL012024,2024061718,48,35,7,46.3,10.11,29
AL162024,2024102118,72,35,6,46.7,9.63,23
AL072025,2025092006,48,45,8,82.5,20.04,52
AL052023,2023071400,72,,8,36.5,5.13,15
AL042023,2023062412,24,50,8,45.9,3.23,8
AL162024,2024101318,48,,8,29.2,7.70,23
AL122023,2023090406,24,30,6,26.2,0.98,2
AL182023,2023092906,72,40,7,34.0,8.79,24
AL142023,2023090812,72,35,8,66.6,11.25,32
AL082025,2025092800,24,140,7,132.4,4.43,11
AL082023,2023082100,72,40,7,43.3,1.98,6
AL072024,2024091806,24,,8,28.0,2.98,9
AL052024,2024081012,72,,6,48.0,14.86,42
AL012024,2024061800,48,35,7,48.6,10.08,25
AL172023,2023093012,72,45,8,70.0,20.00,58
AL132024,2024100112,48,,8,46.8,10.69,33
AL172023,2023092212,48,,8,44.0,6.68,18
AL052025,2025081018,48,,8,40.0,4.66,12
AL052023,2023072118,24,50,8,56.6,2.07,6
AL022024,2024070200,48,140,7,95.3,9.95,25
AL182024,2024110512,24,50,8,68.8,9.08,27
AL152023,2023091700,72,35,8,90.2,14.87,47
AL112024,2024093006,48,30,8,29.4,4.96,16
AL102025,2025100812,72,50,8,57.9,15.22,44
AL082025,2025092818,72,125,8,82.6,7.44,24
AL082023,2023090118,48,70,6,41.5,6.28,17
AL022023,2023060212,72,30,6,21.5,11.84,32
AL032025,2025070506,24,30,8,31.6,5.83,15
AL202023,2023102318,48,65,8,80.1,9.17,29
AL132025,2025103012,72,90,6,48.3,10.17,26
AL102024,2024092712,24,65,8,71.5,4.11,12
AL082023,2023082606,48,55,8,90.6,14.03,49
AL202023,2023101618,24,,7,33.4,4.16,13
AL132025,2025102212,48,45,8,53.0,10.58,34
AL132024,2024100718,24,70,8,54.8,4.92,15
AL112023,2023082218,48,,8,27.5,6.35,19
AL072023,2023082012,24,45,6,40.8,3.31,9
AL022024,2024070806,24,70,7,36.7,3.90,10
AL042024,2024080618,24,35,8,37.6,1.92,6
AL052025,2025081612,24,130,8,139.2,7.55,21
AL082025,2025092900,72,120,6,69.8,14.15,37
AL172024,2024110406,24,35,8,26.8,4.77,14
AL122023,2023083106,48,,6,39.3,5.65,16
AL102025,2025101018,48,45,7,50.7,5.31,13
AL092025,2025092512,24,,6,28.0,1.67,5
AL082025,2025093012,48,75,8,52.5,17.38,43
AL082024,2024091518,24,40,8,41.2,7.74,23
AL202023,2023101700,24,,7,33.4,4.31,12
AL152023,2023091206,24,,6,29.3,2.80,7
AL142023,2023091612,24,45,8,32.6,0.92,3
AL132025,2025102818,24,145,8,95.6,16.51,52
AL062025,2025082500,24,45,8,45.1,2.42,8
AL052024,2024081506,24,75,7,92.3,2.14,6
AL032023,2023062406,72,40,6,21.8,7.08,17
AL132023,2023091412,24,80,8,73.8,4.06,12
AL122024,2024100600,24,100,8,77.6,6.30,14
AL042023,2023062018,24,,8,28.8,7.34,26
AL052023,2023071418,48,40,8,36.1,2.75,8
AL042024,2024080700,24,35,8,38.4,3.02,9
AL122025,2025101406,24,50,7,45.3,4.86,12
AL102024,2024092812,72,90,6,42.0,5.87,15
AL132024,2024100818,72,65,8,42.4,3.34,10
AL082024,2024091600,24,40,8,29.0,7.45,21
AL172023,2023092918,72,45,8,74.9,17.41,55
AL102023,2023090218,24,50,8,49.8,9.78,30
AL072024,2024091400,24,40,8,34.0,4.54,13
AL012024,2024061918,24,35,7,31.7,2.21,6
AL052025,2025081712,72,110,8,107.8,10.26,30
AL022025,2025062912,24,35,7,33.7,2.29,6
AL042024,2024080718,72,50,7,28.7,3.25,9
AL102023,2023082706,24,30,8,45.5,6.12,17
AL072025,2025092206,24,75,8,90.5,5.32,13
AL052023,2023071500,48,40,8,36.0,2.83,8
AL162024,2024101518,24,,7,27.9,3.48,10
AL092025,2025092612,72,,7,61.1,10.33,30
AL082024,2024091618,72,35,6,11.3,4.97,12
AL222023,2023111612,72,,8,51.5,15.78,51
AL202023,2023101800,72,,8,70.2,21.30,65
AL152023,2023091306,72,,8,48.0,16.89,42
AL142023,2023091712,72,35,7,25.7,3.95,10
AL132025,2025102918,72,80,8,55.2,9.68,25
AL082023,2023083000,72,100,8,69.9,10.19,31
AL142024,2024100512,24,30,8,41.6,6.50,17
AL142023,2023090912,48,40,8,57.0,7.84,25
AL132024,2024101012,48,85,8,44.6,3.93,11
AL042023,2023062118,72,25,8,52.0,15.52,47
AL042024,2024080800,72,50,7,30.9,3.02,9
AL052024,2024081112,48,,8,46.9,9.08,27
AL192024,2024111612,24,40,7,36.6,3.26,8
AL072023,2023081918,24,,8,36.5,7.09,18
AL172023,2023092412,24,45,8,44.4,6.93,19
AL162024,2024101600,24,,7,30.3,5.02,15
AL122023,2023090100,72,,6,30.8,5.42,16
AL022024,2024070400,24,115,6,77.2,15.33,39
AL052025,2025081218,24,40,8,49.8,15.19,39
AL082025,2025092506,72,40,8,93.4,16.86,50
AL072024,2024091500,72,35,8,28.0,9.15,24
AL202023,2023102518,24,85,8,58.8,5.55,15
AL132025,2025103112,48,75,6,46.8,7.31,19
AL112023,2023083118,48,35,6,59.7,2.07,5
AL102023,2023082806,72,55,8,51.4,8.73,27
AL082023,2023082806,24,100,8,107.4,6.72,16
AL072025,2025092306,72,120,8,70.8,5.63,18
AL202023,2023101306,24,,8,29.4,4.60,13
AL142023,2023091218,24,70,8,70.8,5.70,15
AL132025,2025102412,24,40,8,51.5,8.83,23
AL112023,2023082418,24,,6,27.0,1.90,5
AL032023,2023062000,72,35,8,69.8,18.65,54
AL132023,2023091018,24,105,8,112.6,7.35,22
AL122024,2024100206,24,70,8,90.0,7.27,24
AL062023,2023081800,24,,7,29.3,5.28,14
AL192023,2023101000,48,,7,52.0,11.89,33
AL142024,2024100612,72,50,8,104.8,24.57,76
AL202023,2023102600,24,80,8,56.9,2.95,9
AL182023,2023092712,72,,8,57.4,8.07,25
AL152023,2023092106,24,75,7,58.4,5.32,15
AL172023,2023100518,24,45,7,47.1,4.74,13
AL172023,2023092512,72,45,8,45.9,4.32,15
AL112023,2023082500,24,,6,28.2,2.56,7
AL102023,2023083000,48,90,7,44.3,8.67,25
AL052025,2025081318,72,45,8,97.6,10.56,32
AL022024,2024070500,72,95,6,52.2,7.94,24
AL182024,2024110300,72,,8,50.5,9.65,30
AL132023,2023091100,24,105,8,111.8,6.96,23
AL032023,2023061806,24,,8,41.1,4.55,12
AL102024,2024092912,48,65,7,37.6,5.09,16
AL092025,2025100212,24,70,8,54.6,5.07,14
AL082023,2023082906,72,120,8,73.5,6.52,20
AL202023,2023101406,72,,8,47.2,15.88,42
AL142023,2023091318,72,80,8,49.8,6.43,16
AL132025,2025102512,72,60,8,80.6,16.64,50
AL132024,2024100918,48,80,8,52.0,3.85,10
AL062025,2025082206,72,,7,63.9,12.56,39
AL142023,2023090518,48,,7,39.4,14.15,39
AL132023,2023091118,72,100,8,91.2,16.39,49
AL122024,2024100306,72,105,8,92.8,6.25,18
AL052025,2025081812,48,120,8,100.4,10.41,30
AL062023,2023081900,72,,7,33.3,11.28,29
AL042024,2024080818,48,35,6,32.7,2.66,7
AL012025,2025062400,24,,8,31.5,1.51,5
AL052023,2023071700,24,30,8,31.2,1.98,7
AL202023,2023102700,72,,7,36.0,9.02,26
AL182024,2024111018,24,30,8,26.1,1.25,4
AL122024,2024093000,24,30,7,46.9,6.04,14
AL092025,2025092712,48,30,8,57.5,7.76,25
AL042025,2025080400,48,40,7,42.3,4.50,14
AL212023,2023102312,24,,8,29.5,4.28,14
AL202023,2023101900,48,35,8,50.4,12.81,39
AL152023,2023091406,48,,7,47.4,7.50,24
AL102025,2025100518,48,,7,58.4,10.61,27
AL082025,2025100106,24,70,6,48.3,7.74,23
AL082023,2023083100,48,90,8,72.5,6.44,20
AL072024,2024091106,72,,7,40.0,7.53,22
AL132024,2024101212,24,45,8,39.5,5.58,15
AL132023,2023091200,72,100,8,81.6,11.36,35
AL032023,2023061906,72,,8,74.4,14.11,37
AL052024,2024081312,24,40,8,56.6,6.78,19
AL042023,2023062218,48,30,8,41.5,7.17,20
AL132025,2025102018,24,,8,45.1,6.96,23
AL132023,2023090400,48,,6,40.8,8.18,23
AL052025,2025082118,24,85,8,80.2,5.70,16
AL192023,2023100906,48,,8,43.6,8.96,24
AL112025,2025101012,24,40,6,28.3,12.96,35
AL102025,2025100600,48,,7,62.1,17.68,57
AL092025,2025093018,24,75,8,79.8,4.20,11
AL082025,2025092606,48,65,8,95.1,13.60,40
AL102023,2023082906,48,65,8,46.2,3.69,10
AL072025,2025092406,48,100,8,61.2,7.27,25
AL052023,2023071800,72,35,8,40.0,5.86,19
AL042023,2023062300,48,35,8,42.9,4.91,15
AL062023,2023090212,24,45,8,43.9,3.87,10
AL172023,2023100112,24,45,7,47.4,7.79,23
AL062024,2024091018,24,55,8,68.9,6.73,19
AL022024,2024070106,72,105,7,78.1,14.54,42
AL032023,2023062100,48,45,8,49.4,8.67,23
AL182024,2024110318,48,30,8,66.6,13.84,42
AL192023,2023101200,24,30,8,29.0,3.70,10
AL152023,2023091112,72,,7,44.6,15.24,44
AL142024,2024100712,48,120,8,125.9,9.96,26
AL102024,2024092518,48,,6,55.3,12.14,38
AL052024,2024081412,72,60,8,78.0,7.41,22
AL182023,2023092812,48,35,8,44.6,14.07,43
AL132025,2025102118,72,45,8,52.6,13.78,38
AL132024,2024100100,72,,8,45.1,9.20,30
AL052025,2025082218,72,80,6,36.5,11.79,30
AL172023,2023092612,48,40,7,35.1,5.81,18
AL092024,2024092312,72,25,8,94.4,17.86,53
AL022024,2024070600,48,50,7,56.7,7.23,20
AL052025,2025081418,48,50,8,84.4,15.08,51
AL122024,2024092906,24,,7,35.3,2.69,7
AL082023,2023090106,72,70,7,36.3,5.22,14
AL052023,2023071306,24,,8,40.5,5.48,16
AL202023,2023102718,48,55,8,36.5,7.86,25
AL172024,2024110200,48,,8,35.5,5.48,17
AL202023,2023101506,48,,8,35.6,4.41,14
AL172023,2023100212,72,45,8,59.6,11.34,36
AL142023,2023091418,48,70,8,51.5,6.55,20
AL132025,2025102200,72,45,8,52.6,10.39,31
AL092023,2023082206,24,40,8,28.2,4.95,15
AL082023,2023082612,24,65,8,80.5,10.89,31
AL072025,2025092112,72,55,8,70.1,15.82,52
AL062025,2025082306,48,,6,45.2,8.38,22
AL062024,2024091118,72,80,6,17.7,3.67,9
AL142023,2023090718,24,35,8,44.1,3.52,10
AL132023,2023091218,48,100,8,85.0,12.54,36
AL122024,2024100406,48,125,8,99.6,4.57,15
AL082023,2023082006,24,,8,37.6,4.57,13
AL072023,2023082412,24,,8,37.4,6.72,20
AL032024,2024062912,72,,6,24.3,5.01,14
AL192023,2023101300,72,40,8,27.1,6.69,18
AL022024,2024062712,72,,7,57.0,11.47,35
AL202023,2023102800,48,50,8,31.2,5.65,18
AL082025,2025093000,72,105,6,41.3,14.76,44
AL042025,2025080600,24,35,8,42.0,8.35,22
AL152023,2023091606,24,30,8,42.5,3.59,9
AL122023,2023083112,24,,6,35.7,2.50,7
AL102025,2025100718,24,45,8,61.5,5.88,17
AL072024,2024091206,48,30,7,34.7,6.37,16
AL022023,2023060118,24,30,7,35.0,4.65,13
AL142023,2023090800,24,35,8,42.5,5.50,17
AL132023,2023091300,48,100,8,80.9,10.41,29
AL062024,2024090912,24,45,8,53.8,7.65,23
AL042023,2023062418,24,50,8,45.1,4.39,11
AL052023,2023071406,72,45,8,35.0,4.00,11
AL132023,2023090600,24,45,8,67.9,6.98,23
AL082023,2023082712,72,85,8,99.8,10.66,30
AL142023,2023090818,72,35,8,66.5,11.15,32
AL102025,2025100800,24,45,8,54.9,5.19,16
AL082025,2025092806,24,135,8,126.9,3.31,11
AL022025,2025062800,48,,6,29.7,4.23,11
AL012024,2024061806,48,35,7,43.1,6.52,20
AL052024,2024081018,72,,7,50.9,11.32,31
AL172023,2023093018,72,45,7,73.7,11.29,31
AL042023,2023062500,24,50,8,44.5,2.07,6
AL052023,2023071900,48,35,7,42.3,4.31,12
AL172023,2023092218,48,,8,51.5,10.98,27
AL162024,2024101406,48,,8,33.5,6.70,22
AL032023,2023062300,24,55,8,43.0,3.12,11
AL022024,2024070206,48,145,7,97.6,15.71,46
AL152023,2023091212,48,,6,35.3,8.12,23
AL142024,2024100912,24,135,8,75.2,16.41,49
AL142023,2023090900,72,35,8,72.0,11.48,32
AL132025,2025103018,72,90,6,46.7,10.93,27
AL132024,2024101000,72,90,8,45.8,3.62,11
AL102024,2024092718,24,75,8,73.2,5.55,17
AL052024,2024081512,48,75,7,75.6,9.47,25
AL142023,2023091012,48,45,7,64.9,4.45,13
AL132025,2025102218,48,45,8,50.5,10.00,27
AL132024,2024100200,48,,8,56.2,13.12,37
AL132023,2023090700,72,70,8,125.0,18.31,54
AL172023,2023092812,24,45,8,41.2,8.53,24
AL092024,2024092412,48,40,8,100.1,20.43,67
AL072023,2023082018,24,45,6,33.3,4.84,11
AL052025,2025081618,24,140,8,138.8,4.27,11
AL182024,2024110600,24,70,8,80.4,8.40,25
AL102025,2025100900,72,55,8,51.6,14.79,47
AL082025,2025092906,72,115,8,63.9,14.49,44
AL172024,2024110400,24,40,8,35.1,3.56,10
AL092025,2025092518,24,,8,28.6,1.85,5
AL172023,2023100312,48,40,7,43.7,7.04,22
AL142023,2023091618,24,45,8,33.9,2.17,6
AL132025,2025102300,48,45,8,55.2,9.36,28
AL072025,2025092212,48,105,8,90.1,11.48,32
AL032023,2023062400,72,45,6,24.0,5.66,14
AL122024,2024100606,24,95,8,69.9,6.90,20
AL042024,2024080706,24,40,8,42.2,3.15,9
AL052025,2025081700,24,125,8,125.1,9.67,30
AL192023,2023101400,48,35,8,28.1,9.30,26
AL102024,2024092818,72,85,6,43.3,4.18,12
AL022024,2024062812,48,,7,58.7,4.27,14
AL092025,2025092600,24,,8,27.2,3.41,12
AL082024,2024091606,24,40,8,24.2,6.96,20
AL222023,2023111600,24,,8,32.2,9.48,32
AL172023,2023092912,72,40,8,69.4,18.78,55
AL072024,2024091406,24,40,8,34.1,3.87,10
AL052025,2025081718,72,110,8,98.8,11.04,25
AL022025,2025062918,24,40,7,31.1,4.02,11
AL182024,2024110700,72,90,8,64.9,25.53,69
AL132023,2023091500,24,75,7,72.9,5.43,14
AL052023,2023071506,48,40,8,34.8,4.17,11
AL092025,2025100100,48,75,7,63.1,14.36,39
AL092025,2025092618,72,30,8,64.8,7.01,24
AL222023,2023111618,72,30,8,48.1,20.31,57
AL202023,2023101806,72,,8,67.6,20.25,64
AL132024,2024100906,72,70,8,42.2,3.58,12
AL112024,2024092512,24,,8,29.1,3.23,8
AL102024,2024093012,48,50,7,30.1,13.01,36
AL082023,2023083006,72,95,8,68.9,7.74,22
AL082023,2023082812,48,125,8,102.2,14.68,40
AL142024,2024100518,24,35,8,54.8,4.74,14
AL142023,2023090918,48,40,8,53.0,5.95,16
AL132024,2024101018,48,60,8,36.6,7.44,23
AL072025,2025091612,72,,8,44.1,7.04,19
AL052025,2025081800,72,110,8,103.9,13.08,40
AL052024,2024081118,48,25,8,46.8,10.00,31
AL192024,2024111618,24,40,7,32.7,2.93,7
AL182023,2023092618,24,,8,41.5,5.93,19
AL132023,2023090306,72,,7,40.4,7.35,23
AL172023,2023092418,24,45,8,42.0,3.78,10
AL092025,2025092700,72,30,8,64.2,8.43,22
AL022024,2024070406,24,110,7,77.9,13.69,38
AL082025,2025092500,72,40,8,85.4,17.88,42
AL022023,2023060318,48,25,6,26.5,13.90,36
AL202023,2023102000,48,50,8,69.1,14.81,41
AL152023,2023091412,24,,7,32.3,2.98,9
AL132024,2024101100,48,55,8,38.0,8.23,25
AL052024,2024081712,24,70,7,60.7,4.61,13
AL042023,2023062206,72,30,8,52.8,14.13,45
AL202023,2023101300,24,,8,28.8,3.73,11
AL142023,2023091212,24,75,8,74.2,7.34,22
AL132025,2025102418,24,50,8,80.8,7.52,21
AL132024,2024100400,24,45,8,57.8,10.78,32
AL132023,2023090800,48,135,8,133.1,13.40,34
AL032023,2023061812,48,,8,54.0,7.52,20
AL032023,2023062006,72,35,8,59.2,22.56,69
AL172023,2023092500,24,45,8,41.9,5.11,17
AL112024,2024092612,72,,6,60.8,23.65,51
AL092024,2024092612,24,85,8,50.0,4.93,14
AL062023,2023081806,24,,8,28.1,1.89,6
AL042024,2024080300,24,25,7,35.3,4.15,11
AL192023,2023101006,48,,7,39.7,11.09,29
AL162023,2023092300,24,60,7,35.6,1.81,5
AL142024,2024100618,72,70,8,105.0,15.57,40
AL202023,2023102606,24,75,8,54.9,5.62,17
AL182023,2023092718,72,,8,50.1,8.94,29
AL172023,2023092518,72,40,8,41.4,4.81,15
AL132025,2025102500,24,55,8,81.8,6.45,17
AL112023,2023082506,24,,6,29.7,5.61,14
AL102023,2023083006,48,105,8,50.8,11.62,38
AL072025,2025092412,24,95,8,67.6,7.76,20
AL022024,2024070506,72,95,7,56.6,10.85,29
AL182024,2024110306,72,,8,54.5,12.88,37
AL132023,2023091106,24,105,8,105.6,5.55,15
AL192023,2023101600,24,25,7,28.0,4.12,12
AL152023,2023091512,72,30,7,76.7,12.34,32
AL142024,2024100700,72,75,6,87.8,12.64,35
AL102024,2024092918,48,60,7,38.4,4.12,9
AL052024,2024081812,72,60,6,34.3,2.25,5
AL132024,2024100500,72,65,8,56.4,12.45,31
AL172023,2023092600,72,45,8,41.4,8.58,28
AL042024,2024080400,72,40,8,38.0,2.51,7
AL052025,2025081818,48,120,8,99.5,13.13,41
AL062023,2023081906,72,,7,29.3,8.36,22
AL182024,2024110800,48,90,8,48.5,10.64,30
AL012025,2025062406,24,,8,29.4,1.51,5
AL052023,2023071706,24,30,8,32.4,2.26,5
AL162024,2024101200,24,,8,31.1,2.23,7
AL122024,2024093006,24,30,8,45.8,4.33,13
AL042025,2025080406,48,40,8,44.5,4.54,13
AL212023,2023102318,24,25,7,24.6,2.30,7
AL202023,2023101906,48,45,8,57.4,6.93,18
AL132025,2025102600,72,90,8,82.4,14.25,37
AL082023,2023083106,48,85,8,70.0,9.77,30
AL072025,2025092512,72,65,8,31.1,1.81,5
AL152023,2023091018,24,,6,27.0,2.53,6
AL132023,2023091206,72,100,8,79.8,11.96,37
AL072025,2025091712,48,40,8,44.5,6.52,19
AL062025,2025082312,24,,8,42.1,3.94,13
AL062024,2024090718,48,,8,36.6,8.63,25
AL052024,2024081318,24,50,8,69.8,8.66,24
AL052025,2025081900,48,115,8,98.0,14.31,34
AL132023,2023090406,48,,7,55.1,10.51,29
AL092025,2025092800,48,30,8,61.1,7.97,25
AL222023,2023111800,48,30,6,23.3,11.04,31
AL102025,2025100606,48,,8,54.1,11.57,42
AL202023,2023102200,24,75,8,73.0,10.97,31
AL192024,2024111312,72,,8,57.2,20.81,57
AL072024,2024091212,24,30,8,33.2,3.28,11
AL062024,2024090800,48,,8,34.8,7.80,22
AL042023,2023062306,48,40,8,51.2,7.13,19
AL062023,2023090218,24,45,8,43.1,2.85,8
AL052023,2023071806,72,35,8,46.5,6.02,18
AL172023,2023100118,24,45,7,46.6,10.52,26
AL162024,2024101300,72,,8,30.2,10.81,33
AL132025,2025102106,24,,8,51.9,7.83,25
AL072025,2025092018,24,55,8,71.9,3.68,10
AL062024,2024091012,24,55,8,71.1,5.77,17
AL032023,2023062106,48,50,8,46.2,5.42,17
AL112024,2024092712,48,35,6,43.2,13.88,39
AL032024,2024062818,24,,7,33.4,2.99,8
AL192023,2023101206,24,30,8,29.6,6.46,19
AL152023,2023091118,72,,8,44.8,13.52,38
AL142024,2024100718,48,150,8,124.1,8.27,27
AL062025,2025082412,72,35,8,29.9,5.46,19
AL052024,2024081418,72,65,7,82.3,11.18,37
AL132024,2024100106,72,,8,57.4,13.16,43
AL122024,2024100512,72,105,8,53.2,6.34,22
AL082023,2023082012,48,,8,46.0,8.43,22
AL172023,2023100200,24,45,7,54.3,10.13,30
AL172023,2023092618,48,40,8,33.2,6.16,20
AL092024,2024092318,72,30,8,98.2,22.35,63
AL052023,2023072000,48,45,8,49.2,5.80,19
AL022024,2024070606,48,50,7,55.4,5.59,17
AL052025,2025081000,72,,7,42.1,7.88,21
AL182024,2024110406,48,30,8,67.4,12.41,37
AL082023,2023090100,72,75,7,38.3,5.06,16
AL022024,2024070212,24,145,7,114.6,2.51,8
AL202023,2023102300,72,75,8,74.6,9.56,33
AL172024,2024110206,48,45,8,36.9,5.89,16
AL152023,2023091612,48,30,8,66.4,11.70,35
AL142024,2024100800,48,150,7,104.7,14.20,46
AL072024,2024091312,72,35,8,26.8,10.46,25
AL172023,2023100218,72,45,7,45.1,5.05,14
AL142024,2024101012,24,70,8,53.2,9.69,27
AL142023,2023091000,72,45,8,68.2,6.45,18
AL132025,2025102206,72,45,8,71.0,22.30,77
AL132024,2024100600,48,70,8,48.0,12.04,34
AL082023,2023082618,24,75,8,86.0,12.36,27
AL072025,2025092118,72,65,8,75.4,17.99,49
AL062024,2024091112,72,80,6,14.2,3.97,12
AL172023,2023092700,48,40,8,35.8,3.99,11
AL092024,2024092400,72,30,8,71.8,12.49,37
AL072023,2023082418,24,,6,33.0,3.58,10
AL042024,2024080500,48,60,8,39.5,9.30,24
AL032024,2024062918,72,,6,23.5,6.38,14
AL192023,2023101306,72,40,8,29.0,7.84,22
AL022024,2024062718,72,,7,74.0,13.19,37
AL202023,2023102806,48,45,8,30.1,7.81,23
AL102025,2025101000,72,50,7,59.4,12.66,34
AL172023,2023100300,72,45,6,47.8,4.45,13
AL132025,2025102700,48,125,8,93.5,18.24,50
AL122023,2023083118,24,,6,41.0,2.83,7
AL142023,2023090806,24,35,8,43.2,4.92,16
AL132023,2023091306,48,100,8,77.8,8.92,21
AL072025,2025091912,24,45,8,51.8,7.29,22
AL072023,2023082500,24,,6,36.3,4.68,13
AL062024,2024090918,24,50,8,59.2,8.75,26
AL022024,2024070312,72,125,7,55.4,6.97,20
AL132023,2023090606,24,55,8,70.2,10.17,24
AL022024,2024062800,72,,7,76.6,11.75,38
AL082023,2023082718,72,85,8,96.6,10.85,32
AL102025,2025100806,24,45,8,55.8,7.65,24
AL102023,2023090100,48,55,8,45.5,2.67,7
AL082023,2023081918,48,,6,39.7,8.43,21
AL192024,2024111412,48,30,8,34.9,4.73,13
AL112023,2023083000,24,30,8,31.8,3.06,8
AL042023,2023062506,24,45,8,35.8,3.11,9
AL052023,2023071906,48,35,8,46.1,3.52,9
AL162024,2024101400,48,,8,29.6,7.96,24
AL032023,2023062306,24,50,8,42.1,5.25,17
AL112024,2024092912,24,40,7,32.6,3.64,11
AL102024,2024093000,72,55,6,32.5,1.22,3
AL152023,2023091218,48,,8,37.0,6.59,17
AL142024,2024100918,24,115,8,63.1,10.25,32
AL142023,2023090906,72,40,8,70.5,5.42,16
AL132024,2024101006,72,90,8,45.0,7.62,24
AL062025,2025082512,48,50,7,34.6,3.26,8
AL052024,2024081518,48,75,7,70.0,8.08,21
AL142023,2023091018,48,55,8,71.4,6.35,18
AL132024,2024100206,48,,8,61.0,17.46,52
AL132023,2023090706,72,70,7,122.1,15.97,43
AL122024,2024100612,48,85,8,47.8,9.11,30
AL082023,2023082212,24,45,8,44.5,3.38,11
AL072023,2023081800,48,,6,36.3,7.15,20
AL032023,2023061718,72,,8,60.6,16.92,48
AL172023,2023092818,24,40,8,36.4,4.96,13
AL092024,2024092418,48,40,7,77.9,16.84,42
AL052025,2025081100,48,,8,44.2,6.14,20
AL052023,2023072200,24,50,7,58.0,5.26,13
AL182024,2024110606,24,75,8,83.6,5.32,15
AL102025,2025100906,72,55,8,77.1,31.00,89
AL202023,2023102400,48,65,8,74.6,8.19,25
AL112023,2023083100,72,30,6,50.8,4.40,13
AL072024,2024091412,48,40,8,28.6,6.67,17
AL042023,2023062606,72,,6,31.7,14.54,36
AL172023,2023100318,48,40,8,39.1,12.03,42
AL142023,2023091100,48,55,7,75.1,4.02,12
AL132025,2025102306,48,45,8,65.0,15.40,42
AL132024,2024100800,24,65,8,51.5,6.19,20
AL112023,2023082300,48,,7,22.3,4.75,13
AL072025,2025092218,48,115,8,93.1,7.95,26
AL172023,2023092900,24,40,8,42.4,4.98,13
AL092024,2024092500,48,50,8,91.9,15.93,44
AL072025,2025091518,24,,7,35.3,6.21,18
AL052025,2025081706,24,110,8,114.5,12.28,31
AL192023,2023101406,48,35,8,30.0,7.98,22
AL022024,2024062818,48,30,7,67.6,9.32,25
AL102025,2025101100,48,50,7,47.0,12.48,36
AL092025,2025092606,24,,8,29.4,4.98,16
AL082023,2023082312,72,40,8,62.6,15.79,46
AL172023,2023100400,48,40,8,43.8,5.68,19
AL132025,2025102900,24,110,8,80.2,12.49,44
AL182024,2024110706,72,90,8,60.1,27.86,72
AL132023,2023091506,24,75,8,65.8,5.63,17
AL102023,2023083012,24,100,8,55.4,10.46,33
AL072025,2025091600,24,,6,38.0,7.48,21
AL022024,2024070412,48,100,7,51.6,5.00,14
AL042023,2023062100,24,,8,31.6,3.25,10
AL152023,2023091912,72,80,8,49.9,6.47,23
AL102024,2024092906,72,70,6,37.3,4.08,10
AL092025,2025100106,48,75,8,55.9,13.53,40
AL022024,2024062900,48,35,7,76.3,12.16,34
AL132024,2024100900,72,70,8,42.4,2.67,7
AL112024,2024092518,24,,8,40.0,9.61,32
AL082023,2023082818,48,125,8,98.2,11.80,30
AL072025,2025091618,72,,8,44.1,11.39,32
AL052025,2025081806,72,115,8,95.1,13.57,33
AL182023,2023092612,24,,8,39.2,5.82,16
AL092025,2025092706,72,30,8,62.4,8.21,27
AL042025,2025080412,24,40,8,41.0,3.34,10
AL202023,2023102006,48,50,8,65.6,10.27,33
AL202023,2023101912,24,50,8,61.0,6.50,18
AL152023,2023091418,24,,8,32.2,4.40,14
AL142024,2024100606,24,40,8,68.1,12.05,39
AL132024,2024101106,48,50,8,42.6,9.56,28
AL102023,2023083112,72,50,8,47.6,12.51,35
AL082023,2023083112,24,85,8,69.0,6.37,19
AL072025,2025091700,72,,8,45.8,13.06,36
AL062025,2025082712,24,40,7,35.6,1.90,5
AL042023,2023062200,72,,8,45.0,8.04,22
AL052024,2024081718,24,65,7,65.7,4.82,14
AL132024,2024100406,24,50,8,53.6,4.63,14
AL132023,2023090806,48,145,8,127.9,14.18,40
AL052025,2025082000,48,90,8,88.1,14.76,36
AL032023,2023061818,48,,8,56.2,14.79,43
AL172023,2023092506,24,45,8,43.2,5.47,15
AL132023,2023090412,24,,8,40.9,14.15,44
AL112024,2024092618,72,,6,47.0,11.15,26
AL092024,2024092618,24,105,8,48.8,8.31,24
AL042024,2024080306,24,25,8,37.2,4.74,13
AL052025,2025081300,24,40,8,41.4,7.29,22
AL162023,2023092306,24,60,8,34.2,2.43,6
AL122023,2023090212,24,45,8,40.4,4.87,13
AL072024,2024091612,24,30,8,27.5,5.15,13
AL052024,2024081800,24,60,7,67.9,8.15,24
AL142023,2023091300,24,75,8,71.0,4.78,13
AL132025,2025102506,24,60,8,89.8,7.78,21
AL102023,2023082918,24,80,8,65.0,3.78,11
AL072025,2025092418,24,90,8,65.4,8.50,25
AL012025,2025062412,48,35,7,26.7,5.12,14
AL052023,2023071712,48,30,8,33.5,3.82,12
AL122024,2024093012,48,45,8,76.8,16.93,47
AL092024,2024092700,24,120,6,48.3,12.44,33
AL032023,2023062112,24,50,8,52.2,4.77,14
AL042025,2025080512,72,35,8,45.1,14.80,45
AL152023,2023091518,72,30,8,74.8,15.01,42
AL142024,2024100706,72,90,8,76.8,7.70,22
AL052024,2024081818,72,65,6,32.7,2.42,6
AL132024,2024100506,72,70,8,55.4,14.16,41
AL082023,2023082412,48,50,8,54.9,8.32,25
AL172023,2023100600,24,45,6,49.0,3.16,10
AL172023,2023092606,72,45,8,39.6,10.24,35
AL132023,2023090512,72,30,8,90.1,10.18,28
AL042024,2024080406,72,45,8,38.5,5.63,16
AL052025,2025081400,72,45,8,92.9,14.32,47
AL182024,2024110806,48,105,8,50.2,13.39,35
AL122023,2023090312,72,35,8,23.8,3.20,10
AL022024,2024070612,24,50,7,52.9,5.11,15
AL162024,2024101206,24,,8,30.8,2.76,9
AL072024,2024091712,72,30,7,51.0,15.75,40
AL172024,2024110212,24,50,8,42.6,5.76,15
AL142023,2023091400,72,75,8,48.2,6.23,16
AL132025,2025102606,72,110,8,81.8,13.10,32
AL072025,2025092518,72,60,8,30.2,2.38,6
AL152023,2023091012,24,,6,33.0,2.37,7
AL142023,2023090600,48,,8,34.2,10.91,30
AL072025,2025091718,48,45,8,40.4,7.48,22
AL072023,2023082306,48,,8,46.8,6.30,18
AL062025,2025082318,24,35,8,48.4,2.88,8
AL052025,2025081906,48,100,8,87.1,14.19,42
AL122024,2024100418,24,115,8,108.6,6.23,20
AL032025,2025070412,72,,7,22.6,3.36,7
AL192023,2023101212,48,35,8,28.0,3.55,11
AL122025,2025101212,24,,7,31.7,4.82,13
AL092025,2025092806,48,30,8,57.5,6.16,18
AL202023,2023102206,24,75,7,76.6,8.08,26
AL192024,2024111318,72,25,7,54.4,21.28,52
AL162024,2024101912,72,45,7,36.6,11.43,29
AL072025,2025091800,48,45,8,36.9,5.46,13
AL072024,2024091218,24,30,8,32.0,2.00,6
AL062024,2024090806,48,,8,35.8,6.84,19
AL022024,2024070712,72,55,7,26.6,4.39,15
AL132025,2025102100,24,,8,43.6,5.85,15
AL122024,2024092918,48,30,7,64.0,7.16,20
AL112023,2023082106,24,,6,25.5,10.67,29
AL072025,2025092012,24,45,8,61.6,7.71,19
AL052025,2025082200,24,85,8,77.1,6.45,17
AL172024,2024110312,72,40,6,13.8,5.23,12
AL112024,2024092718,48,45,6,40.8,7.08,18
AL092024,2024092306,24,,8,41.0,3.82,11
AL032024,2024062812,24,,7,28.9,3.08,9
AL062025,2025082418,72,40,7,32.7,4.89,13
AL192024,2024111400,72,25,8,43.5,13.29,37
AL122024,2024100518,72,105,8,46.5,9.26,30
AL082023,2023082018,48,40,8,52.5,8.55,28
AL072023,2023081706,72,,6,47.0,13.75,37
AL172023,2023100206,24,45,8,46.9,6.47,19
AL172023,2023092200,72,,8,51.2,15.60,42
AL122025,2025101312,72,45,7,46.6,9.25,25
AL062024,2024091100,24,65,6,62.0,3.41,8
AL052023,2023071912,24,35,8,42.8,4.17,12
AL052023,2023072006,48,45,8,48.0,4.50,14
AL052025,2025081006,72,,8,43.5,11.50,29
AL112024,2024092800,48,45,7,41.6,15.11,45
AL042025,2025080612,48,45,8,50.2,6.96,23
AL022024,2024070218,24,135,7,107.4,4.79,14
AL202023,2023102306,72,70,8,70.6,7.76,22
AL152023,2023091618,48,30,8,69.1,10.97,30
AL142024,2024100806,48,135,8,86.9,11.70,38
AL112024,2024093012,24,30,8,30.8,4.03,12
AL102024,2024092600,48,45,6,54.5,6.57,18
AL072024,2024091318,72,35,8,27.2,11.68,33
AL052024,2024081918,48,80,6,38.7,6.06,16
AL022024,2024062706,24,,7,32.0,2.94,7
AL142024,2024101018,24,60,6,43.5,8.67,24
AL142023,2023091006,72,45,8,70.4,5.95,16
AL132024,2024100606,48,70,8,49.9,10.41,29
AL102023,2023082612,72,,8,49.8,14.02,33
AL172023,2023092706,48,40,8,38.6,7.48,21
AL132024,2024100212,24,30,8,43.9,5.00,13
AL132023,2023090612,48,60,8,96.0,12.72,39
AL092024,2024092406,72,30,8,59.4,11.95,34
AL052025,2025081500,48,60,8,91.9,20.37,62
AL042024,2024080506,48,70,8,44.1,7.02,21
AL162024,2024102106,24,50,8,41.1,5.28,19
AL122023,2023090412,48,30,8,26.6,2.50,7
AL102025,2025101006,72,45,6,46.7,13.11,34
AL072024,2024091812,48,,8,34.2,5.06,14
AL172023,2023100306,72,45,6,49.8,4.02,10
AL142023,2023091500,48,65,7,47.0,5.07,14
AL132025,2025102706,48,135,8,89.6,15.50,53
AL062024,2024091200,72,70,6,17.5,2.26,6
AL072025,2025091918,24,45,7,57.0,8.47,22
AL072023,2023082506,24,,6,32.7,5.32,15
AL022024,2024070318,72,120,7,52.3,5.12,14
AL032023,2023062312,48,50,8,31.0,3.74,11
AL172023,2023093000,24,45,8,53.1,6.62,18
AL032025,2025070512,48,35,7,22.3,4.39,11
AL192023,2023101412,24,30,8,27.1,2.30,7
AL202023,2023101212,72,,8,28.9,9.80,31
AL132024,2024100312,72,40,8,79.2,7.11,19
AL102023,2023090106,48,50,8,47.9,6.38,19
AL022023,2023060200,24,30,7,29.1,3.63,10
AL192024,2024111418,48,35,8,46.1,12.55,34
AL182023,2023092418,48,,8,31.8,4.37,14
AL132025,2025103000,24,80,8,81.8,10.22,29
AL122024,2024100112,72,60,8,99.8,11.29,30
AL112023,2023083006,24,30,8,33.9,3.87,12
AL042024,2024080212,72,25,7,43.7,4.46,14
AL022024,2024070812,48,65,7,27.7,3.35,9
AL182024,2024110612,48,90,8,89.0,8.99,26
AL162023,2023092212,72,45,8,26.6,2.88,7
AL152024,2024101812,48,,8,32.1,2.23,7
AL172024,2024110412,48,30,6,23.0,3.03,8
AL152023,2023092012,72,80,6,48.8,10.07,30
AL112024,2024092918,24,35,7,29.0,3.37,11
AL102024,2024093006,72,55,6,31.8,1.47,4
AL022024,2024063000,48,75,7,110.3,7.74,21
AL202023,2023101718,48,,8,64.8,6.34,18
AL062025,2025082518,48,50,7,31.9,5.55,17
AL052024,2024081100,72,,8,54.1,16.91,45
AL192024,2024111500,48,35,7,44.4,13.71,35
AL182023,2023092500,48,,7,30.7,5.25,16
AL122024,2024100618,48,80,8,45.6,10.13,33
AL082023,2023082218,24,35,8,35.1,5.69,16
AL072023,2023081806,48,,8,41.1,8.31,22
AL032023,2023061712,72,,6,49.2,14.58,42
AL172023,2023092300,48,,8,43.6,5.83,18
AL122025,2025101412,48,40,7,37.4,6.16,16
AL052025,2025081106,48,,8,45.1,8.24,24
AL052023,2023072206,24,50,8,55.6,3.02,10
AL202023,2023102406,48,65,8,65.9,5.28,16
AL152023,2023091818,24,70,8,82.5,2.45,8
AL132025,2025103100,72,85,6,43.5,10.19,28
AL112023,2023082912,48,30,6,34.0,4.60,12
AL102024,2024092800,24,80,7,73.1,3.98,11
AL082025,2025092412,48,,7,44.4,5.16,15
AL072024,2024091418,48,40,8,26.9,7.92,23
AL062025,2025082600,48,45,8,28.0,7.23,23
AL052024,2024081606,48,85,7,69.3,8.18,20
AL202023,2023102012,24,60,8,68.8,5.55,18
AL142023,2023091106,48,55,8,72.2,4.13,11
AL132024,2024100806,24,60,7,56.4,4.43,12
AL132023,2023091512,48,70,8,31.8,6.67,18
AL102023,2023082712,48,30,8,56.9,10.40,34
AL082023,2023082300,24,35,8,35.5,3.07,9
AL172023,2023092906,24,40,8,41.0,7.27,21
AL162024,2024101112,72,,8,29.1,9.83,26
AL132023,2023090812,24,135,8,121.5,8.23,24
AL092024,2024092506,48,55,8,68.5,7.09,20
AL072023,2023082100,24,40,6,29.5,2.59,6
AL152023,2023091900,24,75,8,83.1,4.12,12
AL102025,2025101106,48,50,7,42.9,7.88,18
AL082023,2023082318,72,35,8,61.6,19.74,56
AL172023,2023100406,48,40,7,46.3,8.28,24
AL142023,2023091700,24,40,7,32.6,1.72,5
AL132025,2025102906,24,110,8,97.2,8.96,28
AL102023,2023083018,24,65,8,45.6,5.68,18
AL072025,2025091606,24,,8,46.8,4.40,15
AL022024,2024070418,48,95,7,52.4,8.10,21
AL042023,2023062106,24,,8,32.5,3.74,11
AL152023,2023091918,72,85,8,46.0,9.72,32
AL102024,2024092900,72,75,6,41.5,3.02,9
AL022024,2024062906,48,40,7,89.9,10.19,28
AL202023,2023102112,72,75,8,82.0,13.63,42
AL082023,2023082400,72,40,7,70.6,12.05,36
AL202023,2023101312,48,,8,29.6,5.40,15
AL132024,2024100412,48,55,8,66.9,14.25,35
AL132023,2023090912,72,100,8,113.1,10.37,28
AL122024,2024100212,48,75,8,99.2,11.60,32
AL062023,2023081818,48,,7,27.7,4.46,12
AL042024,2024080312,48,25,8,47.2,8.08,25
AL192023,2023101118,72,35,8,31.6,5.53,16
AL182024,2024110812,24,95,7,64.3,16.69,40
AL162023,2023092312,48,50,8,30.9,1.96,5
AL152023,2023092112,48,75,6,52.3,6.98,17
AL042025,2025080418,24,40,8,37.0,4.41,12
AL202023,2023101918,24,50,8,61.1,8.53,26
AL142024,2024100600,24,35,8,63.9,11.41,33
AL102023,2023083118,72,55,8,50.1,9.40,25
AL082023,2023083118,24,80,8,70.5,5.58,18
AL072025,2025091706,72,30,8,50.5,18.09,59
AL062025,2025082718,24,45,8,37.4,2.62,6
AL052024,2024081200,48,25,8,43.6,9.69,30
AL192024,2024111700,24,35,8,27.1,3.48,10
AL182023,2023092700,24,,8,39.5,4.96,16
AL052025,2025082006,48,85,8,85.1,11.28,30
AL052023,2023071212,72,,8,38.8,8.48,21
AL132023,2023090418,24,,8,48.8,7.15,18
AL052025,2025081306,24,40,8,46.4,9.24,23
AL062023,2023082112,24,35,6,30.3,3.27,9
AL192023,2023100912,24,,8,35.8,6.18,18
AL122023,2023090218,24,50,8,42.5,5.98,17
AL092025,2025092812,24,30,8,47.4,5.18,14
AL092023,2023082112,72,25,7,19.9,6.44,15
AL082025,2025092612,24,75,8,95.6,9.32,27
AL072024,2024091618,24,30,8,28.1,6.33,16
AL062025,2025082800,24,45,7,36.7,2.43,7
AL052024,2024081806,24,60,7,67.4,7.35,21
AL062023,2023090100,48,,6,25.2,4.49,12
AL182024,2024110912,72,50,8,32.1,6.10,17
AL162024,2024102012,72,70,8,33.4,8.12,23
AL142023,2023091306,24,75,8,70.1,7.00,20
AL132023,2023091712,24,45,6,36.7,3.83,11
AL102023,2023082912,24,70,8,85.0,8.68,29
AL052023,2023071718,48,30,8,34.8,5.92,17
AL162024,2024101212,48,,7,27.9,6.39,18
AL122024,2024093018,48,50,8,86.9,15.39,39
AL112024,2024092706,72,,6,41.8,12.66,37
AL092024,2024092706,24,80,8,31.6,5.85,19
AL042025,2025080518,72,35,8,37.6,11.75,29
AL032023,2023062118,24,55,8,51.6,4.00,9
AL122023,2023090300,24,40,8,32.2,2.38,7
AL192024,2024111800,72,25,6,28.8,9.83,25
AL182023,2023092800,72,,8,47.2,13.92,47
AL112023,2023090100,24,45,8,65.1,15.41,38
AL082023,2023082418,48,50,8,63.5,11.25,30
AL072024,2024091700,24,30,8,27.9,4.88,13
AL172023,2023100606,24,45,8,45.1,10.43,32
AL132023,2023090518,72,35,8,107.8,12.44,33
AL052025,2025081406,72,45,8,95.5,12.52,35
AL062023,2023082212,72,25,6,22.7,7.50,23
AL122023,2023090318,72,35,8,25.1,4.79,14
AL092025,2025092912,72,50,8,78.5,7.75,25
AL052023,2023072012,24,45,8,49.1,4.45,13
AL022024,2024070618,24,50,7,57.1,3.29,10
AL082025,2025092712,72,125,8,92.1,10.26,26
AL072024,2024091718,72,,8,47.5,12.29,30
AL202023,2023102212,48,70,8,72.5,9.72,32
AL172024,2024110218,24,55,8,49.5,4.31,11
AL142023,2023091406,72,65,8,43.4,5.80,18
AL082023,2023082500,48,50,8,58.6,8.43,21
AL202023,2023101512,24,,8,26.0,3.16,10
AL142023,2023090606,48,,6,32.2,10.23,28
AL132024,2024100612,24,80,8,62.8,11.63,29
AL112023,2023082112,48,,6,40.3,7.69,21
AL032023,2023062218,72,55,6,30.0,8.74,21
AL192024,2024111306,24,,8,30.9,11.87,37
AL122024,2024100412,24,120,8,114.0,9.83,32
AL122023,2023090400,72,30,6,27.2,6.55,17
AL032025,2025070418,72,30,6,29.0,6.42,16
AL042024,2024080512,24,65,8,43.4,8.31,25
AL192023,2023101218,48,35,8,26.4,2.97,9
AL122025,2025101218,24,,7,34.7,3.73,9
AL162024,2024101918,72,70,8,46.0,19.98,54
AL132025,2025102712,24,140,8,122.9,10.70,31
AL072025,2025091806,48,45,8,37.5,5.07,15
AL052023,2023072112,72,45,8,30.1,3.76,11
AL022024,2024070718,72,55,7,24.6,6.63,16
AL052024,2024081400,24,55,8,74.2,9.00,25
AL182024,2024110518,72,55,8,61.9,11.95,33
AL122024,2024092912,48,,7,64.3,8.90,25
AL052025,2025082206,24,80,8,69.5,7.01,21
AL032025,2025070500,72,30,6,24.7,6.80,17
AL052023,2023071312,48,,8,39.4,6.50,17
AL172024,2024110318,72,40,6,11.3,5.96,18
AL122025,2025101300,24,,7,42.0,3.42,8
AL092024,2024092300,24,,7,31.3,4.07,11
AL132024,2024100712,72,75,8,52.8,9.24,28
AL192024,2024111406,72,30,8,39.8,9.90,31
AL102023,2023090112,24,50,8,46.0,5.26,14
AL042024,2024080612,72,40,8,30.1,3.64,11
AL012024,2024061812,24,35,7,40.1,3.63,10
AL022024,2024070800,72,60,7,24.9,6.04,15
AL062023,2023090300,24,50,8,43.6,3.50,10
AL162024,2024102112,48,40,8,41.8,7.32,24
AL152024,2024101800,72,,8,31.5,4.54,13
AL122025,2025101318,72,45,7,52.0,19.46,53
AL102023,2023082600,24,,6,24.5,4.37,11
AL072025,2025092100,24,55,8,72.6,10.47,37
AL062024,2024091106,24,80,8,51.9,6.53,16
AL052023,2023071918,24,40,8,47.6,2.20,5
AL082024,2024091512,72,,8,19.1,11.36,30
AL042025,2025080618,48,45,8,44.5,5.58,17
AL032024,2024062900,24,,6,31.7,1.86,5
AL152023,2023091200,72,,8,45.1,13.50,33
AL132025,2025102812,72,155,8,77.9,19.68,68
AL112024,2024093018,24,30,8,31.2,4.10,13
AL102024,2024092606,48,45,6,61.2,3.37,8
AL052024,2024081500,72,70,7,86.1,9.04,25
AL182023,2023092900,48,35,8,36.8,8.41,21
AL132023,2023091418,72,75,8,30.6,6.39,19
AL102023,2023082618,72,25,8,73.2,23.18,63
AL082023,2023082106,48,45,8,51.1,6.53,19
AL042023,2023062012,72,,8,49.8,11.17,28
AL202023,2023101118,24,,7,30.0,5.07,14
AL132024,2024100218,24,30,8,48.1,6.27,20
AL132023,2023090618,48,65,8,101.2,14.03,43
AL122025,2025101400,72,50,7,53.4,22.39,61
AL072023,2023081812,24,,7,31.3,2.63,6
AL052025,2025081506,48,60,8,98.2,10.85,31
AL122023,2023090418,48,30,6,25.8,3.71,9
AL042024,2024080118,24,,6,30.7,1.37,4
AL042025,2025080700,48,45,8,40.9,4.32,13
AL052025,2025081112,24,40,8,48.9,6.64,17
AL162023,2023092118,24,30,8,45.8,4.23,12
AL152023,2023091706,48,45,8,83.4,8.94,24
AL102025,2025100818,48,50,8,61.8,14.29,45
AL102023,2023090212,72,50,8,38.6,9.32,26
AL082025,2025092812,48,130,8,101.6,5.63,16
AL202023,2023102412,24,65,8,75.1,6.03,17
AL142023,2023091506,48,60,8,43.0,3.51,10
AL112023,2023083012,48,30,8,31.8,2.92,8
AL102023,2023082700,72,30,8,69.4,13.38,45
AL082023,2023082700,24,75,8,93.6,8.52,26
AL072025,2025092200,72,65,8,75.8,13.79,40
AL062024,2024091206,72,45,6,12.8,4.67,12
AL032023,2023062318,48,45,8,31.0,3.16,10
AL052024,2024081006,24,,6,25.8,3.66,9
AL172023,2023093006,24,45,8,56.9,6.29,18
AL122024,2024100100,24,50,8,65.9,7.04,20
AL032025,2025070518,48,40,6,21.7,7.87,21
AL192023,2023101418,24,30,8,27.5,3.70,9
AL202023,2023101218,72,,8,30.4,8.43,28
AL152023,2023092000,24,85,8,80.4,3.78,9
AL132024,2024100318,72,45,8,82.6,10.06,30
AL102025,2025101112,24,45,7,46.1,5.27,17
AL072023,2023081912,72,,8,23.9,3.09,9
AL022023,2023060206,24,30,8,28.1,1.89,6
AL132025,2025103006,24,85,8,80.9,6.79,19
AL122024,2024100118,72,65,8,100.6,12.29,37
AL022024,2024070818,48,50,6,31.3,2.42,6
AL052025,2025081212,72,40,8,62.8,18.96,52
AL042024,2024080218,72,25,7,38.3,4.68,13
AL052023,2023072212,48,50,8,33.8,4.68,13
AL182024,2024110618,48,100,8,87.0,14.70,39
AL162023,2023092218,72,55,6,29.3,3.33,10
AL152024,2024101818,48,30,8,31.6,2.83,7
AL052023,2023071512,24,40,7,36.7,3.90,10
AL032025,2025070600,48,40,6,24.8,11.58,32
AL202023,2023102512,72,90,8,47.9,6.47,22
AL162024,2024101018,24,,8,28.2,3.99,12
AL152023,2023092018,72,80,6,48.5,9.95,28
AL082023,2023082800,72,85,8,90.8,13.12,35
AL022024,2024063006,48,80,7,106.7,7.65,24
AL202023,2023101712,48,,8,56.9,9.83,27
AL132024,2024100812,48,60,8,57.0,4.47,15
AL112023,2023082412,72,,6,29.0,8.25,21
AL052024,2024081106,72,,7,65.9,10.12,26
AL192024,2024111506,48,40,7,47.9,13.80,36
AL182023,2023092506,48,,8,32.5,5.66,17
AL132023,2023091012,72,95,8,97.4,15.17,44
AL122024,2024100200,72,65,8,103.2,9.00,29
AL042024,2024080712,48,50,8,30.0,2.98,9
AL172023,2023092306,48,,7,43.7,10.19,29
AL152024,2024101900,48,30,6,30.7,3.33,9
AL122025,2025101418,48,35,7,29.7,5.31,16
AL152023,2023092100,72,80,6,51.7,9.50,26
AL082024,2024091612,48,45,8,18.2,7.61,18
AL152023,2023091300,48,,8,34.8,6.58,22
AL132025,2025103106,72,80,6,42.2,9.11,25
AL132025,2025102912,48,90,8,75.2,7.74,24
AL112023,2023082918,48,30,8,32.0,6.39,16
AL082025,2025092418,48,35,6,52.3,7.81,21
AL052024,2024081600,48,85,7,74.3,5.82,15
AL202023,2023102018,24,65,8,70.6,7.19,24
AL132023,2023091518,48,70,7,32.6,6.29,17
AL102023,2023082718,48,35,8,73.1,11.09,28
AL082023,2023082306,24,45,8,43.6,3.46,12
AL032023,2023061800,72,,8,68.8,16.18,49
AL052023,2023071612,72,30,8,33.6,4.03,13
AL042023,2023062112,48,,8,39.8,4.03,14
AL162024,2024101118,72,,8,29.0,9.37,24
AL132023,2023090818,24,130,8,116.5,13.66,46
AL122025,2025101500,48,35,6,31.8,6.05,15
AL072023,2023082106,24,35,8,28.4,2.83,9
AL122023,2023090106,48,,6,29.7,3.27,9
AL192023,2023101012,24,,8,37.2,11.63,31
AL152023,2023091906,24,75,8,81.4,7.21,24
AL072024,2024091506,48,35,8,29.8,6.25,18
AL142023,2023091706,24,35,8,28.8,1.67,5
AL102023,2023082800,48,45,8,83.5,5.50,14
AL072025,2025092300,48,120,8,94.5,5.24,15
AL202023,2023102118,72,75,8,90.2,9.45,23
AL082023,2023082406,72,45,8,64.1,12.89,36
AL202023,2023101318,48,,8,28.2,4.13,13
AL132025,2025102012,72,,8,53.9,8.32,23
AL132024,2024100418,48,60,8,63.9,9.26,26
AL132023,2023090918,72,100,8,113.6,8.81,23
AL052025,2025082112,72,90,7,43.3,24.42,71
AL122024,2024100218,48,80,8,99.6,14.62,43
AL052025,2025081312,48,40,8,61.1,9.79,23
AL062023,2023081812,48,,8,26.2,4.33,11
AL042024,2024080318,48,30,8,43.6,5.45,15
AL192023,2023101112,72,35,7,32.1,6.52,17
AL182024,2024110818,24,90,8,59.2,10.87,30
AL162023,2023092318,48,40,8,30.4,4.31,13
AL092025,2025093012,72,70,8,59.2,5.23,14
AL202023,2023102612,48,,8,51.9,8.90,28
AL152023,2023092118,48,70,6,52.2,6.21,18
AL112024,2024092600,24,,8,39.9,10.60,30
AL082023,2023082900,48,130,7,100.1,6.89,17
AL202023,2023101400,48,,8,31.2,4.83,17
AL142023,2023091312,48,80,8,66.0,7.25,16
AL132025,2025102518,48,75,8,99.0,21.71,65
AL112023,2023082512,48,,6,28.8,9.17,26
AL092023,2023082100,24,,7,37.3,2.56,8
AL062025,2025082200,48,,7,52.4,4.39,12
AL052024,2024081206,48,25,7,46.3,9.23,29
AL192024,2024111706,24,35,8,26.1,1.81,4
AL182023,2023092706,24,,7,37.9,3.13,9
AL142023,2023090612,24,,7,25.1,7.60,18
AL132023,2023091112,48,105,7,101.3,14.43,41
AL122024,2024100300,48,105,8,113.1,9.16,27
AL052023,2023071218,72,,8,39.8,5.65,15
AL062023,2023082118,24,25,6,21.8,4.17,13
AL192023,2023100918,24,,8,42.9,4.58,14
AL152023,2023092200,48,65,6,49.2,6.18,18
AL092025,2025092818,24,35,8,51.9,4.26,13
AL172023,2023100612,48,45,7,43.1,6.82,17
AL152023,2023091500,24,,8,37.2,5.85,17
AL102025,2025100612,24,,8,42.0,5.66,17
AL082025,2025092618,24,95,8,117.8,10.14,28
AL072024,2024091100,48,,8,37.1,5.14,18
AL062025,2025082806,24,40,7,34.0,2.31,7
AL182024,2024110918,72,45,8,28.9,2.90,9
AL162024,2024102018,72,70,8,35.0,10.58,31
AL052023,2023071300,72,,8,39.0,4.60,13
AL032023,2023061900,48,,7,59.4,12.38,33
AL042023,2023062312,24,45,8,49.8,5.15,13
AL162024,2024101218,48,,8,25.1,5.74,18
AL112024,2024092700,72,,6,53.2,16.85,45
AL122023,2023090306,24,35,8,25.6,1.77,5
AL182023,2023092806,72,,8,41.6,11.34,32
AL142023,2023090712,72,30,8,61.4,12.30,39
AL112023,2023090106,24,50,7,63.1,12.50,32
AL082025,2025092700,24,120,8,132.5,7.91,17
AL082023,2023082000,72,,8,44.8,12.08,35
AL072024,2024091706,24,30,7,30.0,6.56,16
AL072025,2025092500,24,75,8,59.8,5.92,19
AL092025,2025092918,72,55,8,68.1,7.72,21
AL052023,2023072018,24,45,8,47.8,4.68,12
AL042025,2025080606,72,40,8,38.2,5.23,17
AL022024,2024070100,48,115,7,99.1,13.70,38
AL182024,2024110412,24,30,8,41.9,2.90,9
AL152023,2023091600,72,30,8,82.8,18.72,48
AL102025,2025100712,72,40,8,74.4,23.13,70
AL082025,2025092718,72,135,8,93.9,8.48,27
AL032024,2024063000,24,,7,38.9,3.02,7
AL202023,2023102218,48,70,8,68.1,8.53,26
AL102024,2024092612,24,45,8,52.1,6.92,19
AL082023,2023082506,48,50,8,62.1,8.49,27
AL042023,2023062412,72,50,7,47.4,9.86,28
AL202023,2023101518,24,,7,24.3,4.31,12
AL182023,2023093000,48,45,8,29.9,6.77,20
AL132025,2025102112,48,45,8,53.8,12.70,33
AL132024,2024100618,24,80,8,61.5,12.11,35
AL112023,2023082118,48,,6,28.5,14.38,42
AL052025,2025082212,48,80,7,52.3,18.73,55
AL122023,2023090406,72,30,6,24.5,4.51,13
AL042024,2024080518,24,50,8,37.5,6.19,16
AL052025,2025081512,24,65,8,87.9,8.06,24
AL022024,2024070706,24,50,7,58.6,3.31,9
AL082025,2025092800,72,140,7,92.4,11.39,35
AL072024,2024091806,72,,7,38.1,5.93,17
AL202023,2023102812,24,45,8,38.6,4.98,15
AL172024,2024110306,24,45,8,38.6,3.16,8
AL092025,2025092412,24,,6,26.7,1.51,4
AL202023,2023101600,24,,7,26.6,3.36,10
AL152023,2023091106,24,,8,28.2,3.06,10
AL142023,2023091512,24,55,8,48.9,2.59,8
AL132025,2025102718,24,150,8,117.0,11.93,36
AL062025,2025082400,24,35,8,44.4,3.62,10
AL052024,2024081406,24,60,8,77.1,9.16,27
AL052023,2023072118,72,50,8,33.6,3.78,11
AL182024,2024110512,72,50,8,65.4,16.78,50
AL132023,2023091312,24,100,8,89.5,6.72,18
AL122024,2024100500,24,115,8,104.6,3.11,9
AL032025,2025070506,72,30,6,25.3,8.36,18
AL052023,2023071318,48,,8,41.5,8.05,25
AL122025,2025101306,24,40,7,39.6,2.99,9
AL102024,2024092712,72,65,8,50.6,4.31,15
AL202023,2023101618,72,,7,59.7,10.16,27
AL132024,2024100718,72,70,8,49.8,5.50,18
AL102023,2023090118,24,45,8,51.9,5.89,18
AL072024,2024091300,24,30,8,29.8,2.31,8
AL072023,2023082012,72,45,6,31.5,5.09,13
AL052025,2025081612,72,130,8,118.8,12.56,39
AL022024,2024070806,72,70,7,27.3,4.39,13
AL062023,2023090306,24,50,8,47.6,2.62,8
AL042024,2024080618,72,35,8,29.0,4.11,11
AL012024,2024061818,24,35,7,38.6,2.30,7
AL162024,2024102118,48,35,8,41.6,11.99,36
AL102023,2023082606,24,,7,26.1,4.98,15
AL072025,2025092106,24,55,8,69.6,5.15,13
AL052023,2023071400,48,,8,40.9,4.91,14
AL162024,2024101418,24,,8,27.5,3.78,10
AL092025,2025092512,72,,6,44.3,8.89,25
AL082024,2024091518,72,40,7,17.3,8.79,20
AL032024,2024062906,24,,7,34.3,5.41,16
AL202023,2023101700,72,,6,55.5,11.20,33
AL152023,2023091206,72,,6,46.5,16.00,38
AL142023,2023091612,72,45,8,38.4,7.85,22
AL132025,2025102818,72,145,8,73.2,15.86,56
AL052024,2024081506,72,75,7,81.9,8.03,24
AL182023,2023092906,48,40,8,38.0,8.25,25
AL142023,2023090812,48,35,8,56.0,10.85,33
AL132023,2023091412,72,80,8,34.0,6.37,18
AL122024,2024100600,72,100,7,43.0,12.87,40
AL082023,2023082100,48,40,7,46.9,5.98,19
AL042024,2024080700,72,35,8,27.6,4.21,13
AL012024,2024061900,24,35,7,39.7,2.98,10
AL052024,2024081012,48,,7,38.0,12.19,35
AL042023,2023062018,72,,8,43.1,12.43,37
AL172023,2023093012,48,45,8,58.4,10.17,30
AL122025,2025101406,72,50,7,35.1,9.67,26
AL072023,2023081818,24,,7,34.1,4.85,12
AL172023,2023092312,24,30,8,33.0,4.69,14
AL162024,2024101500,24,,8,28.0,3.07,9
AL082024,2024091600,72,40,8,14.2,8.99,22
AL022024,2024070300,24,130,7,94.3,13.60,36
AL052025,2025081118,24,40,8,51.4,5.26,15
AL152023,2023091700,48,35,8,72.1,11.81,32
AL102025,2025100812,48,50,8,59.9,20.04,55
AL102023,2023090218,72,50,8,39.6,10.62,25
AL082025,2025092818,48,125,8,92.4,8.52,24
AL072024,2024091400,72,40,8,27.9,12.14,30
AL022023,2023060212,48,30,7,24.1,6.82,17
AL202023,2023102418,24,65,8,71.5,6.07,19
AL132025,2025103012,48,90,8,56.4,6.21,18
AL112023,2023083018,48,30,8,41.2,11.79,31
AL102023,2023082706,72,30,8,74.1,14.83,42
AL082023,2023082706,24,75,8,92.9,8.90,25
AL072025,2025092206,72,75,8,76.9,8.61,25
AL132025,2025102312,24,40,8,41.2,5.82,19
AL122024,2024100106,24,50,8,65.8,8.17,26
AL142024,2024100512,72,30,8,86.2,23.68,65
AL082025,2025092900,48,120,6,85.8,7.60,19
AL152023,2023092006,24,85,8,76.9,7.74,24
AL102025,2025101118,24,40,7,40.1,4.53,13
AL072023,2023081918,72,,8,23.9,5.41,18
AL172023,2023100418,24,35,8,39.8,11.41,38
AL172023,2023092412,72,45,8,48.6,8.96,27
AL052025,2025081218,72,40,8,82.6,17.13,51
AL032023,2023062406,48,40,6,28.0,4.47,11
AL052023,2023072218,48,65,8,34.6,5.04,13
AL022024,2024070400,72,115,6,56.0,7.87,22
AL032025,2025070606,48,50,6,32.5,2.66,7
AL032023,2023061706,24,,7,26.9,4.78,12
AL052023,2023071518,24,35,8,33.4,3.02,10
AL202023,2023102518,72,85,8,50.5,12.02,35
AL102024,2024092812,48,90,7,50.4,4.08,12
AL092025,2025100112,24,80,8,78.4,10.51,28
AL082023,2023082806,72,100,8,89.4,5.26,15
AL202023,2023101306,72,,8,34.1,9.72,26
AL142023,2023091218,72,70,8,60.8,5.23,15
AL132025,2025102412,72,40,8,86.2,15.57,46
AL132024,2024100818,48,65,8,57.0,4.21,12
AL112023,2023082418,72,,6,33.8,5.04,13
AL172023,2023092918,48,45,8,67.4,14.62,45
AL132023,2023091018,72,105,8,96.9,15.70,46
AL122024,2024100206,72,70,8,102.9,8.34,29
AL042024,2024080718,48,50,8,31.5,3.02,8
AL052025,2025081712,48,110,8,112.9,7.62,20
AL062023,2023081800,72,,7,29.1,6.18,18
AL152024,2024101906,48,35,6,31.3,4.97,14
AL012025,2025062300,24,,8,29.2,4.62,13
AL052023,2023071600,24,35,8,31.8,1.98,7
AL202023,2023102600,72,80,8,41.0,8.09,26
AL152023,2023092106,72,75,6,47.8,10.25,27
AL092025,2025092612,48,,8,41.8,17.79,58
AL082024,2024091618,48,35,6,9.7,3.98,10
AL222023,2023111612,48,,8,45.9,9.54,31
AL212023,2023102212,24,,6,44.8,8.42,23
AL202023,2023101800,48,,8,65.5,13.20,44
AL172023,2023100518,72,45,7,35.7,3.20,8
AL152023,2023091306,48,,8,36.5,7.78,20
AL142023,2023091712,48,35,7,34.3,6.97,19
AL132025,2025102918,48,80,8,64.9,8.51,24
AL082023,2023083000,48,100,8,75.4,5.01,13
AL132024,2024101112,24,45,8,40.0,4.17,12
AL132023,2023091100,72,105,8,96.4,17.53,46
AL122024,2024100700,48,70,6,39.7,14.04,35
AL032023,2023061806,72,,8,72.0,17.71,50
AL052024,2024081212,24,25,7,33.4,4.35,14
AL042023,2023062118,48,25,8,43.8,6.73,15
AL042024,2024080800,48,50,8,27.6,8.00,24
AL092025,2025100212,72,70,7,36.9,11.19,30
AL052025,2025082018,24,95,8,89.4,9.90,26
AL122023,2023090100,48,,6,35.0,4.56,13
AL192023,2023101018,24,,8,33.4,5.32,18
AL082025,2025092506,48,40,8,64.5,8.12,25
AL072024,2024091500,48,35,8,26.5,6.02,18
AL102023,2023082806,48,55,8,92.0,9.23,23
AL072025,2025092306,48,120,8,91.9,5.14,12
AL062023,2023090112,24,30,6,29.8,1.94,5
AL052023,2023071700,72,30,8,39.1,9.23,29
AL182024,2024111018,72,30,6,21.7,6.09,17
AL122024,2024093000,72,30,7,83.4,14.82,40
AL032023,2023062000,48,35,8,65.5,12.22,38
AL212023,2023102312,72,,8,33.1,11.39,34
AL192023,2023101100,24,30,7,34.3,4.72,12
AL142024,2024100612,48,50,8,106.5,26.87,87
AL132024,2024101212,72,45,8,30.0,6.68,24
AL052024,2024081312,72,40,8,85.4,9.68,26
AL192024,2024111712,48,35,6,27.8,5.78,15
AL182023,2023092712,48,,8,54.2,6.04,19
AL132025,2025102018,72,,8,59.0,12.01,40
AL052025,2025082118,72,85,6,47.0,18.11,48
AL172023,2023092512,48,45,8,40.8,2.96,9
AL102023,2023083100,24,55,8,47.2,7.30,23
AL022024,2024070500,48,95,6,52.5,8.34,22
AL052025,2025081318,48,45,8,80.9,16.69,45
AL182024,2024110300,48,,8,38.6,6.95,21
AL092025,2025093018,72,75,8,58.2,6.48,19
AL052023,2023071206,24,,8,32.8,10.05,31
AL112024,2024092606,24,,8,37.5,8.67,26
AL082023,2023082906,48,120,8,91.2,5.01,15
AL202023,2023101406,48,,8,35.0,9.10,28
AL172023,2023100112,72,45,7,55.7,11.80,35
AL142023,2023091318,48,80,8,63.6,8.28,20
AL132025,2025102512,48,60,8,92.5,19.03,50
AL112023,2023082518,48,,6,29.3,6.68,18
AL092023,2023082106,24,,7,37.1,3.76,11
AL062025,2025082206,48,,7,48.1,7.10,22
AL062024,2024091018,72,55,8,20.0,4.57,11
AL142023,2023090618,24,,8,23.8,12.44,38
AL132023,2023091118,48,100,8,99.8,16.26,55
AL122024,2024100306,48,105,8,107.9,8.43,25
AL092024,2024092718,48,30,7,11.3,8.06,25
AL072023,2023082312,24,,8,42.0,3.42,10
AL052025,2025081912,24,90,8,88.2,5.73,18
AL062023,2023081900,48,,7,32.7,5.44,15
AL192023,2023101200,72,30,8,27.1,6.29,19
AL202023,2023102700,48,,8,43.8,9.91,27
AL152023,2023092206,48,60,6,46.8,4.45,13
AL112023,2023090112,48,50,6,46.2,3.06,8
AL042025,2025080500,24,40,8,41.6,5.48,14
AL152023,2023091506,24,,8,41.8,4.46,14
AL122023,2023083012,24,,6,27.8,3.31,9
AL102025,2025100618,24,,8,48.1,7.68,25
AL072024,2024091106,48,,8,38.9,3.60,10
AL132023,2023091200,48,100,8,94.0,14.37,38
AL122024,2024092906,72,,7,70.4,7.61,23
AL062024,2024090812,24,,8,41.2,7.85,23
AL042023,2023062318,24,45,8,47.6,3.58,11
AL052023,2023071306,72,,8,36.0,3.93,12
AL032023,2023061906,48,,8,58.1,7.49,21
AL132023,2023090500,24,,8,42.6,8.98,24
AL082023,2023082612,72,65,8,109.4,11.70,35
AL142023,2023090718,72,35,8,64.9,7.99,27
AL102025,2025100700,24,,8,54.0,5.78,18
AL082025,2025092706,24,125,8,124.0,5.61,17
AL082023,2023082006,72,,8,48.2,12.16,39
AL072023,2023082412,72,,6,33.8,6.31,17
AL072025,2025092506,24,75,8,67.4,5.80,15
AL042023,2023062400,24,45,8,44.8,3.99,11
AL052023,2023071800,48,35,8,38.6,5.40,17
AL032023,2023062200,24,55,8,51.2,6.67,20
AL022024,2024070106,48,105,7,93.6,10.56,29
AL042025,2025080600,72,35,7,39.1,6.64,20
AL182024,2024110418,24,40,8,57.8,7.36,22
AL152023,2023091606,72,30,8,76.4,4.21,11
AL122023,2023083112,72,,6,32.0,7.24,21
AL102025,2025100718,72,45,8,77.4,28.25,69
AL032024,2024063006,24,,6,31.8,4.36,11
AL152023,2023091112,48,,8,32.1,15.82,51
AL142024,2024100812,24,130,8,113.4,8.14,25
AL142023,2023090800,72,35,8,62.9,10.33,32
AL102024,2024092618,24,45,8,58.8,6.84,21
AL062024,2024090912,72,45,8,35.8,4.03,12
AL052024,2024081412,48,60,8,89.1,6.56,17
AL042023,2023062418,72,50,6,52.2,4.45,12
AL182023,2023093006,48,45,8,29.0,7.80,24
AL182023,2023092912,24,40,8,38.0,4.28,12
AL132025,2025102118,48,45,8,57.2,13.68,45
AL132024,2024100100,48,,8,33.6,4.44,12
AL132023,2023090600,72,45,8,115.8,15.50,47
AL052025,2025082218,48,80,6,52.3,18.01,48
AL012024,2024062000,24,45,7,33.6,3.60,10
AL172023,2023092712,24,45,8,42.4,5.32,16
AL092024,2024092312,48,25,8,71.5,17.62,53
AL022024,2024070700,24,50,7,56.7,5.09,14
AL052025,2025081518,24,65,8,89.8,7.13,17
AL182024,2024110500,24,40,7,57.0,5.80,17
AL102025,2025100800,72,45,8,66.5,21.88,53
AL082025,2025092806,72,135,8,90.9,7.95,22
AL082023,2023090106,48,70,8,49.8,6.84,17
AL202023,2023102818,24,40,8,35.6,4.31,12
AL172024,2024110300,24,50,8,43.0,4.90,12
AL172023,2023100212,48,45,8,49.9,4.19,12
AL142023,2023091518,24,55,8,44.4,4.37,10
AL132025,2025102200,48,45,8,49.1,8.17,24
AL072025,2025092112,48,55,8,79.6,8.55,22
AL062025,2025082406,24,35,8,45.0,4.66,13
AL062024,2024091118,48,80,8,20.9,4.82,13
AL032023,2023062300,72,55,6,27.0,2.37,6
AL132023,2023091318,24,90,8,77.5,6.89,20
AL122024,2024100506,24,110,8,95.9,6.03,17
AL042024,2024080606,24,40,8,41.9,4.32,12
AL032024,2024062912,48,,7,31.4,5.26,14
AL192023,2023101300,48,40,8,29.6,3.70,10
AL142024,2024100912,72,135,7,42.6,10.31,31
AL102024,2024092718,72,75,8,47.6,4.66,14
AL022024,2024062712,48,,7,41.1,7.24,21
AL202023,2023102900,24,35,8,29.6,4.37,13
AL092025,2025092500,24,,6,25.7,3.50,10
AL082025,2025093000,48,105,7,71.7,7.39,19
AL082024,2024091506,24,,8,43.6,6.28,18
AL172023,2023092812,72,45,8,56.2,19.75,50
AL072024,2024091306,24,30,8,31.8,1.98,6
AL072023,2023082018,72,45,6,29.7,7.45,19
AL052025,2025081618,72,140,8,120.2,8.14,22
AL022025,2025062818,24,25,7,30.4,4.28,12
AL182024,2024110600,72,70,8,66.9,13.93,39
AL132023,2023091400,24,90,8,80.1,4.64,14
AL052023,2023071406,48,45,8,38.8,4.43,12
AL092025,2025092518,72,,8,53.0,7.50,25
AL142023,2023091618,72,45,8,37.1,7.28,19
AL082023,2023082712,48,85,8,109.2,9.02,23
AL142023,2023090818,48,35,8,53.8,8.86,24
AL122024,2024100606,72,95,6,45.8,8.57,25
AL012024,2024061906,24,35,7,40.7,5.22,17
AL052025,2025081700,72,125,8,112.4,13.06,37
AL022025,2025062900,24,25,6,27.2,2.86,6
AL052024,2024081018,48,,7,39.0,6.56,22
AL042024,2024080706,72,40,8,28.8,3.15,10
AL192024,2024111518,24,45,7,45.7,9.34,23
AL172023,2023093018,48,45,7,62.3,8.46,23
AL172023,2023092318,24,35,7,39.3,6.16,17
AL092025,2025092600,72,,8,49.1,9.05,23
AL082024,2024091606,72,40,7,15.6,8.79,20
AL022024,2024070306,24,125,7,96.7,9.52,26
AL222023,2023111600,72,,8,44.6,16.11,41
AL072024,2024091406,72,40,8,29.9,9.61,25
AL022023,2023060218,48,35,6,27.8,5.53,12
AL152023,2023091312,24,,8,33.5,4.78,14
AL142023,2023090900,48,35,8,56.9,7.22,20
AL132025,2025103018,48,90,7,54.7,6.18,17
AL132024,2024101000,48,90,8,48.2,5.04,16
AL052024,2024081612,24,85,7,69.7,8.94,23
AL202023,2023101200,24,,8,27.4,3.93,11
AL142023,2023091112,24,60,8,70.1,5.84,16
AL132025,2025102318,24,40,8,48.0,7.37,25
AL132024,2024100300,24,35,8,54.0,7.29,22
AL132023,2023090700,48,70,8,111.6,19.68,60
AL112024,2024092512,72,,8,45.0,12.82,34
AL092024,2024092512,24,60,8,92.2,8.00,25
AL042024,2024080200,24,,7,29.3,3.55,9
AL162023,2023092200,24,35,8,45.8,4.17,13
AL142024,2024100518,72,35,8,94.9,18.14,50
AL102025,2025100900,48,55,8,52.1,11.66,39
AL082025,2025092906,48,115,8,81.2,9.79,27
AL202023,2023102506,24,85,8,72.8,4.98,14
AL182023,2023092618,72,,8,71.9,13.84,39
AL172023,2023100412,24,40,8,43.8,3.15,8
AL172023,2023092418,72,45,8,49.0,7.23,22
AL132025,2025102400,24,40,8,51.1,7.92,24
AL112023,2023082406,24,,8,27.0,5.07,14
AL072025,2025092312,24,120,8,109.6,5.24,15
AL022024,2024070406,72,110,7,53.0,4.93,14
AL032023,2023062400,48,45,6,30.5,3.02,8
AL132023,2023091006,24,90,8,103.8,8.21,27
AL192023,2023101500,24,30,7,30.3,4.79,14
AL152023,2023091412,72,,7,56.3,11.28,33
AL102024,2024092818,48,85,7,46.4,3.74,11
AL092025,2025100118,24,85,8,72.1,6.58,19
AL052024,2024081712,72,70,7,47.4,3.31,10
AL022024,2024062912,24,55,7,75.0,10.86,27
AL202023,2023101300,72,,7,32.4,9.52,30
AL142023,2023091212,72,75,8,66.0,6.78,19
AL132025,2025102418,72,50,8,101.1,13.92,41
AL132024,2024100400,72,45,8,77.1,12.69,41
AL172023,2023092912,48,40,8,62.6,12.20,37
AL172023,2023092500,72,45,8,51.0,7.86,21
AL092024,2024092612,72,85,8,17.4,6.39,16
AL042024,2024080300,72,25,7,36.9,3.13,9
AL052025,2025081718,48,110,8,105.0,10.85,34
AL062023,2023081806,72,,7,28.9,4.60,14
AL182024,2024110700,48,90,8,78.2,12.97,44
AL052023,2023071606,24,35,8,32.1,2.17,6
AL012025,2025062306,24,,8,33.6,4.47,13
AL202023,2023102606,72,75,8,41.1,14.91,50
AL162024,2024101100,24,,8,32.5,5.55,14
AL092025,2025100200,24,85,8,66.9,4.58,15
AL092025,2025092618,48,30,8,54.2,7.17,25
AL222023,2023111618,48,30,8,47.0,16.66,50
AL212023,2023102218,24,,8,48.0,8.42,23
AL202023,2023101806,48,,8,67.1,19.84,61
AL132025,2025102500,72,55,8,98.1,21.72,72
AL132024,2024100906,48,70,8,51.8,4.56,14
AL082023,2023083006,48,95,8,68.8,3.85,13
AL082023,2023082912,24,115,7,98.9,9.03,22
AL072025,2025092412,72,95,7,45.9,5.84,18
AL132024,2024101118,24,45,8,45.0,5.50,14
AL132023,2023091106,72,105,8,93.6,14.54,39
AL122024,2024100706,48,65,6,37.5,13.13,32
AL072025,2025091612,48,,8,47.9,5.87,17
AL062025,2025082212,24,,7,36.3,5.77,17
AL052025,2025081800,48,110,8,104.4,11.13,36
AL042024,2024080806,48,45,8,31.2,3.65,10
AL052024,2024081218,24,35,8,47.4,8.58,26
AL132023,2023090306,48,,7,29.0,6.43,17
AL062023,2023082000,48,30,7,28.6,7.11,20
AL052025,2025082012,24,95,8,93.6,9.83,24
AL092025,2025092700,48,30,8,52.9,7.94,24
AL082025,2025092500,48,40,8,61.5,8.02,23
AL202023,2023102100,24,70,7,64.0,9.59,26
AL132024,2024101200,24,45,8,45.0,5.61,17
AL132023,2023091600,48,70,7,28.9,12.32,36
AL072024,2024091112,24,30,7,37.4,5.26,12
AL062023,2023090118,24,35,8,35.1,2.90,8
AL052023,2023071706,72,30,8,41.6,7.13,23
AL042023,2023062206,48,30,8,52.4,12.64,40
AL162024,2024101200,72,,8,30.1,10.99,30
AL132023,2023090900,24,105,8,94.5,10.42,32
AL122024,2024093006,72,30,8,87.8,11.65,40
AL032023,2023061912,24,30,8,42.4,5.48,15
AL032023,2023062006,48,35,8,59.9,17.32,48
AL112024,2024092612,48,,6,59.2,21.29,51
AL192023,2023101106,24,35,8,37.2,4.03,12
AL142024,2024100618,48,70,8,121.4,18.65,54
AL062025,2025082312,72,,8,48.2,8.15,24
AL052024,2024081318,72,50,8,91.8,10.93,32
AL192024,2024111718,48,30,6,28.2,3.87,10
AL182023,2023092718,48,,8,52.1,12.39,41
AL172023,2023100100,24,45,7,45.1,5.30,15
AL172023,2023092518,48,40,8,39.1,6.49,19
AL102023,2023083106,24,50,8,47.4,4.93,13
AL022024,2024070506,48,95,7,56.0,8.37,23
AL182024,2024110306,48,,8,45.1,8.54,23
AL022024,2024070112,24,115,7,117.0,9.83,25
AL202023,2023102200,72,75,8,69.4,12.32,43
AL152023,2023091512,48,30,7,55.7,11.61,34
AL142024,2024100700,48,75,6,103.8,19.15,54
AL072024,2024091212,72,30,8,29.2,8.24,23
AL052024,2024081812,48,60,7,47.1,2.67,7
AL172023,2023100118,72,45,7,46.6,7.70,23
AL132025,2025102106,72,,8,58.6,12.48,33
AL132024,2024100500,48,65,8,59.6,10.31,26
AL082023,2023082518,24,45,8,45.1,4.91,15
AL072025,2025092018,72,55,8,84.8,10.69,33
AL062024,2024091012,72,55,8,22.5,3.74,9
AL182023,2023093012,24,40,8,32.0,6.87,20
AL172023,2023092600,48,45,8,43.0,10.01,35
AL092024,2024092712,48,45,7,11.9,7.65,25
AL072023,2023082318,24,,8,39.8,2.25,7
AL052025,2025081918,24,90,8,90.0,7.58,21
AL062023,2023081906,48,,7,33.9,9.44,24
AL032024,2024062818,72,,7,30.7,6.02,18
AL042024,2024080400,48,40,8,46.9,9.30,25
AL192023,2023101206,72,30,7,24.9,7.99,25
AL182024,2024110900,24,65,8,39.6,8.33,23
AL162024,2024102000,24,75,8,66.2,17.64,47
AL162023,2023092400,48,30,6,29.5,9.85,29
AL042025,2025080506,24,35,8,37.0,6.37,20
AL172023,2023100200,72,45,7,56.4,8.16,21
AL132025,2025102600,48,90,8,99.6,17.79,49
AL122023,2023083018,24,,6,30.3,3.83,11
AL072025,2025092512,48,65,8,45.4,3.89,11
AL142023,2023090706,24,,7,39.3,2.21,6
AL132023,2023091206,48,100,8,89.8,12.60,39
AL072025,2025091812,24,45,8,40.5,3.51,12
AL072023,2023082400,24,,8,39.8,4.86,15
AL062024,2024090818,24,45,8,52.4,9.78,25
AL022024,2024070212,72,145,7,57.6,7.52,22
AL132023,2023090506,24,,8,48.1,7.41,24
AL062023,2023082200,24,25,7,20.7,4.35,12
AL142024,2024101012,72,70,6,26.3,6.89,18
AL092025,2025092900,24,35,8,53.2,4.56,15
AL082023,2023082618,72,75,8,105.2,9.21,29
AL102025,2025100706,24,,8,49.0,5.55,16
AL192024,2024111312,48,,8,51.4,12.79,42
AL062024,2024090900,24,45,8,55.8,8.45,22
AL042023,2023062406,24,50,8,48.8,6.52,19
AL052023,2023071806,48,35,8,41.8,3.81,10
AL162024,2024101300,48,,8,25.9,5.96,18
AL032023,2023062206,24,60,8,54.9,5.00,13
AL122023,2023083118,72,,6,35.5,8.14,25
AL112024,2024092812,24,45,7,36.0,3.87,9
AL152023,2023091118,48,,8,34.0,8.57,28
AL142024,2024100818,24,140,8,119.2,12.21,35
AL142023,2023090806,72,35,8,65.5,8.59,24
AL072025,2025091912,72,45,8,81.0,11.78,35
AL072023,2023082500,72,,6,28.5,9.57,24
AL062025,2025082412,48,35,8,37.1,3.83,10
AL062024,2024090918,72,50,8,31.2,3.24,9
AL052024,2024081418,48,65,7,91.1,6.41,19
AL182023,2023092918,24,40,8,36.9,6.15,17
AL132024,2024100106,48,,8,44.5,9.18,27
AL132023,2023090606,72,55,8,121.0,13.51,37
AL122024,2024100512,48,105,8,73.0,8.40,26
AL082023,2023082112,24,45,8,46.2,3.15,10
AL022025,2025063000,24,35,7,26.3,3.68,12
AL172023,2023092718,24,45,8,40.6,6.52,19
AL162024,2024101906,24,,7,32.7,3.68,12
AL092024,2024092318,48,30,8,80.5,21.76,63
AL052025,2025081000,48,,7,35.3,6.07,14
AL052023,2023072100,24,45,7,47.1,3.39,9
AL182024,2024110506,24,45,8,63.0,7.03,21
AL102025,2025100806,72,45,8,71.5,21.92,55
AL082023,2023090100,48,75,8,54.9,5.36,15
AL202023,2023102300,48,75,8,77.1,13.23,42
AL152023,2023091712,24,50,8,70.4,9.52,30
AL142024,2024100900,24,140,6,119.3,10.98,34
AL072024,2024091312,48,35,8,29.4,5.97,16
AL172023,2023100218,48,45,7,42.7,5.94,19
AL142023,2023091000,48,45,8,59.4,4.17,12
AL132025,2025102206,48,45,8,55.5,8.07,26
AL132024,2024100700,24,80,8,58.9,12.19,36
AL072025,2025092118,48,65,8,87.5,14.21,37
AL062024,2024091112,48,80,8,21.6,6.30,17
AL032023,2023062306,72,50,6,27.5,4.59,12
AL172023,2023092800,24,45,8,40.0,7.17,18
AL112024,2024092912,72,40,7,34.6,9.96,25
AL092024,2024092400,48,30,8,61.9,10.36,31
AL032024,2024062918,48,,7,27.3,3.45,9
AL052025,2025081606,24,90,8,110.8,6.25,19
AL042024,2024080600,24,40,8,38.2,6.04,16
AL192023,2023101306,48,40,8,30.8,5.12,15
AL142024,2024100918,72,115,7,31.0,11.49,34
AL022024,2024062718,48,,7,53.7,9.38,22
AL202023,2023102906,24,35,6,31.3,6.62,18
AL102025,2025101000,48,50,7,50.3,8.96,27
AL092025,2025092506,24,,8,29.2,3.45,9
AL082025,2025093006,48,90,8,55.2,7.32,24
AL082023,2023082212,72,45,8,51.1,6.69,21
AL172023,2023100300,48,45,6,44.5,3.51,10
AL172023,2023092818,72,40,8,58.6,18.75,48
AL132025,2025102800,24,150,8,112.2,16.28,47
AL052023,2023072200,72,50,7,31.6,2.82,7
AL182024,2024110606,72,75,8,68.8,22.56,59
AL132023,2023091406,24,85,8,78.1,4.52,14
AL022024,2024070312,48,125,7,62.1,8.13,21
AL022024,2024062800,48,,7,59.0,12.85,38
AL132024,2024100800,72,65,8,43.1,3.04,8
AL082023,2023082718,48,85,8,105.9,11.72,32
AL022024,2024063012,24,105,7,112.0,9.70,31
AL172023,2023092900,72,40,8,66.4,13.48,40
AL102023,2023090200,24,45,7,51.4,4.86,13
AL072025,2025091518,72,,7,55.1,11.42,34
AL052025,2025081706,72,110,8,106.1,6.71,17
AL022025,2025062906,24,30,6,27.2,2.48,6
AL192024,2024111512,24,45,8,49.4,10.14,29
AL182023,2023092512,24,,7,27.3,4.19,11
AL162024,2024102200,48,35,8,37.0,10.00,26
AL092025,2025092606,72,,8,52.9,11.89,38
AL132025,2025102900,72,110,8,61.8,13.98,44
AL102024,2024093000,48,55,6,39.2,2.93,7
AL042025,2025080312,24,,8,39.8,5.04,15
AL202023,2023101812,24,,8,49.1,6.15,18
AL152023,2023091318,24,,8,33.1,4.97,15
AL142023,2023090906,48,40,8,58.9,6.60,20
AL132024,2024101006,48,90,8,43.6,5.18,17
AL132023,2023091506,72,75,6,33.2,7.73,19
AL102023,2023083012,72,100,7,49.3,8.94,25
AL082023,2023083012,24,95,8,83.9,5.89,19
AL072025,2025091600,72,,6,51.0,12.95,37
AL062025,2025082612,24,35,7,34.4,3.60,11
AL042023,2023062100,72,,8,43.6,9.47,27
AL052024,2024081618,24,85,7,65.4,11.80,29
AL202023,2023101206,24,,8,25.1,3.56,10
AL142023,2023091118,24,65,8,74.4,7.19,21
AL132024,2024100306,24,35,8,52.8,4.27,13
AL132023,2023090706,48,70,7,116.4,14.30,40
AL122024,2024100712,24,65,6,49.7,6.25,16
AL072023,2023081900,24,,8,34.9,1.55,4
AL032023,2023061718,48,,8,46.1,9.42,25
AL172023,2023092406,24,40,8,40.6,7.71,21
AL112024,2024092518,72,,8,68.2,24.75,68
AL092024,2024092518,24,75,8,108.9,10.64,30
AL052025,2025081200,24,40,8,47.6,5.13,16
AL162023,2023092206,24,40,8,45.2,5.09,16
AL122023,2023090112,24,30,6,34.7,5.68,15
AL102025,2025100906,48,55,8,68.1,21.87,67
AL022023,2023060306,48,35,6,33.7,6.19,17
AL202023,2023102500,24,75,8,76.0,5.10,17
AL182023,2023092612,72,,8,68.9,10.89,29
AL112023,2023083100,48,30,6,51.5,14.65,35
AL072024,2024091512,24,35,8,31.4,4.44,14
AL042023,2023062606,48,,6,24.8,9.60,27
AL142023,2023091200,24,70,8,75.9,6.06,16
AL132025,2025102406,24,40,8,54.8,6.32,20
AL072025,2025092318,24,115,8,94.6,4.78,14
AL012025,2025062312,48,,8,28.0,2.33,6
AL132023,2023091000,24,95,8,106.6,5.97,19
AL092024,2024092600,24,75,7,92.1,5.30,14
AL042025,2025080412,72,40,8,43.6,11.34,29
AL032023,2023062012,24,35,8,43.9,3.68,10
AL202023,2023101912,72,50,8,71.8,15.54,40
AL192023,2023101506,24,30,8,28.9,4.16,13
AL152023,2023091418,72,,8,56.1,12.40,38
AL142024,2024100606,72,40,8,105.9,26.80,71
AL082023,2023083112,72,85,8,46.2,5.26,14
AL052024,2024081718,72,65,7,44.0,3.96,10
AL022024,2024062918,24,60,7,87.6,4.35,13
AL132024,2024100406,72,50,8,65.2,13.45,32
AL082023,2023082312,48,40,8,52.0,11.15,34
AL172023,2023100500,24,35,7,40.3,4.61,12
AL172023,2023092506,72,45,8,53.4,10.56,34
AL132023,2023090412,72,,7,80.1,16.66,42
AL092024,2024092618,72,105,8,20.1,6.22,15
AL052023,2023072300,48,65,8,34.0,3.07,8
AL052025,2025081300,72,40,8,66.9,15.26,39
AL042024,2024080306,72,25,8,34.9,6.24,20
AL182024,2024110706,48,90,8,68.0,19.09,52
AL162023,2023092306,72,60,6,35.5,5.89,17
AL122023,2023090212,72,45,8,30.8,8.68,20
AL022024,2024070512,24,80,7,56.0,4.62,12
AL162024,2024101106,24,,6,29.2,4.54,13
AL152023,2023091912,48,80,8,71.0,5.45,18
AL102024,2024092906,48,70,7,38.9,3.98,13
AL092025,2025100206,24,80,8,60.8,5.85,17
AL072024,2024091612,72,30,8,35.1,13.40,35
AL052024,2024081800,72,60,6,39.3,3.33,9
AL142023,2023091300,72,75,8,56.5,5.86,17
AL132025,2025102506,72,60,8,91.2,16.80,52
AL132024,2024100900,48,70,8,56.2,3.45,10
AL102023,2023082918,72,80,8,37.1,9.08,29
AL082023,2023082918,24,110,8,97.1,7.24,19
AL072025,2025092418,72,90,7,42.3,6.47,19
AL072025,2025091618,48,,8,47.2,8.41,25
AL062025,2025082218,24,,6,35.3,5.43,14
AL032023,2023062112,72,50,8,40.2,11.63,38
AL052025,2025081806,48,115,8,101.5,12.28,38
AL062023,2023081912,24,,8,29.6,3.29,8
AL062023,2023082006,48,30,6,25.7,4.46,13
AL182024,2024111000,24,40,8,32.5,2.39,7
AL092025,2025092706,48,30,8,57.1,6.94,23
AL222023,2023111706,48,30,7,36.7,12.66,34
AL212023,2023102306,24,,8,31.1,7.20,22
AL172023,2023100600,72,45,6,33.2,3.13,7
AL202023,2023102106,24,70,8,72.0,5.35,16
AL132024,2024101206,24,45,8,45.1,5.59,15
AL132023,2023091606,48,70,7,31.0,11.97,36
AL102023,2023083112,48,50,8,38.2,5.60,18
AL072025,2025091700,48,,8,42.5,6.41,16
AL072024,2024091118,24,30,8,38.2,5.12,13
AL022024,2024070612,72,50,7,31.3,3.04,9
AL042023,2023062200,48,,8,46.9,6.38,20
AL162024,2024101206,72,,8,31.4,11.22,32
AL132025,2025102000,24,,6,37.8,2.86,7
AL132023,2023090906,24,100,8,102.4,9.80,28
AL052025,2025082100,24,95,8,89.5,5.58,15
AL032023,2023061918,24,35,8,48.4,4.53,14
AL172024,2024110212,72,50,8,28.2,7.30,23
AL112024,2024092618,48,,6,48.3,8.52,26
AL152023,2023091012,72,,6,37.3,26.16,70
AL092025,2025093000,24,55,7,63.4,1.81,5
AL062025,2025082318,72,35,8,50.4,8.91,24
AL122024,2024100418,72,115,8,70.2,4.80,14
AL172023,2023100106,24,45,7,41.1,6.84,22
AL122025,2025101212,72,,7,33.4,18.46,55
AL062024,2024091000,24,55,8,72.1,10.11,31
AL052023,2023071812,24,35,8,34.5,2.27,8
AL042025,2025080512,48,35,8,46.4,12.26,35
AL022024,2024070118,24,130,7,123.7,8.83,22
AL202023,2023102206,72,75,7,87.6,8.72,25
AL152023,2023091518,48,30,8,58.0,12.90,41
AL142024,2024100706,48,90,8,115.9,24.17,64
AL072024,2024091218,72,30,8,28.4,7.09,22
AL052024,2024081818,48,65,7,43.3,2.50,8
AL132025,2025102100,72,,8,54.8,12.84,40
AL132024,2024100506,48,70,8,59.1,13.04,38
AL112023,2023082106,72,,6,46.3,21.76,58
AL082023,2023082512,24,45,8,49.0,3.82,8
AL072025,2025092012,72,45,8,79.5,10.21,33
AL052025,2025082200,72,85,7,39.3,19.46,51
AL182023,2023093018,24,40,7,30.1,3.53,10
AL172023,2023092606,48,45,8,45.5,10.13,29
AL132023,2023090512,48,30,8,64.2,6.36,19
AL092024,2024092306,72,,8,103.2,14.23,39
AL052025,2025081400,48,45,8,78.6,17.11,51
AL032024,2024062812,72,,7,31.4,5.65,17
AL042024,2024080406,48,45,8,40.8,4.50,14
AL182024,2024110906,24,55,8,37.8,1.67,6
AL162024,2024102006,24,70,8,45.0,13.35,38
AL122023,2023090312,48,35,8,25.4,3.78,12
AL072024,2024091712,48,30,7,40.6,8.83,23
AL052024,2024081900,48,70,6,43.7,3.14,8
AL172023,2023100206,72,45,8,58.0,13.95,43
AL142024,2024101000,24,105,8,70.1,14.73,46
AL142023,2023091400,48,75,8,59.4,7.89,20
AL132025,2025102606,48,110,8,101.2,21.02,49
AL072025,2025092518,48,60,8,41.4,3.46,10
AL062024,2024091100,72,65,6,20.5,5.58,14
AL052023,2023071912,72,35,8,44.4,6.37,18
AL142023,2023090700,24,,8,32.1,3.18,10
AL132025,2025101906,24,,7,30.9,2.79,8
AL072025,2025091818,24,45,8,44.8,3.20,9
AL072023,2023082406,24,,8,39.0,5.37,18
AL022024,2024070218,72,135,7,54.6,12.71,34
AL032023,2023062212,48,60,8,41.5,5.98,15
AL032025,2025070412,48,,7,28.0,3.70,11
AL022024,2024062706,72,,7,55.7,11.86,30
AL062023,2023082206,24,25,6,23.2,4.96,14
AL192023,2023101312,24,35,8,29.9,2.75,9
AL092025,2025092906,24,40,8,54.9,3.40,11
AL132024,2024100212,72,30,8,69.8,11.36,34
AL192024,2024111318,48,25,7,59.0,8.33,26
AL162024,2024102106,72,50,8,43.2,13.40,40
AL162024,2024101912,48,45,7,37.4,10.50,25
AL072025,2025091900,24,45,8,48.6,6.41,21
AL062024,2024090906,24,45,8,50.6,5.40,17
AL022024,2024070712,48,55,7,28.7,4.03,12
AL172024,2024110312,48,40,8,22.5,4.11,12
AL112024,2024092818,24,40,7,32.0,2.58,7
AL072025,2025091918,72,45,7,90.3,14.50,42
AL062025,2025082418,48,40,8,37.5,2.14,6
AL192024,2024111400,48,25,8,48.8,12.08,33
AL172023,2023093000,72,45,8,66.8,18.86,54
AL122024,2024100518,48,105,8,67.9,4.73,17
AL082023,2023082118,24,45,8,48.6,5.01,12
AL072023,2023081706,48,,6,39.5,9.99,30
AL172023,2023092200,48,,8,39.6,7.85,24
AL122025,2025101312,48,45,7,40.3,5.50,17
AL052023,2023072106,24,45,8,46.4,3.46,10
AL052025,2025081006,48,,8,34.2,9.59,26
AL112024,2024092900,24,40,7,33.9,6.12,18
AL042025,2025080712,24,50,8,51.8,4.33,13
AL202023,2023102306,48,70,8,82.0,8.65,27
AL152023,2023091718,24,55,8,82.0,8.14,27
AL142024,2024100906,24,140,8,95.9,13.29,41
AL132025,2025103000,72,80,6,54.8,10.36,31
AL102024,2024092700,24,50,8,60.2,3.11,9
AL072024,2024091318,48,35,8,27.8,7.13,21
AL142023,2023091006,48,45,8,66.0,7.93,26
AL132024,2024100706,24,80,8,58.6,10.86,28
AL102023,2023082612,48,,8,38.2,9.65,29
AL082023,2023082200,24,45,8,55.4,6.89,22
AL172023,2023092806,24,45,8,43.2,6.27,19
AL132023,2023090712,24,80,8,118.5,16.66,50
AL092024,2024092406,48,30,8,79.2,18.38,51
AL072023,2023082000,24,,6,41.5,8.55,22
AL052025,2025081600,24,75,8,98.5,8.73,24
AL152023,2023091800,24,60,8,82.8,6.63,18
AL102025,2025101006,48,45,7,45.0,6.35,20
AL102025,2025100912,24,55,8,54.5,7.73,27
AL082025,2025092918,24,120,8,89.0,10.82,28
AL082023,2023082218,72,35,8,49.0,17.47,53
AL172023,2023100306,48,45,6,43.5,2.43,6
AL142023,2023091600,24,55,7,41.7,5.25,13
AL132025,2025102806,24,150,8,107.2,17.00,45
AL062024,2024091200,48,70,8,20.5,5.04,14
AL052023,2023072206,72,50,8,28.9,3.60,11
AL022024,2024070318,48,120,7,53.0,8.29,25
AL042023,2023062006,24,,8,34.4,4.84,16
AL032023,2023062412,24,40,8,32.8,3.01,8
AL152023,2023091818,72,70,8,75.8,5.78,17
AL102024,2024092800,72,80,7,43.9,3.53,10
AL032025,2025070612,24,35,7,23.9,3.53,9
AL202023,2023102012,72,60,8,73.5,13.99,40
AL132024,2024100806,72,60,7,45.7,3.95,11
AL082023,2023082300,72,35,8,51.5,11.10,28
AL022024,2024063018,24,115,7,114.6,3.15,10
AL202023,2023101212,48,,8,26.5,4.60,15
AL172023,2023092906,72,40,8,58.9,14.23,46
AL132024,2024100312,48,40,8,67.5,9.10,23
AL132023,2023090812,72,135,8,118.8,15.96,50
AL102023,2023090206,24,50,8,48.5,5.90,20
AL182023,2023092518,24,,8,27.5,2.78,8
AL162024,2024102206,48,35,8,33.6,11.80,27
AL122024,2024100112,48,60,8,90.6,11.39,35
AL042024,2024080212,48,25,7,40.6,6.53,19
AL182024,2024110712,24,90,8,79.4,8.11,23
AL162023,2023092212,48,45,8,26.2,3.15,8
AL152024,2024101912,24,40,8,33.0,3.38,9
AL152023,2023091900,72,75,8,69.1,3.83,11
AL152023,2023092012,48,80,8,50.2,9.04,25
AL142023,2023091700,72,40,7,31.3,6.32,19
AL132025,2025102906,72,110,8,59.1,11.47,36
AL102024,2024093006,48,55,7,34.1,13.95,39
AL042025,2025080318,24,,8,46.4,5.53,15
AL202023,2023101818,24,35,8,46.4,5.37,14
AL102023,2023083018,72,65,8,42.8,13.90,40
AL082023,2023083018,24,90,8,76.8,4.43,13
AL072025,2025091606,72,,8,50.6,9.33,32
AL062025,2025082618,24,35,7,36.6,2.51,7
AL052024,2024081100,48,,8,42.5,9.68,31
AL042023,2023062106,72,,8,53.0,12.06,40
AL192024,2024111600,24,45,7,43.3,7.30,19
AL182023,2023092600,24,,8,32.6,2.88,9
AL072023,2023081906,24,,8,38.2,2.71,9
AL032023,2023061712,48,,6,37.5,9.57,22
AL172023,2023092400,24,35,8,35.8,6.23,18
AL132023,2023090318,24,,6,31.5,6.02,15
AL122025,2025101512,24,35,7,33.4,3.21,9
AL052025,2025081206,24,40,8,43.2,5.85,17
AL062023,2023082012,24,30,8,27.5,3.66,9
AL192023,2023100812,24,,8,32.5,2.88,8
AL122023,2023090118,24,30,8,32.2,4.27,13
AL022023,2023060300,48,35,6,29.2,6.37,14
AL182023,2023100100,48,35,7,32.9,10.07,25
AL132025,2025103100,48,85,6,53.0,8.79,21
AL082025,2025092512,24,40,8,52.5,7.03,22
AL072024,2024091518,24,30,8,26.6,3.25,11
AL062025,2025082700,24,40,7,40.0,4.08,13
AL052024,2024081706,24,80,7,65.3,8.73,24
AL182024,2024110812,72,95,7,37.0,10.13,26
AL142023,2023091206,24,75,8,75.1,8.98,24
AL132023,2023091612,24,65,6,39.3,3.44,9
AL102023,2023082812,24,55,7,65.7,4.68,15
AL162024,2024101112,48,,8,28.9,5.36,16
AL092024,2024092606,24,75,8,64.1,4.12,13
AL042025,2025080418,72,40,8,41.6,16.20,40
AL032023,2023062018,24,40,8,46.2,6.73,22
AL202023,2023101918,72,50,8,72.1,21.62,72
AL142024,2024100600,72,35,8,100.1,30.64,94
AL122023,2023090200,24,30,8,30.0,2.93,9
AL082023,2023083118,72,80,8,42.4,5.07,16
AL192024,2024111700,72,35,6,36.0,6.54,17
AL182023,2023092700,72,,8,65.9,11.36,34
AL082023,2023082318,48,35,8,47.9,13.67,38
AL072024,2024091600,24,30,8,27.8,3.92,12
AL172023,2023100506,24,35,8,41.6,5.97,18
AL132023,2023090418,72,,8,87.9,14.59,45
AL052025,2025081306,72,40,8,79.5,15.28,49
AL052023,2023072306,48,60,8,29.0,2.78,8
AL192023,2023100912,72,,8,53.2,14.44,43
AL122023,2023090218,72,50,8,32.2,8.60,24
AL092025,2025092812,72,30,8,68.5,5.42,15
AL022024,2024070518,24,60,7,45.0,7.79,24
AL152023,2023091918,48,85,8,71.2,6.41,20
AL102024,2024092900,48,75,7,41.4,3.60,11
AL082025,2025092612,72,75,8,115.6,12.20,37
AL072024,2024091618,72,30,8,40.0,12.93,36
AL052024,2024081806,72,60,6,35.5,3.21,9
AL202023,2023102112,48,75,8,81.1,15.11,46
AL142023,2023091306,72,75,8,55.2,8.17,20
AL102023,2023082912,72,70,8,39.5,8.33,25
AL082023,2023082400,48,40,7,58.6,4.65,13
AL202023,2023101412,24,,8,32.9,5.28,18
AL132024,2024100512,24,70,8,62.1,11.08,30
AL132023,2023090912,48,100,8,116.8,10.40,37
AL092024,2024092706,72,80,6,10.3,4.84,15
AL032023,2023062118,72,55,8,37.4,6.14,16
AL122024,2024100312,24,110,8,110.9,5.57,17
AL122023,2023090300,72,40,8,26.8,5.39,15
AL042024,2024080412,24,50,7,59.1,7.65,19
AL062023,2023081918,24,30,8,29.9,4.55,11
AL192023,2023101118,48,35,8,36.0,6.02,18
AL182024,2024111006,24,35,8,28.5,2.45,8
AL112023,2023090100,72,45,6,41.7,3.67,11
AL072024,2024091700,72,30,6,49.3,12.39,28
AL212023,2023102300,24,,6,41.0,10.71,27
AL172023,2023100606,72,45,7,32.1,2.91,8
AL052024,2024082000,48,75,6,34.5,7.97,22
AL132025,2025102612,24,120,8,121.8,6.61,23
AL102023,2023083118,48,55,8,43.2,5.39,14
AL072025,2025091706,48,30,8,43.2,7.83,23
AL052023,2023072012,72,45,8,41.9,6.27,20
AL022024,2024070618,72,50,7,27.7,3.25,7
AL052024,2024081300,24,35,7,50.4,9.59,25
AL132025,2025102006,24,,7,41.7,8.12,21
AL052023,2023071212,48,,8,43.1,8.63,25
AL052025,2025082106,24,90,8,84.6,3.20,8
AL172024,2024110218,72,55,8,27.6,5.10,16
AL032024,2024062718,24,,6,29.3,3.88,9
AL202023,2023101512,72,,7,46.0,14.97,37
AL132024,2024100612,72,80,8,46.6,11.95,29
AL092025,2025093006,24,55,8,61.1,3.09,9
AL092023,2023082112,48,25,8,23.2,5.63,14
AL192024,2024111306,72,,8,74.2,14.56,38
AL122024,2024100412,72,120,8,77.5,3.70,10
AL062023,2023090200,24,35,8,32.2,4.06,11
AL042024,2024080512,72,65,8,43.5,6.05,20
AL182024,2024110912,48,50,8,31.4,3.07,10
AL162024,2024102012,48,70,8,37.1,7.47,22
AL122025,2025101218,72,,7,33.9,13.84,39
AL072025,2025092000,24,45,8,57.8,11.80,39
AL062024,2024091006,24,55,8,73.6,4.21,12
AL052023,2023071818,24,35,8,38.4,3.42,9
AL112024,2024092706,48,,6,44.8,13.04,33
AL032024,2024062800,24,,7,33.3,5.28,13
AL042025,2025080518,48,35,8,50.4,17.08,47
AL132025,2025102712,72,140,8,81.8,12.86,41
AL052024,2024081400,72,55,8,97.2,7.91,24
AL192024,2024111800,48,25,6,34.0,6.81,18
AL182023,2023092800,48,,8,47.2,7.70,27
AL132024,2024100118,24,,8,39.6,4.14,13
AL132023,2023090518,48,35,8,71.9,6.60,17
AL122025,2025101300,72,,7,39.1,13.79,41
AL092024,2024092300,72,,7,70.0,11.22,33
AL052025,2025081406,48,45,8,80.4,6.86,21
AL062023,2023082212,48,25,6,19.8,3.06,8
AL122023,2023090318,48,35,8,26.4,2.77,9
AL092025,2025092912,48,50,8,73.4,2.45,7
AL052025,2025081012,24,,7,32.4,8.60,22
AL112024,2024093000,24,30,7,27.7,4.31,13
AL102023,2023090112,72,50,8,43.6,11.69,33
AL082025,2025092712,48,125,8,118.5,8.26,24
AL082023,2023090112,24,65,8,57.6,4.21,13
AL072024,2024091718,48,,8,38.2,6.88,19
AL052024,2024081906,48,75,6,41.3,4.13,11
AL202023,2023102312,24,70,8,68.6,9.02,29
AL142024,2024101006,24,80,8,59.2,6.52,18
AL142023,2023091406,48,65,8,54.6,5.76,18
AL102023,2023082600,72,,6,44.0,8.81,25
AL082023,2023082600,24,50,8,53.1,7.20,21
AL072025,2025092100,72,55,8,76.1,13.23,38
AL062024,2024091106,72,80,8,20.2,5.04,14
AL052023,2023071918,72,40,8,51.2,5.87,18
AL032023,2023062218,48,55,8,36.2,6.50,18
AL032024,2024062900,72,,6,26.5,4.32,12
AL122023,2023090400,48,30,6,25.3,3.39,10
AL032025,2025070418,48,30,8,29.5,2.78,7
AL192023,2023101318,24,35,8,29.8,1.83,5
AL112025,2025100906,24,,6,40.0,5.02,12
AL202023,2023101118,72,,7,31.0,13.82,36
AL132024,2024100218,72,30,8,79.2,11.31,33
AL122023,2023083100,24,,6,32.8,3.66,10
AL102025,2025101012,24,45,8,45.6,7.21,20
AL082025,2025093018,24,70,8,64.5,7.07,18
AL072023,2023081812,72,,7,31.9,8.84,26
AL162024,2024101918,48,70,8,54.0,27.21,74
AL072025,2025091906,24,45,8,51.4,6.16,15
AL052025,2025081112,72,40,8,67.9,16.33,45
AL052023,2023072112,48,45,8,45.5,3.07,8
AL022024,2024070718,48,55,7,25.9,2.48,6
AL182024,2024110518,48,55,8,74.5,5.42,17
AL162023,2023092118,72,30,8,22.2,5.97,16
AL032025,2025070500,48,30,8,25.6,4.98,13
AL052023,2023071412,24,40,8,43.1,2.36,8
AL202023,2023102412,72,65,8,48.0,8.49,25
AL172024,2024110318,48,40,8,24.5,4.50,11
AL082023,2023082700,72,75,8,105.1,14.64,47
AL202023,2023101612,48,,6,39.2,7.57,17
AL132024,2024100712,48,75,8,55.5,10.35,29
AL052024,2024081006,72,,6,45.2,18.49,50
AL192024,2024111406,48,30,8,47.6,12.45,34
AL172023,2023093006,72,45,8,77.6,22.15,65
AL122024,2024100100,72,50,8,98.9,11.08,34
AL022024,2024070800,48,60,7,23.7,2.93,7
AL042024,2024080612,48,40,8,42.6,4.81,13
AL162024,2024102212,24,35,8,45.8,9.25,26
AL152024,2024101800,48,,8,34.8,5.85,20
AL122025,2025101318,48,45,7,40.7,7.95,21
AL152023,2023092000,72,85,7,41.7,18.44,53
AL112024,2024092906,24,40,7,35.6,4.47,15
AL102025,2025101112,72,45,7,40.1,7.10,21
AL082024,2024091512,48,,8,27.2,12.08,32
AL022023,2023060206,72,30,6,30.2,13.09,36
AL152023,2023091200,48,,8,36.0,6.46,18
AL132025,2025103006,72,85,6,49.2,12.25,31
AL132025,2025102812,48,155,8,96.4,15.52,55
AL102024,2024092706,24,60,8,70.4,3.29,9
AL062025,2025082506,48,45,7,34.9,2.54,7
AL052024,2024081500,48,70,7,87.7,6.85,17
AL132023,2023091418,48,75,8,50.2,5.78,19
AL102023,2023082618,48,25,8,54.1,11.66,36
AL082023,2023082206,24,45,8,47.6,7.11,22
AL052023,2023071512,72,40,7,34.3,5.31,14
AL042023,2023062012,48,,8,37.0,5.66,19
AL162024,2024101018,72,,8,23.1,5.54,19
AL132023,2023090718,24,105,8,138.5,18.71,46
AL122025,2025101400,48,50,7,54.3,19.01,53
AL072023,2023082006,24,,6,37.5,5.79,16
AL152023,2023091806,24,70,8,81.2,11.16,34
AL102025,2025100918,24,55,8,49.6,6.32,20
AL102023,2023090212,48,50,8,42.6,8.31,25
AL082025,2025092912,24,125,8,92.8,11.49,34
AL142023,2023091606,24,55,8,40.5,3.63,10
AL112023,2023083112,24,40,8,41.9,3.23,9
AL102023,2023082700,48,30,8,55.6,9.83,34
AL072025,2025092200,48,65,8,86.1,12.16,38
AL062024,2024091206,48,45,8,14.6,7.91,19
AL032025,2025070618,24,25,8,23.2,2.60,7
AL202023,2023102018,72,65,8,75.4,12.78,37
AL082023,2023082306,72,45,8,58.4,15.21,43
AL202023,2023101218,48,,8,27.5,4.84,15
AL132024,2024100318,48,45,8,80.0,13.26,43
AL132023,2023090818,72,130,8,120.2,11.23,36
AL072023,2023082106,72,35,6,38.8,7.41,19
AL072023,2023081912,48,,8,29.9,2.90,8
AL122024,2024100118,48,65,8,94.2,8.60,24
AL052023,2023072312,24,55,8,36.5,3.55,10
AL042024,2024080218,48,25,7,44.6,8.66,20
AL052025,2025081212,48,40,8,45.6,14.03,41
AL192023,2023101012,72,,8,38.4,13.34,34
AL182024,2024110718,24,90,8,77.5,12.22,41
AL162023,2023092218,48,55,8,25.6,4.34,11
AL152024,2024101918,24,45,7,33.6,4.65,11
AL152023,2023091906,72,75,8,56.2,5.39,17
AL202023,2023102512,48,90,8,52.8,5.92,18
AL152023,2023092018,48,80,7,45.1,9.74,32
AL142023,2023091706,72,35,8,27.2,4.33,10
AL082023,2023082800,48,85,8,99.0,8.99,21
AL132024,2024100912,24,75,8,78.4,6.35,20
AL112023,2023082412,48,,6,26.2,5.85,15
AL052024,2024081106,48,,7,51.7,8.77,27
AL192024,2024111606,24,40,7,37.9,4.56,12
AL182023,2023092606,24,,8,33.6,6.12,18
AL132023,2023091012,48,95,8,108.4,12.37,31
AL122024,2024100200,48,65,8,95.2,9.32,23
AL042024,2024080812,24,40,8,27.0,4.81,15
AL132023,2023090312,24,,7,33.6,5.97,17
AL062023,2023082018,24,30,8,26.2,2.49,8
AL192023,2023100818,24,,8,32.1,4.67,15
AL152023,2023092100,48,80,7,42.3,18.80,57
AL092025,2025092718,24,30,8,45.1,3.14,9
AL222023,2023111718,24,30,7,28.9,2.79,8
AL182023,2023100106,48,35,6,31.5,8.53,22
AL172023,2023100512,48,45,6,51.7,4.37,13
AL152023,2023091400,24,,8,32.9,4.16,15
AL132025,2025103106,48,80,6,49.7,7.74,19
AL082025,2025092518,24,50,8,63.8,10.54,34
AL062025,2025082706,24,40,7,36.6,4.35,11
AL182024,2024110818,72,90,8,32.4,6.70,20
AL102023,2023082818,24,60,8,74.4,7.61,23
AL042023,2023062212,24,30,8,37.9,4.94,16
AL052023,2023071612,48,30,8,35.5,2.20,7
AL032023,2023061800,48,,8,49.8,11.26,37
AL162024,2024101118,48,,8,28.8,5.28,14
AL112024,2024092600,72,,8,65.2,20.84,61
AL192023,2023100900,24,,8,30.4,5.37,14
AL122023,2023090206,24,35,8,33.2,1.67,5
AL092023,2023082100,72,,7,22.9,7.43,23
AL182023,2023092706,72,,7,67.3,13.91,36
AL142023,2023090612,72,,6,42.8,11.43,32
AL082025,2025092600,24,55,8,64.0,7.91,20
AL072024,2024091606,24,25,8,22.1,4.02,13
AL102023,2023082900,24,60,7,77.6,9.57,31
AL072025,2025092400,24,110,7,81.0,10.97,30
AL192023,2023100918,72,,8,57.5,12.92,39
AL182024,2024111012,48,35,8,25.8,2.25,6
AL092025,2025092818,72,35,8,74.2,6.30,17
AL182024,2024110312,24,,8,34.6,2.39,6
AL152023,2023091500,72,,8,70.1,13.51,32
AL102025,2025100612,72,,8,69.1,27.06,74
AL082025,2025092618,72,95,8,109.5,8.86,24
AL202023,2023102118,48,75,8,86.1,6.73,18
AL102024,2024092512,24,,6,46.5,5.54,15
AL082023,2023082406,48,45,8,52.0,5.88,16
AL042023,2023062312,72,45,8,41.6,7.46,19
AL202023,2023101418,24,,8,32.6,4.31,14
AL132025,2025102012,48,,8,53.2,7.03,18
AL132024,2024100518,24,70,8,59.4,8.31,22
AL132023,2023090918,48,100,8,117.6,6.82,22
AL052025,2025082112,48,90,8,63.6,11.13,35
AL122024,2024100318,24,110,8,110.2,6.27,21
AL122023,2023090306,72,35,8,23.1,4.39,13
AL052025,2025081412,24,50,8,61.0,7.80,23
AL042024,2024080418,24,55,8,47.8,2.96,8
AL192023,2023101112,48,35,7,36.1,5.34,16
AL092025,2025093012,48,70,8,70.6,8.78,27
AL082025,2025092700,72,120,8,112.6,9.53,25
AL072024,2024091706,72,30,7,54.1,18.86,41
AL202023,2023102712,24,55,8,45.1,3.83,12
AL072025,2025092500,72,75,7,37.3,4.11,11
AL202023,2023101500,24,,8,26.0,2.62,9
AL142023,2023091412,24,70,8,65.4,5.40,18
AL132025,2025102618,24,120,8,120.8,7.34,22
AL062025,2025082300,24,,7,33.3,6.07,18
AL052023,2023072018,72,45,8,39.5,8.09,21
AL052024,2024081306,24,35,8,49.9,5.57,18
AL182024,2024110412,72,30,8,68.9,10.47,31
AL132023,2023091212,24,100,8,98.9,6.92,22
AL122024,2024100400,24,125,8,122.6,6.78,18
AL052023,2023071218,48,,8,39.2,11.89,36
AL102024,2024092612,72,45,8,59.2,5.37,14
AL202023,2023101518,72,,7,40.6,10.28,28
AL132024,2024100618,72,80,8,56.1,11.09,31
AL112025,2025101006,24,40,6,29.3,8.89,24
AL072024,2024091200,24,30,8,34.9,3.52,10
AL022024,2024070706,72,50,7,26.3,1.98,6
AL062023,2023090206,24,40,8,38.8,5.90,20
AL042024,2024080518,72,50,8,40.0,4.11,10
AL012024,2024061718,24,35,7,42.3,4.92,13
AL052025,2025081512,72,65,8,115.2,13.87,42
AL182024,2024110918,48,45,8,29.1,1.36,4
AL162024,2024102018,48,70,8,36.6,7.52,22
AL072025,2025092006,24,45,8,60.6,10.56,25
AL052023,2023071300,48,,8,42.9,7.66,23
AL202023,2023102812,72,45,7,24.7,11.01,31
AL172024,2024110306,72,45,6,18.0,2.76,7
AL162024,2024101318,24,,8,25.2,3.49,10
AL112024,2024092700,48,,6,58.0,24.80,54
AL152023,2023091106,72,,8,43.8,18.96,48
AL142023,2023091512,72,55,8,43.6,6.19,16
AL132025,2025102718,72,150,8,86.2,15.15,45
AL092023,2023082200,48,30,6,16.5,8.64,19
AL062025,2025082400,72,35,8,42.8,5.80,13
AL052024,2024081406,72,60,8,89.8,5.12,15
AL192024,2024111806,48,25,6,31.0,6.90,17
AL182023,2023092806,48,,8,50.9,11.80,35
AL142023,2023090712,48,30,8,50.6,7.93,23
AL132023,2023091312,72,100,8,62.2,5.55,18
AL122024,2024100500,72,115,8,66.2,5.44,17
AL082023,2023082000,48,,8,37.2,8.33,21
AL012024,2024061800,24,35,7,42.0,7.66,21
AL132024,2024100112,24,,8,32.4,5.24,15
AL122025,2025101306,72,40,7,44.3,17.87,54
AL172023,2023092212,24,,8,32.9,3.80,11
AL092025,2025092918,48,55,8,72.9,3.94,10
AL022024,2024070200,24,140,7,122.6,7.87,19
AL052025,2025081018,24,,8,29.2,4.03,11
AL042025,2025080606,48,40,8,52.4,9.90,30
AL152023,2023091600,48,30,8,64.1,14.02,44
AL112024,2024093006,24,30,8,30.4,4.37,12
AL102025,2025100712,48,40,8,68.8,17.38,54
AL102023,2023090118,72,45,8,45.0,11.96,33
AL082025,2025092718,48,135,8,120.6,5.97,17
AL082023,2023090118,24,70,6,57.2,4.96,13
AL072024,2024091300,72,30,8,23.8,9.10,24
AL202023,2023102318,24,65,8,71.0,6.89,22
AL102023,2023082606,72,,6,45.3,10.25,30
AL082023,2023082606,24,55,8,64.1,9.08,27
AL072025,2025092106,72,55,8,73.5,10.80,34
AL042023,2023062412,48,50,8,40.4,6.14,18
AL162024,2024101418,72,,6,44.3,14.98,41
AL132025,2025102212,24,45,8,46.5,7.75,26
AL112023,2023082218,24,,8,26.4,2.62,8
AL032024,2024062906,72,,7,24.9,8.99,24
AL122023,2023090406,48,30,6,25.5,2.74,8
AL082025,2025092800,48,140,7,117.6,6.08,19
AL072024,2024091806,48,,7,35.9,5.64,15
AL122023,2023083106,24,,6,34.2,3.19,7
AL102025,2025101018,24,45,7,48.3,2.21,5
AL082025,2025093012,24,75,8,67.0,7.71,22
AL072023,2023081818,72,,7,30.4,8.16,25
AL172023,2023092312,72,30,8,37.1,12.49,35
AL162024,2024101500,72,,7,43.6,13.58,40
AL052023,2023072118,48,50,8,47.5,3.51,8
AL022024,2024070300,72,130,7,55.6,6.35,17
AL052025,2025081118,72,40,8,84.5,15.96,51
AL182024,2024110512,48,50,8,72.5,6.39,21
AL052023,2023071418,24,40,8,39.1,2.64,7
AL032025,2025070506,48,30,8,23.9,6.29,16
AL202023,2023102418,72,65,8,47.2,6.41,19
AL102024,2024092712,48,65,8,64.8,5.75,20
AL082023,2023082706,72,75,8,98.2,8.17,21
AL202023,2023101618,48,,7,44.4,7.41,20
AL132025,2025102312,72,40,8,68.1,16.42,49
AL132024,2024100718,48,70,8,57.5,4.41,12
AL122024,2024100106,72,50,8,98.0,11.33,38
AL072023,2023082012,48,45,6,30.8,3.66,10
AL022024,2024070806,48,70,7,24.9,3.39,8
AL042024,2024080618,48,35,8,34.4,5.80,17
AL052025,2025081612,48,130,8,132.6,9.33,27
AL052023,2023071500,24,40,8,39.9,1.55,5
AL172024,2024110406,48,35,6,19.2,1.17,3
AL152023,2023092006,72,85,6,49.3,6.35,16
AL092025,2025092512,48,,6,32.7,5.82,13
AL082024,2024091518,48,40,8,20.9,7.20,19
AL202023,2023101700,48,,6,44.0,8.20,22
AL172023,2023100418,72,35,6,50.7,8.14,20
AL152023,2023091206,48,,6,35.8,8.11,23
AL142023,2023091612,48,45,8,32.5,3.66,9
AL132025,2025102818,48,145,8,93.5,12.66,41
AL062025,2025082500,48,45,8,36.5,4.17,12
AL052024,2024081506,48,75,7,87.4,4.50,13
AL142023,2023090912,24,40,8,49.0,4.96,13
AL132024,2024101012,24,85,8,54.1,5.36,17
AL132023,2023091412,48,80,8,60.2,4.17,14
AL122024,2024100600,48,100,8,60.6,5.85,18
AL052024,2024081112,24,,8,37.6,5.78,19
AL052023,2023071518,72,35,8,33.9,4.42,13
AL042023,2023062018,48,,8,38.1,9.64,27
AL042024,2024080700,48,35,8,30.6,6.12,17
AL032023,2023061706,72,,7,48.1,16.79,43
AL122025,2025101406,48,50,7,38.7,7.45,19
AL092025,2025100112,72,80,7,48.0,11.22,33
AL082024,2024091600,48,40,8,15.6,8.31,21
AL102023,2023090218,48,50,8,42.2,8.63,24
AL072024,2024091400,48,40,8,27.6,8.28,22
AL022023,2023060312,24,30,7,28.3,6.37,16
AL132025,2025103112,24,75,7,57.4,4.12,12
AL112023,2023083118,24,35,8,51.8,13.37,41
AL102023,2023082706,48,30,8,58.5,12.25,38
AL072025,2025092206,48,75,8,88.4,10.98,37
AL012025,2025062300,72,,7,27.6,5.97,15
AL052023,2023071600,72,35,8,30.9,2.64,8
AL162024,2024101518,48,,7,31.0,7.28,22
AL212023,2023102212,72,,6,27.7,3.88,11
AL192023,2023101000,24,,7,41.7,8.56,23
AL142024,2024100512,48,30,8,66.9,11.19,27
AL132024,2024101112,72,45,8,29.5,4.81,13
AL052024,2024081212,72,25,7,60.6,9.55,30
AL192024,2024111612,48,40,7,29.1,3.08,7
AL072023,2023081918,48,,8,26.6,4.47,12
AL052025,2025082018,72,95,8,58.2,8.41,27
AL172023,2023092412,48,45,8,43.2,8.60,20
AL162024,2024101600,48,,6,34.8,7.88,22
AL102023,2023083000,24,90,7,51.7,3.90,11
AL052023,2023072318,24,50,8,31.0,2.83,7
AL022024,2024070400,48,115,6,51.7,6.98,20
AL052025,2025081218,48,40,8,63.6,19.34,51
AL192023,2023101018,72,,8,34.8,8.68,25
AL202023,2023102518,48,85,8,51.0,6.93,18
AL102024,2024092912,24,65,7,48.1,1.86,5
AL082023,2023082806,48,100,8,98.8,8.45,26
AL062023,2023090112,72,30,6,31.5,7.56,16
AL202023,2023101306,48,,8,28.0,4.00,12
AL142023,2023091218,48,70,8,68.6,4.47,13
AL132025,2025102412,48,40,8,72.0,15.11,44
AL132024,2024100918,24,80,8,81.4,7.63,25
AL112023,2023082418,48,,6,31.0,4.60,12
AL142023,2023090518,24,,7,29.6,6.11,16
AL132023,2023091018,48,105,8,107.1,10.89,32
AL122024,2024100206,48,70,8,99.8,11.63,38
AL052025,2025081812,24,120,8,110.0,5.55,16
AL062023,2023081800,48,,7,27.7,5.79,19
AL042024,2024080818,24,35,7,30.1,1.07,2
AL192023,2023101100,72,30,7,38.1,11.68,29
AL202023,2023102600,48,80,8,48.9,5.62,17
AL152023,2023092106,48,75,6,49.7,4.59,11
AL092025,2025092712,24,30,8,43.1,3.68,10
AL042025,2025080400,24,40,7,45.4,3.91,13
AL222023,2023111712,24,30,7,30.1,3.80,9
AL202023,2023101900,24,35,8,45.8,12.23,41
AL172023,2023100518,48,45,7,52.4,5.35,17
AL152023,2023091406,24,,7,34.7,4.86,14
AL112023,2023082500,48,,6,31.3,4.27,12
AL102025,2025100518,24,,7,40.9,4.67,14
AL102023,2023083100,72,55,8,38.9,11.26,36
AL082023,2023083100,24,90,8,70.9,5.44,15
AL132023,2023091100,48,105,8,106.4,11.35,29
AL052023,2023071206,72,,8,42.9,9.11,22
AL032023,2023061806,48,,8,53.0,10.62,32
AL042023,2023062218,24,30,8,36.9,3.76,10
AL132023,2023090400,24,,6,33.2,2.48,7
AL112024,2024092606,72,,8,59.6,17.76,46
AL092025,2025100212,48,70,8,48.1,7.72,25
AL192023,2023100906,24,,8,32.5,5.24,15
AL092023,2023082106,72,,7,21.7,4.96,13
AL142023,2023090618,72,,6,46.5,12.47,31
AL102025,2025100600,24,,7,39.9,9.17,28
AL082025,2025092606,24,65,8,73.5,6.26,19
AL072023,2023082312,72,,8,54.2,7.59,24
AL052025,2025081912,72,90,8,85.9,9.26,27
AL102023,2023082906,24,65,8,87.8,9.04,21
AL072025,2025092406,24,100,8,72.1,8.15,21
AL012025,2025062400,48,,7,29.0,3.16,9
AL042023,2023062300,24,35,8,42.0,2.39,6
AL052023,2023071700,48,30,8,32.2,2.60,7
AL182024,2024111018,48,30,8,23.5,2.14,6
AL122024,2024093000,48,30,7,65.7,6.47,18
AL032023,2023062100,24,45,8,50.9,5.14,16
AL042025,2025080500,72,40,8,43.4,14.27,34
AL212023,2023102312,48,,8,26.1,3.94,12
AL182024,2024110318,24,30,8,43.6,4.93,13
AL152023,2023091506,72,,8,80.5,14.88,42
AL122023,2023083012,72,,6,31.0,7.75,20
AL102025,2025100618,72,,8,81.6,24.04,72
AL142024,2024100712,24,120,8,139.1,10.62,33
AL132024,2024101212,48,45,8,31.0,3.51,12
AL102024,2024092518,24,,6,46.3,5.68,16
AL062024,2024090812,72,,8,49.5,15.79,46
AL052024,2024081312,48,40,8,73.6,8.43,24
AL042023,2023062318,72,45,8,39.1,7.64,19
AL182023,2023092812,24,35,8,39.4,5.24,17
AL132025,2025102018,48,,8,56.6,11.26,33
AL132023,2023090500,72,,8,86.6,17.71,50
AL052025,2025082118,48,85,8,58.0,13.19,43
AL172023,2023092612,24,40,7,37.9,5.27,16
AL052025,2025081418,24,50,8,65.9,7.28,27
AL022024,2024070600,24,50,7,47.4,6.27,16
AL102025,2025100700,72,,8,77.6,27.78,67
AL092025,2025093018,48,75,8,71.2,12.50,44
AL082025,2025092706,72,125,8,100.0,7.60,23
AL202023,2023102718,24,55,8,41.9,2.85,8
AL172024,2024110200,24,,8,41.0,2.33,6
AL072025,2025092506,72,75,8,36.2,4.53,14
AL062023,2023090212,48,45,8,41.6,5.63,17
AL042023,2023062400,72,45,8,42.0,6.14,18
AL202023,2023101506,24,,8,29.6,3.74,11
AL172023,2023100112,48,45,7,51.9,11.61,32
AL142023,2023091418,24,70,8,65.6,4.14,13
AL062025,2025082306,24,,6,36.8,5.95,17
AL062024,2024091018,48,55,8,30.6,2.39,8
AL032023,2023062200,72,55,8,37.0,5.18,13
AL182024,2024110418,72,40,8,70.0,8.80,26
AL132023,2023091218,24,100,8,95.0,8.64,25
AL122024,2024100406,24,125,8,118.8,5.73,18
AL192023,2023101200,48,30,8,29.6,7.76,23
AL142024,2024100812,72,130,8,54.4,14.30,47
AL102024,2024092618,72,45,8,57.9,4.70,15
AL202023,2023102800,24,50,8,39.1,5.54,15
AL182023,2023092912,72,40,7,30.4,8.46,24
AL172023,2023092712,72,45,8,37.2,14.68,38
AL072024,2024091206,24,30,7,35.0,3.00,9
AL022024,2024070700,72,50,7,25.0,4.55,11
AL052025,2025081518,72,65,8,119.6,11.45,38
AL182024,2024110500,72,40,7,63.4,12.34,31
AL132023,2023091300,24,100,8,94.4,9.09,24
AL122024,2024092906,48,,7,52.3,6.21,14
AL052023,2023071306,48,,8,39.5,6.52,17
AL202023,2023102818,72,40,6,24.7,9.46,25
AL172024,2024110300,72,50,8,22.4,9.10,24
AL142023,2023091518,72,55,8,42.5,6.26,17
AL082023,2023082612,48,65,8,113.6,20.31,54
AL062025,2025082406,72,35,8,36.5,4.84,14
AL142023,2023090718,48,35,8,58.4,5.32,16
AL132023,2023091318,72,90,8,52.8,5.85,16
AL122024,2024100506,72,110,8,59.0,5.50,18
AL082023,2023082006,48,,8,48.8,10.77,31
AL072023,2023082412,48,,7,43.3,5.50,14
AL022025,2025062800,24,,7,28.6,2.70,8
AL042024,2024080606,72,40,8,33.1,6.88,21
AL012024,2024061806,24,35,7,39.3,5.15,15
AL052023,2023071900,24,35,7,37.9,2.61,8
AL172023,2023092218,24,,8,34.4,4.34,13
AL162024,2024101406,24,,8,26.1,3.64,9
AL092025,2025092500,72,,6,42.8,6.91,18
AL082024,2024091506,72,,8,19.9,9.26,23
AL042025,2025080600,48,35,8,52.9,14.79,45
AL022024,2024070206,24,145,7,119.4,5.00,15
AL152023,2023091606,48,30,8,56.9,6.29,18
AL122023,2023083112,48,,6,38.5,5.86,15
AL102025,2025100718,48,45,8,71.6,14.40,44
AL072024,2024091306,72,30,8,26.0,7.52,23
AL022025,2025062818,72,25,6,23.5,10.54,32
AL022023,2023060118,48,30,7,25.3,3.35,8
AL152023,2023091212,24,,6,31.2,2.23,6
AL142023,2023090800,48,35,8,56.2,7.81,27
AL132023,2023091400,72,90,8,48.0,4.87,16
AL062024,2024090912,48,45,8,73.1,12.72,36
AL042023,2023062418,48,50,8,42.8,7.15,21
AL052024,2024081512,24,75,7,89.9,3.72,11
AL142023,2023091012,24,45,7,53.1,2.27,7
AL132025,2025102218,24,45,8,44.8,5.99,20
AL132024,2024100200,24,,8,39.9,6.47,21
AL132023,2023090600,48,45,8,83.9,13.87,44
AL092024,2024092412,24,40,8,61.0,8.49,28
AL102025,2025100800,48,45,8,59.5,12.38,31
AL082025,2025092806,48,135,8,111.0,2.00,5
AL192024,2024111518,72,45,7,31.0,4.93,13
AL042023,2023062500,48,50,7,42.4,5.56,16
AL172023,2023100312,24,40,7,39.4,4.31,10
AL172023,2023092318,72,35,7,47.0,10.44,30
AL132025,2025102300,24,45,8,43.6,5.15,15
AL072025,2025092212,24,105,8,107.9,6.77,21
AL022024,2024070306,72,125,7,56.9,9.44,23
AL032023,2023062300,48,55,8,36.0,3.70,11
AL192023,2023101400,24,35,8,30.0,3.74,9
AL152023,2023091312,72,,8,50.8,16.88,44
AL142024,2024100912,48,135,8,58.0,19.84,71
AL102024,2024092718,48,75,8,62.8,5.28,15
AL052024,2024081612,72,85,7,77.3,10.39,31
AL022024,2024062812,24,,7,41.9,3.39,9
AL202023,2023101200,72,,8,29.2,9.02,29
AL142023,2023091112,72,60,8,71.0,9.83,27
AL132025,2025102318,72,40,8,87.6,32.31,86
AL132024,2024100300,72,35,8,81.6,10.42,36
AL172023,2023092812,48,45,8,48.2,12.24,35
AL092024,2024092512,72,60,8,23.6,4.69,12
AL072023,2023082018,48,45,6,29.3,3.67,10
AL042024,2024080200,72,,7,46.1,8.34,22
AL052025,2025081618,48,140,8,128.5,6.82,22
AL182024,2024110600,48,70,8,79.0,11.02,33
AL162023,2023092200,72,35,8,25.5,5.48,17
AL052023,2023071506,24,40,8,37.9,3.18,11
AL202023,2023102506,72,85,8,47.5,8.37,21
AL172024,2024110400,48,40,8,21.1,6.17,17
AL092025,2025100100,24,75,7,81.4,6.05,16
AL092025,2025092518,48,,8,38.1,4.45,14
AL172023,2023100412,72,40,8,54.4,4.60,14
AL142023,2023091618,48,45,8,32.1,3.98,12
AL132025,2025102400,72,40,8,93.8,21.66,62
AL112023,2023082406,72,,8,30.8,8.41,26
AL102024,2024093012,24,50,8,37.4,4.75,15
AL082023,2023082812,24,125,8,121.2,6.14,17
AL072025,2025092312,72,120,8,66.9,6.88,22
AL142023,2023090918,24,40,8,45.9,6.85,23
AL132024,2024101018,24,60,8,35.2,5.47,18
AL132023,2023091006,72,90,8,101.1,15.24,41
AL122024,2024100606,48,95,8,53.2,7.74,27
AL042024,2024080706,48,40,8,29.0,4.50,14
AL052024,2024081118,24,25,8,35.1,4.16,12
AL052025,2025081700,48,125,8,117.9,8.63,20
AL092025,2025100118,72,85,7,46.6,10.10,30
AL022024,2024062912,72,55,7,105.4,11.80,28
AL092025,2025092600,48,,8,36.0,5.04,16
AL082024,2024091606,48,40,8,15.8,7.87,19
AL222023,2023111600,48,,8,40.5,7.23,20
AL072024,2024091406,48,40,8,28.5,5.68,15
AL022023,2023060318,24,25,7,28.4,6.45,17
AL202023,2023102000,24,50,8,66.0,16.73,45
AL182023,2023100118,24,30,7,30.7,4.96,15
AL132024,2024101100,24,55,8,35.4,5.66,17
AL132023,2023091500,48,75,7,42.4,6.75,19
AL012025,2025062306,72,,8,29.8,2.31,7
AL052023,2023071606,72,35,8,31.6,3.16,9
AL162024,2024101100,72,,8,28.4,6.21,20
AL132023,2023090800,24,135,8,146.4,14.46,43
AL092025,2025100200,72,85,8,42.0,9.78,34
AL032023,2023061812,24,,8,38.2,3.24,9
AL212023,2023102218,72,,8,27.1,6.03,18
AL112024,2024092512,48,,8,39.5,5.76,17
AL082023,2023082912,72,115,7,72.6,6.85,18
AL192023,2023101006,24,,7,34.0,4.65,12
AL142024,2024100518,48,35,8,77.9,7.75,24
AL132024,2024101118,72,45,8,31.0,5.13,14
AL062025,2025082212,72,,7,58.0,8.77,24
AL052024,2024081218,72,35,8,77.6,17.68,54
AL192024,2024111618,48,40,7,30.0,3.06,9
AL182023,2023092618,48,,8,56.1,7.00,24
AL052025,2025082012,72,95,8,66.0,6.19,18
AL172023,2023092418,48,45,8,44.8,3.73,10
AL102023,2023083006,24,105,8,60.4,7.05,23
AL022024,2024070406,48,110,7,51.3,5.91,18
AL202023,2023102100,72,70,7,72.0,15.59,35
AL152023,2023091412,48,,7,43.9,6.67,20
AL132024,2024101200,72,45,8,30.8,5.80,17
AL102024,2024092918,24,60,7,44.7,1.38,4
AL072024,2024091112,72,30,7,42.0,13.13,33
AL052024,2024081712,48,70,7,66.0,5.26,13
AL062023,2023090118,72,35,8,37.5,6.59,18
AL202023,2023101300,48,,8,30.5,5.63,14
AL142023,2023091212,48,75,8,71.6,9.46,30
AL132025,2025102418,48,50,8,102.1,12.41,35
AL132024,2024100400,48,45,8,66.9,11.17,38
AL132023,2023090900,72,105,8,114.1,13.97,48
AL032023,2023061912,72,30,8,63.8,12.22,40
AL172023,2023092500,48,45,8,44.4,4.69,15
AL092024,2024092612,48,85,8,24.0,4.72,11
AL052023,2023072406,24,40,7,27.3,1.70,5
AL062023,2023081806,48,,8,28.6,2.56,8
AL042024,2024080300,48,25,7,49.1,7.52,23
AL052025,2025081818,24,120,8,107.5,11.59,36
AL192023,2023101106,72,35,8,33.6,7.19,22
AL182024,2024110800,24,90,8,69.0,11.88,31
AL162023,2023092300,48,60,7,28.6,2.88,9
AL202023,2023102606,48,75,8,49.1,10.75,33
AL042025,2025080406,24,40,8,43.5,4.57,14
AL202023,2023101906,24,45,8,57.5,4.04,13
AL172023,2023100100,72,45,7,45.3,7.91,21
AL132025,2025102500,48,55,8,96.8,17.64,47
AL112023,2023082506,48,,6,27.5,5.32,15
AL102023,2023083106,72,50,8,41.2,11.21,29
AL082023,2023083106,24,85,8,67.2,5.63,15
AL072025,2025092412,48,95,8,63.5,9.37,31
AL132023,2023091106,48,105,8,102.0,9.30,26
AL072025,2025091712,24,40,8,44.8,4.50,15
AL062024,2024090718,24,,8,32.6,6.99,17
AL052025,2025081900,24,115,8,101.4,12.42,38
AL022024,2024070112,72,115,7,75.1,11.70,32
AL132023,2023090406,24,,7,39.7,4.79,13
AL092025,2025092800,24,30,8,47.4,5.24,13
AL082023,2023082518,72,45,8,67.6,13.24,45
AL222023,2023111800,24,30,7,28.6,9.43,32
AL102025,2025100606,24,,8,37.2,5.60,20
AL072023,2023082318,72,,8,44.0,5.95,16
AL052025,2025081918,72,90,8,84.0,8.55,23
AL182024,2024110900,72,65,8,29.8,9.08,22
AL162024,2024102000,72,75,8,39.8,15.84,40
AL132023,2023091700,24,55,6,32.7,9.20,25
AL062024,2024090800,24,,8,32.4,9.80,30
AL012025,2025062406,48,,7,27.6,5.68,17
AL042023,2023062306,24,40,8,51.4,7.58,22
AL052023,2023071706,48,30,8,33.6,3.07,10
AL162024,2024101200,48,,8,29.1,6.58,20
AL122024,2024093006,48,30,8,65.2,7.52,24
AL042025,2025080506,72,35,8,40.9,16.11,41
AL032023,2023062106,24,50,8,50.5,5.48,18
AL212023,2023102318,48,25,7,25.7,6.87,17
AL122023,2023083018,72,,6,33.2,9.70,26
AL112024,2024092712,24,35,6,52.2,17.26,44
AL152023,2023091018,48,,6,32.3,8.36,22
AL142024,2024100718,24,150,8,149.0,10.41,28
AL142023,2023090706,72,,7,58.1,6.89,20
AL072025,2025091812,72,45,8,51.2,7.30,20
AL072023,2023082400,72,,8,39.0,4.78,14
AL062025,2025082312,48,,8,48.6,6.48,19
AL062024,2024090818,72,45,8,57.8,13.74,32
AL052024,2024081318,48,50,8,87.2,7.21,19
AL132023,2023090506,72,,8,88.2,12.41,37
AL082023,2023082012,24,,8,36.4,4.14,13
AL172023,2023092618,24,40,8,38.0,4.34,12
AL092025,2025092900,72,35,8,78.8,6.43,19
AL052023,2023072000,24,45,8,49.1,4.91,16
AL022024,2024070606,24,50,7,49.4,3.36,8
AL182024,2024110406,24,30,8,46.6,5.71,20
AL102025,2025100706,72,,8,76.5,24.20,77
AL202023,2023102200,48,75,8,70.4,9.69,24
AL172024,2024110206,24,45,8,40.0,3.30,9
AL152023,2023091612,24,30,8,43.9,5.33,15
AL142024,2024100800,24,150,7,135.0,9.04,26
AL072024,2024091212,48,30,8,32.2,5.09,13
AL062024,2024090900,72,45,8,62.9,13.07,42
AL062023,2023090218,48,45,6,38.7,2.42,7
AL042023,2023062406,72,50,8,46.1,10.05,30
AL172023,2023100118,48,45,7,46.0,8.16,23
AL132025,2025102106,48,,8,60.2,8.68,26
AL132024,2024100600,24,70,8,60.1,8.32,26
AL072025,2025092018,48,55,8,86.8,7.09,23
AL062024,2024091012,48,55,8,34.1,4.49,14
AL032023,2023062206,72,60,6,31.3,9.42,26
AL172023,2023092700,24,40,8,39.8,7.40,25
AL112024,2024092812,72,45,7,31.3,4.99,15
AL032024,2024062818,48,,7,42.7,8.04,20
AL042024,2024080500,24,60,8,43.6,4.10,11
AL192023,2023101206,48,30,8,26.4,5.18,14
AL142024,2024100818,72,140,8,52.5,16.89,54
AL202023,2023102806,24,45,8,36.1,6.06,18
AL082023,2023082112,72,45,8,51.1,10.47,28
AL172023,2023100200,48,45,7,56.4,12.33,32
AL172023,2023092718,72,45,8,49.8,17.66,47
AL162024,2024101906,72,,7,32.9,8.61,26
AL132025,2025102700,24,125,8,122.1,11.47,32
AL052023,2023072100,72,45,7,32.4,4.28,12
AL182024,2024110506,72,45,8,64.2,14.47,43
AL132023,2023091306,24,100,8,91.5,9.12,26
AL022024,2024070212,48,145,7,79.4,11.36,28
AL152023,2023091712,72,50,8,90.4,12.32,40
AL142024,2024101012,48,70,6,37.3,9.16,22
AL132024,2024100700,72,80,8,52.2,13.18,32
AL082023,2023082618,48,75,8,112.0,13.88,42
AL172023,2023092800,72,45,7,58.9,20.33,49
AL102023,2023090100,24,55,8,45.2,3.49,10
AL082023,2023081918,24,,6,33.2,5.46,16
AL072023,2023082418,48,,6,36.0,5.06,13
AL052025,2025081606,72,90,8,115.9,8.49,27
AL042024,2024080600,72,40,8,34.4,2.77,7
AL192024,2024111412,24,30,8,36.9,2.70,8
AL052023,2023071906,24,35,8,41.9,2.75,7
AL162024,2024101400,24,,8,25.2,3.37,11
AL092025,2025092506,72,,8,55.0,14.46,37
AL132025,2025102800,72,150,8,87.5,16.90,49
AL122023,2023083118,48,,6,41.3,5.72,17
AL152023,2023091218,24,,8,28.6,4.78,14
AL142023,2023090806,48,35,8,56.2,9.82,30
AL132023,2023091406,72,85,8,40.8,3.96,13
AL072025,2025091912,48,45,8,64.1,8.77,25
AL072023,2023082500,48,,6,36.7,6.53,18
AL062025,2025082512,24,50,8,42.1,2.53,8
AL062024,2024090918,48,50,8,72.0,11.48,33
AL052024,2024081518,24,75,7,85.4,4.72,12
AL142023,2023091018,24,55,8,61.2,5.65,16
AL132024,2024100206,24,,8,43.1,7.92,22
AL132023,2023090606,48,55,8,95.8,12.14,33
AL122024,2024100612,24,85,8,64.8,4.77,16
AL072023,2023081800,24,,6,30.8,3.43,9
AL092024,2024092418,24,40,7,54.3,11.57,30
AL052025,2025081100,24,,8,33.6,3.11,10
AL022024,2024063012,72,105,7,91.9,19.31,49
AL102025,2025100806,48,45,8,66.6,21.02,55
AL102023,2023090200,72,45,7,39.6,12.63,34
AL202023,2023102400,24,65,8,74.6,6.57,19
AL192024,2024111512,72,45,8,28.9,3.76,9
AL182023,2023092512,72,,7,37.7,9.38,26
AL112023,2023083000,48,30,7,34.6,3.51,10
AL072024,2024091412,24,40,8,31.8,3.41,10
AL042023,2023062506,48,45,8,32.5,5.04,15
AL172023,2023100318,24,40,8,38.6,4.14,12
AL142023,2023091100,24,55,7,64.3,5.62,13
AL132025,2025102306,24,45,8,47.8,6.32,19
AL112023,2023082300,24,,7,20.0,2.16,7
AL072025,2025092218,24,115,8,110.1,4.42,15
AL032023,2023062306,48,50,8,34.9,5.11,16
AL112024,2024092912,48,40,7,31.0,3.06,9
AL092024,2024092500,24,50,8,71.5,10.18,28
AL042025,2025080312,72,,8,44.4,11.15,29
AL202023,2023101812,72,,8,54.1,15.19,36
AL192023,2023101406,24,35,8,30.9,3.98,12
AL152023,2023091318,72,,8,60.5,14.89,40
AL142024,2024100918,48,115,7,52.7,12.42,34
AL082023,2023083012,72,95,8,63.8,12.62,35
AL052024,2024081618,72,85,7,70.4,5.88,16
AL022024,2024062818,24,30,7,44.6,5.32,17
AL202023,2023101206,72,,8,27.4,8.09,26
AL142023,2023091118,72,65,8,74.1,10.02,29
AL132024,2024100306,72,35,8,80.4,10.93,33
AL102025,2025101100,24,50,7,46.3,5.53,18
AL082023,2023082212,48,45,8,43.5,4.63,13
AL072023,2023081900,72,,8,29.2,9.72,27
AL172023,2023100400,24,40,8,41.6,3.81,10
AL172023,2023092818,48,40,8,46.8,9.50,22
AL172023,2023092406,72,40,8,47.4,13.41,36
AL092024,2024092518,72,75,8,22.6,5.32,11
AL052025,2025081200,72,40,8,79.2,16.60,48
AL052023,2023072200,48,50,7,43.3,2.56,7
AL182024,2024110606,48,75,8,89.4,11.56,36
AL162023,2023092206,72,40,8,24.6,3.58,10
AL122023,2023090112,72,30,6,25.2,2.93,8
AL022024,2024070412,24,100,7,61.1,9.75,23
AL202023,2023102500,72,75,8,48.1,8.04,23
AL092025,2025100106,24,75,8,79.1,7.36,20
AL072024,2024091512,72,35,8,32.5,12.60,30
AL022024,2024062900,24,35,7,56.3,9.81,28
AL142023,2023091200,72,70,8,72.8,8.55,22
AL132025,2025102406,72,40,8,82.5,17.07,55
AL132024,2024100800,48,65,8,55.4,12.16,41
AL082023,2023082818,24,125,8,112.4,11.26,33
AL072025,2025092318,72,115,8,60.5,5.73,18
AL172023,2023092900,48,40,8,52.1,7.26,22
AL132023,2023091000,72,95,8,106.6,12.43,33
AL092024,2024092600,72,75,7,19.0,6.83,16
AL072025,2025091518,48,,7,48.6,11.01,29
AL032023,2023062012,72,35,8,52.8,21.79,66
AL052025,2025081706,48,110,8,112.2,7.57,19
AL022024,2024062918,72,60,7,101.4,16.23,48
AL092025,2025092606,48,,8,40.5,6.19,19
AL172023,2023100500,72,35,7,47.4,8.04,22
AL132025,2025102900,48,110,8,84.8,15.61,43
AL202023,2023102006,24,50,8,62.4,7.41,21
AL182023,2023100112,24,35,7,32.6,3.78,12
AL132024,2024101106,24,50,8,41.0,5.32,13
AL132023,2023091506,48,75,8,37.6,6.19,18
AL102023,2023083012,48,100,8,45.2,13.29,45
AL072025,2025091600,48,,6,52.7,10.54,28
AL022024,2024070512,72,80,7,60.7,15.03,38
AL042023,2023062100,48,,8,36.4,5.83,15
AL162024,2024101106,72,,6,25.0,4.00,11
AL132023,2023090806,24,145,8,135.0,9.52,24
AL092025,2025100206,72,80,8,40.5,11.72,40
AL052025,2025082000,24,90,8,91.4,12.42,36
AL032023,2023061818,24,,8,37.6,6.63,18
AL112024,2024092518,48,,8,60.4,16.24,46
AL082023,2023082918,72,110,7,69.0,6.56,21
AL062025,2025082218,72,,6,59.0,11.87,34
AL182023,2023092612,48,,8,52.5,9.96,28
AL062023,2023081912,72,,6,30.2,2.79,7
AL182024,2024111000,72,40,8,29.5,6.02,17
AL012025,2025062412,24,35,7,29.7,2.06,6
AL052023,2023071712,24,30,8,32.6,2.13,6
AL212023,2023102306,72,,7,28.4,6.02,16
AL122024,2024093012,24,45,8,59.9,10.93,28
AL042025,2025080412,48,40,8,42.8,7.91,20
AL202023,2023102106,72,70,8,75.0,10.17,28
AL202023,2023101912,48,50,8,65.5,15.57,37
AL152023,2023091418,48,,8,44.0,7.89,28
AL142024,2024100606,48,40,8,96.6,25.44,72
AL132024,2024101206,72,45,8,30.1,6.10,20
AL082023,2023083112,48,85,8,66.1,7.47,19
AL072024,2024091118,72,30,8,43.2,13.33,42
AL062025,2025082712,48,40,7,32.3,2.56,8
AL052024,2024081718,48,65,7,66.3,5.19,13
AL132025,2025102000,72,,6,44.7,11.25,30
AL132024,2024100406,48,50,8,61.9,7.70,20
AL132023,2023090906,72,100,8,114.4,11.77,37
AL082023,2023082412,24,50,8,50.5,6.93,20
AL052025,2025082100,72,95,8,53.5,12.01,38
AL032023,2023061918,72,35,8,67.8,17.17,50
AL172023,2023092506,48,45,8,45.4,5.01,15
AL132023,2023090412,48,,7,63.9,11.88,31
AL092024,2024092618,48,105,8,27.8,6.98,20
AL052023,2023072400,24,45,8,29.1,2.75,8
AL042024,2024080306,48,25,8,48.4,6.67,20
AL052025,2025081300,48,40,8,47.8,13.82,39
AL182024,2024110806,24,105,8,77.4,9.97,27
AL162023,2023092306,48,60,8,29.5,6.63,22
AL122023,2023090212,48,45,8,34.8,5.50,14
AL092025,2025093000,72,55,7,60.7,12.45,39
AL072024,2024091612,48,30,8,27.4,9.09,24
AL052024,2024081800,48,60,7,60.4,7.00,20
AL172023,2023100106,72,45,7,45.3,11.16,33
AL142023,2023091300,48,75,8,65.5,7.11,20
AL132025,2025102506,48,60,8,96.0,23.07,64
AL102023,2023082918,48,80,8,42.6,4.10,12
AL072025,2025092418,48,90,8,60.6,9.10,27
AL062024,2024091000,72,55,8,27.4,2.97,8
AL052023,2023071812,72,35,8,45.5,6.57,16
AL052024,2024082012,24,60,6,39.8,3.60,11
AL142023,2023090600,24,,8,24.9,5.72,15
AL092024,2024092700,48,120,6,29.5,8.83,27
AL072025,2025091718,24,45,8,44.1,3.83,11
AL072023,2023082306,24,,8,39.9,3.52,10
AL052025,2025081906,24,100,8,86.2,9.42,26
AL022024,2024070118,72,130,7,83.1,15.95,50
AL032023,2023062112,48,50,8,48.1,4.94,13
AL192023,2023101212,24,35,8,32.5,3.70,13
AL092025,2025092806,24,30,8,46.1,4.45,12
AL082023,2023082512,72,45,8,95.1,22.33,72
AL172023,2023100600,48,45,6,52.8,5.19,13
AL182024,2024110906,72,55,8,31.4,7.65,18
AL162024,2024102006,72,70,8,34.0,9.74,25
AL132023,2023091706,24,50,7,33.4,10.81,34
AL072025,2025091800,24,45,8,37.6,5.40,16
AL062024,2024090806,24,,8,29.5,3.85,12
AL022024,2024070612,48,50,7,60.4,6.40,16
AL162024,2024101206,48,,8,29.9,7.36,22
AL122024,2024092918,24,30,7,49.1,2.79,8
AL172024,2024110212,48,50,8,38.6,7.27,22
AL142024,2024101000,72,105,6,35.5,11.69,33
AL112024,2024092718,24,45,6,48.7,6.62,15
AL152023,2023091012,48,,6,31.5,16.16,45
AL142023,2023090700,72,,8,49.5,10.99,33
AL132025,2025101906,72,,6,38.3,8.91,21
AL072025,2025091818,72,45,8,68.9,5.79,19
AL072023,2023082406,72,,8,34.2,6.48,19
AL062025,2025082318,48,35,8,57.0,7.43,25
AL122024,2024100418,48,115,8,85.6,7.48,24
AL082023,2023082018,24,40,8,43.8,3.81,12
AL192023,2023101312,72,35,8,29.1,10.49,28
AL122025,2025101212,48,,7,32.4,10.88,27
AL092025,2025092906,72,40,8,78.2,8.41,27
AL052023,2023072006,24,45,8,47.6,4.69,15
AL112024,2024092800,24,45,7,42.6,6.35,16
AL042025,2025080612,24,45,8,52.8,8.21,20
AL202023,2023102206,48,75,7,77.0,5.92,19
AL152023,2023091618,24,30,8,46.2,5.60,15
AL142024,2024100806,24,135,8,121.9,9.16,22
AL102024,2024092600,24,45,6,46.2,5.08,12
AL072025,2025091900,72,45,8,74.8,10.02,33
AL072024,2024091218,48,30,8,32.9,7.28,20
AL062024,2024090906,72,45,8,47.9,7.00,19
AL052024,2024081918,24,80,6,52.5,4.23,11
AL132025,2025102100,48,,8,54.4,10.00,32
AL132024,2024100606,24,70,8,59.8,10.11,33
AL112023,2023082106,48,,6,37.8,7.41,21
AL072025,2025092012,48,45,8,81.5,11.12,31
AL052025,2025082200,48,85,8,53.0,15.75,50
AL172023,2023092706,24,40,8,43.2,5.99,15
AL132023,2023090612,24,60,8,69.0,8.68,23
AL112024,2024092818,72,40,7,28.9,9.58,25
AL092024,2024092306,48,,8,66.1,11.10,30
AL042024,2024080506,24,70,8,45.5,8.12,24
AL032024,2024062812,48,,7,36.6,5.59,17
AL052025,2025081500,24,60,8,74.1,14.60,42
AL122023,2023090412,24,30,8,29.4,2.83,8
AL082023,2023082118,72,45,8,49.9,8.87,29
AL072024,2024091812,24,,8,29.0,4.21,12
AL172023,2023100206,48,45,8,50.0,8.21,26
AL142023,2023091500,24,65,7,60.4,3.64,11
AL132025,2025102706,24,135,8,125.6,9.36,30
AL062024,2024091100,48,65,6,30.0,2.28,6
AL052023,2023072106,72,45,8,30.1,3.98,12
AL052023,2023071912,48,35,8,39.6,2.00,6
AL112024,2024092900,72,40,7,32.7,12.05,33
AL032023,2023062312,24,50,8,34.8,2.87,9
AL022024,2024070218,48,135,7,80.7,12.85,34
AL042025,2025080712,72,50,7,30.6,4.65,15
AL152023,2023091718,72,55,8,89.9,12.26,38
AL142024,2024100906,72,140,7,48.3,11.57,34
AL112024,2024093012,48,30,8,30.6,10.99,35
AL102024,2024092700,72,50,8,54.9,6.69,22
AL032025,2025070512,24,35,7,29.4,5.41,15
AL022024,2024062706,48,,7,40.7,7.45,23
AL142024,2024101018,48,60,6,30.3,8.07,21
AL132024,2024100706,72,80,8,55.8,14.64,35
AL082023,2023082200,72,45,8,51.4,8.47,27
AL172023,2023092806,72,45,8,63.1,10.12,29
AL132024,2024100212,48,30,8,57.8,9.19,27
AL132023,2023090712,72,80,8,121.1,12.45,37
AL102023,2023090106,24,50,8,40.8,3.88,10
AL072023,2023082000,72,,6,24.0,5.29,15
AL052025,2025081600,72,75,8,118.1,8.59,31
AL192024,2024111418,24,35,8,45.5,6.41,19
AL182023,2023092418,24,,8,25.9,3.60,11
AL162024,2024102106,48,50,8,45.8,9.47,29
AL022024,2024070812,24,65,7,31.4,2.88,9
AL182024,2024110612,24,90,8,91.0,3.74,11
AL152024,2024101812,24,,8,34.1,4.22,12
AL152023,2023091800,72,60,8,89.5,12.64,39
AL102025,2025100912,72,55,8,63.9,10.75,33
AL082025,2025092918,72,120,8,45.4,14.00,45
AL172024,2024110412,24,30,8,26.1,4.12,12
AL142023,2023091600,72,55,7,42.3,7.78,24
AL132025,2025102806,72,150,8,84.6,14.04,47
AL022024,2024063000,24,75,7,96.6,8.81,25
AL202023,2023101718,24,,8,45.6,4.87,14
AL072025,2025091918,48,45,7,73.9,16.62,42
AL072023,2023082506,48,,6,30.2,5.71,15
AL062025,2025082518,24,50,8,38.2,5.47,17
AL042023,2023062006,72,,8,65.1,15.07,41
AL192024,2024111500,24,35,7,41.7,6.92,20
AL182023,2023092500,24,,8,26.4,3.70,11
AL172023,2023093000,48,45,8,60.5,13.29,42
AL122024,2024100618,24,80,8,61.2,3.28,11
AL072023,2023081806,24,,8,33.1,3.76,11
AL192023,2023101412,48,30,8,27.1,6.33,22
AL172023,2023092300,24,,8,31.0,3.12,9
AL122025,2025101412,24,40,7,40.6,5.16,12
AL052025,2025081106,24,,8,36.4,3.16,9
AL022024,2024063018,72,115,7,83.7,15.14,46
AL102023,2023090206,72,50,8,36.1,9.28,26
AL022023,2023060200,48,30,7,22.3,5.02,12
AL202023,2023102406,24,65,8,77.1,7.45,21
AL182023,2023092518,72,,8,44.2,14.60,44
AL132025,2025103000,48,80,8,62.4,5.29,18
AL112023,2023083006,48,30,8,34.1,6.90,23
AL112023,2023082912,24,30,6,31.8,2.56,7
AL082025,2025092412,24,,7,35.4,2.64,7
AL072024,2024091418,24,40,8,30.8,3.62,9
AL062025,2025082600,24,45,8,38.8,5.60,17
AL052024,2024081606,24,85,7,75.9,5.52,16
AL182024,2024110712,72,90,8,41.0,9.61,24
AL142023,2023091106,24,55,8,68.0,4.84,14
AL132023,2023091512,24,70,8,54.2,4.53,15
AL102023,2023082712,24,30,8,44.6,5.32,15
AL112024,2024092918,48,35,7,28.1,6.09,16
AL092024,2024092506,24,55,8,84.8,7.55,21
AL042025,2025080318,72,,8,43.9,12.68,33
AL202023,2023101818,72,35,8,52.9,12.12,37
AL082023,2023083018,72,90,8,61.1,7.40,19
AL192024,2024111600,72,45,7,30.3,4.72,14
AL182023,2023092600,72,,7,47.9,11.44,34
AL102025,2025101106,24,50,7,52.0,3.70,8
AL082023,2023082218,48,35,8,41.5,11.14,32
AL072023,2023081906,72,,8,28.9,5.69,16
AL172023,2023100406,24,40,8,44.4,3.70,11
AL172023,2023092400,72,35,8,40.2,10.82,35
AL132023,2023090318,72,,6,54.3,10.07,29
AL052023,2023072206,48,50,8,39.4,3.16,10
AL052025,2025081206,72,40,8,68.0,12.47,29
AL192023,2023100812,72,,7,43.1,12.16,36
AL122023,2023090118,72,30,8,25.1,2.95,7
AL022024,2024070418,24,95,7,52.3,5.59,16
AL152023,2023091818,48,70,8,83.5,4.50,13
AL102024,2024092800,48,80,7,58.3,5.74,18
AL082025,2025092512,72,40,8,99.6,23.93,64
AL072024,2024091518,72,30,8,31.0,9.56,27
AL052024,2024081706,72,80,7,58.3,3.99,12
AL022024,2024062906,24,40,7,65.0,8.08,24
AL202023,2023102012,48,60,8,71.6,9.86,30
AL142023,2023091206,72,75,8,70.4,9.21,28
AL132024,2024100806,48,60,7,60.1,8.23,20
AL102023,2023082812,72,55,7,44.0,7.30,21
AL082023,2023082300,48,35,8,42.2,8.78,25
AL202023,2023101312,24,,8,29.6,3.96,11
AL172023,2023092906,48,40,8,50.0,10.20,31
AL132024,2024100412,24,55,8,57.9,9.89,26
AL132023,2023090812,48,135,8,119.0,12.74,39
AL092024,2024092606,72,75,8,16.5,7.23,20
AL072023,2023082100,48,40,6,28.8,7.57,19
AL032023,2023062018,72,40,8,50.1,23.79,75
AL122024,2024100212,24,75,8,94.0,7.54,22
AL122023,2023090200,72,30,8,22.2,3.62,12
AL042024,2024080312,24,25,8,39.6,2.97,8
AL062023,2023081818,24,,8,26.5,3.66,12
AL162023,2023092312,24,50,8,28.9,1.64,5
AL152023,2023091900,48,75,8,81.8,6.98,23
AL072024,2024091600,72,30,8,31.0,11.66,30
AL172023,2023100506,72,35,7,42.7,4.89,15
AL152023,2023092112,24,75,7,53.1,7.27,23
AL142023,2023091700,48,40,7,31.7,4.86,13
AL132025,2025102906,48,110,8,87.4,15.56,46
AL102023,2023083018,48,65,8,40.1,8.27,22
AL072025,2025091606,48,,8,53.8,7.94,27
AL052024,2024081200,24,25,8,34.4,4.37,11
AL042023,2023062106,48,,8,42.9,7.08,21
AL022024,2024070518,72,60,7,49.7,10.16,26
AL052025,2025082006,24,85,8,88.4,9.43,26
AL202023,2023101412,72,,8,60.2,17.80,41
AL132024,2024100512,72,70,8,48.8,13.54,33
AL122024,2024100312,72,110,8,88.2,5.26,16
AL062023,2023090100,24,,6,26.8,1.94,5
AL042024,2024080412,72,50,7,40.1,7.29,18
AL182024,2024111006,72,35,8,29.5,7.62,20
AL182024,2024110812,48,95,7,45.1,14.53,33
AL012025,2025062418,24,35,7,29.7,3.20,9
AL052023,2023071718,24,30,8,30.0,1.85,6
AL212023,2023102300,72,,6,27.0,5.80,18
AL162024,2024101212,24,,8,25.5,2.73,8
AL122024,2024093018,24,50,8,68.6,9.26,26
AL042025,2025080418,48,40,8,39.6,8.47,25
AL202023,2023101918,48,50,8,65.2,16.14,56
AL142024,2024100600,48,35,8,91.9,24.42,67
AL132025,2025102612,72,120,8,79.5,13.51,45
AL082023,2023083118,48,80,8,61.0,4.69,13
AL062025,2025082718,48,45,6,34.2,2.99,6
AL052024,2024081300,72,35,7,84.1,10.98,27
AL192024,2024111700,48,35,6,27.2,3.49,10
AL182023,2023092700,48,,8,53.2,8.43,24
AL132025,2025102006,72,,7,66.1,11.60,35
AL082023,2023082418,24,50,8,54.1,2.59,9
AL052025,2025082106,72,90,7,48.3,14.92,44
AL132023,2023090418,48,,8,68.5,12.26,36
AL032024,2024062718,72,,6,31.0,7.46,19
AL052025,2025081306,48,40,8,58.8,12.43,30
AL192023,2023100912,48,,8,47.1,8.58,28
AL122023,2023090218,48,50,8,35.6,6.09,17
AL092025,2025093006,72,55,8,55.8,11.49,32
AL092025,2025092812,48,30,8,56.6,6.61,16
AL082025,2025092612,48,75,8,114.9,10.63,30
AL072024,2024091618,48,30,8,30.0,9.18,24
AL062023,2023090200,72,35,6,31.7,5.05,15
AL052024,2024081806,48,60,7,53.0,3.46,9
AL202023,2023102212,24,70,8,69.4,5.40,16
AL142023,2023091306,48,75,8,64.9,10.34,24
AL102023,2023082912,48,70,8,41.8,1.58,5
AL082023,2023082500,24,50,8,51.6,5.01,17
AL072025,2025092000,72,45,8,88.4,18.36,54
AL062024,2024091006,72,55,8,25.5,3.51,9
AL052023,2023071818,72,35,8,50.5,7.76,20
AL142023,2023090606,24,,6,22.3,4.89,14
AL112023,2023082112,24,,6,30.5,3.94,11
AL092024,2024092706,48,80,8,20.9,5.51,13
AL032024,2024062800,72,,6,35.0,5.66,16
AL032023,2023062118,48,55,8,46.1,4.97,15
AL122023,2023090300,48,40,8,28.0,3.38,10
AL192023,2023101218,24,35,8,30.6,2.56,6
AL112023,2023090100,48,45,6,58.8,2.79,8
AL072024,2024091700,48,30,7,32.6,8.14,24
AL172023,2023100606,48,45,8,49.1,5.77,18
AL132024,2024100118,72,,8,62.4,9.07,31
AL072025,2025091806,24,45,8,37.8,3.11,8
AL052023,2023072012,48,45,8,47.0,4.90,13
AL022024,2024070618,48,50,7,50.4,5.71,16
AL052025,2025081012,72,,7,50.0,12.36,35
AL122024,2024092912,24,,7,46.3,3.95,12
AL082023,2023090112,72,65,7,30.3,9.74,27
AL052023,2023071312,24,,8,42.8,5.60,18
AL202023,2023102312,72,70,8,62.1,9.57,33
AL172024,2024110218,48,55,8,41.8,7.07,19
AL142024,2024101006,72,80,7,25.6,9.80,26
AL082023,2023082600,72,50,8,86.1,17.92,52
AL202023,2023101512,48,,7,37.9,6.52,20
AL132024,2024100612,48,80,8,50.6,11.49,29
AL092023,2023082212,24,40,8,27.2,2.19,6
AL192024,2024111306,48,,8,57.0,9.04,24
AL122024,2024100412,48,120,8,94.4,5.45,18
AL042024,2024080512,48,65,8,43.5,6.07,21
AL162024,2024102112,24,40,8,37.9,6.60,19
AL122025,2025101218,48,,7,32.4,9.34,26
AL122023,2023083100,72,,6,37.0,11.68,32
AL102025,2025101012,72,45,7,50.6,12.86,38
AL042025,2025080618,24,45,8,53.5,8.09,23
AL132025,2025102712,48,140,8,83.6,13.63,44
AL102024,2024092606,24,45,6,50.8,5.56,14
AL072025,2025091906,72,45,8,80.9,17.19,49
AL052024,2024081400,48,55,8,93.5,8.18,22
AL182023,2023092900,24,35,8,40.8,5.28,13
AL082023,2023082106,24,45,8,47.1,7.92,25
AL052023,2023071412,72,40,8,35.8,4.46,12
AL052025,2025082206,48,80,7,50.4,18.64,51
AL132023,2023090618,24,65,8,69.4,9.44,27
AL122025,2025101300,48,,7,39.1,6.91,18
AL092024,2024092300,48,,7,47.3,8.58,25
AL052025,2025081506,24,60,8,78.0,9.04,28
AL122023,2023090418,24,30,6,28.0,1.90,5
AL042025,2025080700,24,45,8,52.1,7.41,22
AL152023,2023091706,24,45,8,63.1,7.45,21
AL102025,2025100818,24,50,8,55.1,4.64,13
AL102023,2023090112,48,50,8,50.9,7.41,19
AL082025,2025092812,24,130,8,122.1,3.76,9
AL012024,2024061812,48,35,7,33.9,3.13,9
AL062023,2023090300,48,50,6,39.0,3.85,10
AL162024,2024102212,72,35,6,48.2,3.31,10
AL142023,2023091506,24,60,8,56.5,2.88,9
AL112023,2023083012,24,30,8,32.5,4.84,16
AL102023,2023082600,48,,6,31.8,6.11,18
AL072025,2025092100,48,55,8,81.9,10.93,32
AL062024,2024091106,48,80,8,27.8,4.59,13
AL052023,2023071918,48,40,8,47.9,3.91,11
AL112024,2024092906,72,40,7,31.7,10.31,25
AL032023,2023062318,24,45,8,38.6,4.50,13
AL032024,2024062900,48,,6,37.8,4.62,10
AL112024,2024093018,48,30,8,33.1,8.76,25
AL102024,2024092706,72,60,8,54.0,6.50,20
AL032025,2025070518,24,40,6,26.2,1.47,4
AL082023,2023082206,72,45,8,50.6,8.80,27
AL202023,2023101118,48,,7,27.7,9.20,25
AL132024,2024100218,48,30,8,67.5,10.66,34
AL132023,2023090718,72,105,8,124.5,11.50,34
AL072023,2023082006,72,,6,26.7,6.86,18
AL072023,2023081812,48,,7,36.4,6.83,18
AL052023,2023072212,24,50,8,50.2,3.41,10
AL022024,2024070818,24,50,6,25.8,2.86,6
AL042024,2024080118,48,,6,37.5,6.66,19
AL052025,2025081112,48,40,8,55.0,13.61,37
AL182024,2024110618,24,100,8,93.4,6.32,20
AL162023,2023092118,48,30,8,37.9,6.13,19
AL152024,2024101818,24,30,8,37.6,6.07,20
AL152023,2023091806,72,70,8,85.0,5.68,14
AL102025,2025100918,72,55,7,64.9,11.57,35
AL082025,2025092912,72,125,8,60.0,11.56,37
AL032025,2025070600,24,40,8,26.6,3.58,9
AL202023,2023102412,48,65,8,56.4,3.38,10
AL142023,2023091606,72,55,8,45.5,7.58,23
AL082023,2023082700,48,75,8,114.0,12.68,29
AL022024,2024063006,24,80,7,102.1,8.34,26
AL202023,2023101712,24,,8,41.0,3.93,12
AL132024,2024100812,24,60,8,58.5,7.35,24
AL052024,2024081006,48,,6,35.5,10.21,28
AL192024,2024111506,24,40,7,44.9,8.91,25
AL182023,2023092506,24,,8,25.9,4.32,13
AL172023,2023093006,48,45,8,63.5,16.03,47
AL122024,2024100100,48,50,8,85.9,10.64,31
AL042024,2024080712,24,50,8,45.2,2.71,7
AL192023,2023101418,48,30,8,28.9,7.32,24
AL172023,2023092306,24,,7,37.7,5.99,19
AL152024,2024101900,24,30,8,27.0,3.21,9
AL122025,2025101418,24,35,7,28.6,4.12,13
AL152023,2023092000,48,85,8,67.9,5.33,15
AL102025,2025101112,48,45,7,41.1,6.57,20
AL082024,2024091612,24,45,8,25.2,5.68,13
AL022023,2023060206,48,30,8,22.2,5.26,15
AL152023,2023091300,24,,8,30.0,4.04,13
AL132025,2025103006,48,85,8,55.5,9.97,34
AL132025,2025102912,24,90,8,87.2,5.50,16
AL112023,2023082918,24,30,8,30.2,3.33,10
AL082025,2025092418,24,35,7,39.0,7.70,21
AL062025,2025082606,24,40,7,40.7,4.92,14
AL052024,2024081600,24,85,7,88.6,5.71,17
AL182024,2024110718,72,90,8,38.2,8.51,24
AL132023,2023091518,24,70,8,48.8,4.40,15
AL102023,2023082718,24,35,8,52.8,3.88,11
AL042023,2023062112,24,,8,32.0,2.62,7
AL052023,2023071512,48,40,7,34.3,4.23,10
AL162024,2024101018,48,,8,25.0,5.26,14
AL122025,2025101500,24,35,6,33.3,2.25,6
AL132024,2024100912,72,75,8,46.6,5.07,16
AL122023,2023090106,24,,6,36.0,4.52,12
AL182023,2023092606,72,,8,63.6,8.93,25
AL072024,2024091506,24,35,8,29.2,2.71,9
AL132023,2023090312,72,,6,55.5,9.93,25
AL102023,2023082800,24,45,8,60.9,7.16,22
AL072025,2025092300,24,120,8,116.8,5.85,14
AL192023,2023100818,72,,8,43.6,11.66,34
AL092025,2025092718,72,30,8,61.0,11.49,40
AL152023,2023091400,72,,8,60.6,13.79,37
AL082025,2025092518,72,50,8,99.6,14.82,37
AL202023,2023102018,48,65,8,74.2,11.54,33
AL102023,2023082818,72,60,8,40.2,3.85,11
AL082023,2023082306,48,45,8,52.2,9.90,28
AL042023,2023062212,72,30,8,45.1,10.08,34
AL202023,2023101318,24,,8,28.2,2.38,7
AL132024,2024100418,24,60,8,58.6,9.68,27
AL132023,2023090818,48,130,8,119.8,12.27,37
AL072023,2023082106,48,35,8,31.4,11.31,32
AL192023,2023100900,72,,8,53.6,18.81,53
AL122024,2024100218,24,80,8,95.4,9.72,30
AL122023,2023090206,72,35,8,26.9,4.91,15
AL052025,2025081312,24,40,8,44.0,5.18,14
AL062023,2023081812,24,,8,25.2,1.83,5
AL042024,2024080318,24,30,8,45.8,2.60,8
AL192023,2023101012,48,,8,36.1,10.95,26
AL162023,2023092318,24,40,8,27.0,3.51,10
AL152023,2023091906,48,75,8,76.0,4.99,16
AL082025,2025092600,72,55,8,102.9,15.83,43
AL072024,2024091606,72,25,8,28.0,10.00,30
AL202023,2023102612,24,,8,56.6,4.69,14
AL152023,2023092118,24,70,7,44.3,12.74,38
AL142023,2023091706,48,35,8,33.6,9.88,29
AL102023,2023082900,72,60,7,41.4,6.85,20
AL082023,2023082900,24,130,7,111.1,12.03,34
AL072025,2025092400,72,110,7,55.0,5.26,16
AL202023,2023101400,24,,8,29.0,3.25,10
AL142023,2023091312,24,80,8,70.4,6.97,18
AL132025,2025102518,24,75,8,100.9,7.55,22
AL112023,2023082512,24,,7,28.4,6.11,18
AL062025,2025082200,24,,7,34.3,1.70,4
AL052024,2024081206,24,25,7,33.7,4.11,13
AL182024,2024110312,72,,8,49.8,6.20,20
AL132023,2023091112,24,105,7,106.1,7.65,22
AL122024,2024100300,24,105,8,109.8,6.67,16
AL112024,2024100100,24,30,8,31.1,3.40,10
AL102024,2024092512,72,,6,62.3,10.46,29
AL202023,2023101418,72,,8,60.4,13.74,33
AL152023,2023092200,24,65,6,46.7,2.66,6
AL132024,2024100518,72,70,8,43.1,12.30,31
AL172023,2023100612,24,45,7,48.1,3.67,8
AL122024,2024100318,72,110,8,84.6,7.65,22
AL072024,2024091100,24,,8,28.4,3.11,10
AL042024,2024080418,72,55,8,38.5,6.61,21
AL052025,2025081412,72,50,8,101.0,16.46,48
AL182024,2024110818,48,90,8,41.0,10.95,26
AL032023,2023061900,24,,7,40.9,7.38,18
AL202023,2023102712,72,55,8,28.9,9.46,32
AL162024,2024101218,24,,8,24.1,3.31,10
AL112024,2024092600,48,,8,58.0,16.65,55
AL202023,2023101500,72,,8,51.9,13.36,31
AL142023,2023091412,72,70,8,45.0,4.57,14
AL132025,2025102618,72,120,8,81.5,14.80,47
AL092023,2023082100,48,,7,31.6,4.39,12
AL062025,2025082300,72,,7,45.7,13.59,42
AL052024,2024081306,72,35,8,85.0,7.50,19
AL192024,2024111706,48,35,6,26.5,5.01,14
AL182023,2023092706,48,,7,53.7,5.94,18
AL142023,2023090612,48,,7,32.4,10.71,25
AL132023,2023091212,72,100,8,78.2,8.43,22
AL122024,2024100400,72,125,8,84.0,6.76,22
AL192023,2023100918,48,,8,53.0,10.56,32
AL092025,2025092818,48,35,8,61.5,4.57,15
AL022024,2024070100,24,115,7,118.0,7.51,20
AL152023,2023091500,48,,8,50.5,9.71,29
AL102025,2025100612,48,,8,57.8,15.74,46
AL082025,2025092618,48,95,8,120.8,7.29,23
AL072024,2024091200,72,30,8,42.9,11.21,30
AL012024,2024061718,72,35,7,35.9,4.60,11
AL202023,2023102218,24,70,8,64.0,8.85,24
AL082023,2023082506,24,50,8,52.6,3.20,10
AL072025,2025092006,72,45,8,86.5,13.44,37
AL042023,2023062312,48,45,8,49.0,6.28,18
AL182023,2023093000,24,45,8,38.5,4.47,13
AL162024,2024101318,72,,8,36.8,12.65,37
AL132025,2025102112,24,45,8,49.0,5.68,15
AL112023,2023082118,24,,6,29.5,3.56,10
AL052025,2025082212,24,80,8,62.6,8.31,26
AL122023,2023090306,48,35,8,23.4,4.44,12
AL082025,2025092700,48,120,8,124.5,8.50,23
AL072024,2024091706,48,30,7,38.7,10.59,24
AL012024,2024061800,72,35,7,30.1,5.46,13
AL132024,2024100112,72,,8,59.9,15.72,50
AL072025,2025092500,48,75,8,54.2,8.56,25
AL172023,2023092212,72,,8,53.8,15.33,46
AL052023,2023072018,48,45,8,48.6,6.37,16
AL022024,2024070200,72,140,7,72.7,10.90,26
AL052025,2025081018,72,,8,47.5,9.87,30
AL182024,2024110412,48,30,8,61.4,11.03,39
AL082023,2023090118,72,70,6,31.5,5.96,15
AL052023,2023071318,24,,8,43.6,9.26,33
AL032024,2024063000,48,,7,24.9,6.23,17
AL202023,2023102318,72,65,8,60.4,7.03,21
AL102024,2024092612,48,45,8,60.8,4.59,15
AL082023,2023082606,72,55,8,105.9,15.91,44
AL202023,2023101518,48,,7,32.4,4.47,13
AL132025,2025102212,72,45,8,69.5,13.43,37
AL132024,2024100618,48,80,8,52.6,11.76,34
AL112023,2023082218,72,,8,30.9,8.97,29
AL092023,2023082218,24,35,6,25.5,2.17,5
AL042024,2024080518,48,50,8,41.2,5.26,13
AL052025,2025081512,48,65,8,108.1,11.03,34
AL022024,2024070706,48,50,7,31.6,2.70,9
AL162024,2024102118,24,35,8,40.2,7.96,24
AL052023,2023071400,24,,8,42.0,5.24,15
AL202023,2023102812,48,45,8,29.6,7.09,23
AL172024,2024110306,48,45,8,30.4,4.90,12
AL122023,2023083106,72,,6,34.8,8.57,26
AL102025,2025101018,72,45,7,46.9,14.78,42
AL202023,2023101600,48,,7,32.4,9.11,29
AL152023,2023091106,48,,8,34.0,10.17,30
AL142023,2023091512,48,55,8,37.1,2.23,6
AL132025,2025102718,48,150,8,88.4,16.20,53
AL062025,2025082400,48,35,8,47.8,7.54,24
AL052024,2024081406,48,60,8,94.4,7.29,24
AL182023,2023092906,24,40,8,43.8,5.55,15
AL142023,2023090812,24,35,8,42.4,3.85,10
AL132023,2023091312,48,100,8,76.1,7.59,17
AL122024,2024100500,48,115,8,81.0,8.70,22
AL082023,2023082100,24,40,7,41.0,6.53,18
AL052023,2023071418,72,40,8,34.9,4.19,12
AL052024,2024081012,24,,8,27.2,6.02,20
AL172023,2023093012,24,45,8,50.5,6.57,22
AL122025,2025101306,48,40,7,39.0,7.07,20
AL152023,2023091700,24,35,8,52.4,6.52,17
AL102025,2025100812,24,50,8,57.0,11.89,36
AL102023,2023090118,48,45,8,54.8,9.56,27
AL082025,2025092818,24,125,8,116.1,6.49,19
AL072024,2024091300,48,30,8,26.1,5.11,14
AL022023,2023060212,24,30,8,25.6,2.13,5
AL012024,2024061818,48,35,7,31.6,3.99,12
AL132025,2025103012,24,90,8,74.4,4.17,13
AL112023,2023083018,24,30,8,33.1,2.53,7
AL102023,2023082606,48,,7,35.6,11.36,36
AL072025,2025092106,48,55,8,77.1,5.14,14
AL052023,2023071500,72,40,8,34.0,4.81,11
AL042023,2023062512,24,40,8,32.4,4.41,14
AL162024,2024101418,48,,8,33.2,8.78,26
AL032024,2024062906,48,,7,35.6,9.00,25
AL142023,2023090912,72,40,8,68.8,9.24,27
AL132024,2024101012,72,85,8,45.0,5.50,17
AL082025,2025092900,24,120,6,110.2,5.49,15
AL012024,2024061900,48,35,7,29.3,3.09,9
AL052024,2024081112,72,,8,59.0,12.26,41
AL072023,2023081818,48,,7,37.3,6.24,18
AL172023,2023092312,48,30,8,33.4,10.49,29
AL162024,2024101500,48,,8,34.1,9.11,30
AL022024,2024070300,48,130,7,80.6,13.35,36
AL052025,2025081118,48,40,8,64.4,8.63,22
AL032023,2023062406,24,40,8,31.0,2.14,6
AL052023,2023072218,24,65,8,50.6,5.71,16
AL032025,2025070606,24,50,8,31.6,2.20,7
AL202023,2023102418,48,65,8,53.1,4.16,11
AL132025,2025103112,72,75,6,40.8,8.11,22
AL112023,2023083118,72,35,6,41.5,3.62,10
AL102024,2024092812,24,90,7,69.7,5.71,15
AL082023,2023082706,48,75,8,104.2,11.02,32
AL132025,2025102312,48,40,8,53.1,8.15,26
AL132024,2024100818,24,65,8,64.5,9.64,28
AL172023,2023092918,24,45,8,53.0,5.58,19
AL122024,2024100106,48,50,8,83.1,6.42,20
AL042024,2024080718,24,50,8,41.5,4.44,10
AL052025,2025081712,24,110,8,113.1,11.73,36
AL192023,2023101000,72,,7,57.7,12.08,35
AL152024,2024101906,24,35,8,29.1,0.99,3
AL152023,2023092006,48,85,8,59.2,8.00,24
AL102025,2025101118,48,40,7,34.7,6.24,16
AL092025,2025092612,24,,8,30.6,6.16,20
AL082024,2024091618,24,35,8,16.2,6.78,17
AL222023,2023111612,24,,8,37.4,4.90,13
AL202023,2023101800,24,,8,48.2,7.91,23
AL172023,2023100418,48,35,7,48.4,13.93,39
AL152023,2023091306,24,,8,29.4,5.26,15
AL142023,2023091712,24,35,7,31.7,2.21,6
AL132025,2025102918,24,80,8,83.8,6.56,19
AL102023,2023083000,72,90,6,43.0,6.48,18
AL082023,2023083000,24,100,8,89.2,4.53,14
AL122024,2024100700,24,70,6,54.0,4.20,11
AL042024,2024080800,24,50,8,35.1,5.64,16
AL032023,2023061706,48,,7,37.9,9.41,25
AL042023,2023062118,24,25,8,34.0,2.62,7
AL052023,2023071518,48,35,8,33.4,5.48,15
AL122025,2025101506,24,35,7,33.1,3.44,9
AL102024,2024092912,72,65,6,35.2,3.19,9
AL092025,2025100112,48,80,8,53.5,15.18,43
AL132024,2024100918,72,80,8,47.4,6.02,19
AL122023,2023090100,24,,6,41.5,7.01,17
AL142023,2023090518,72,,7,50.7,19.79,56
AL082025,2025092506,24,40,8,53.6,5.42,17
AL072024,2024091500,24,35,8,27.4,2.33,7
AL052025,2025081812,72,120,8,95.1,11.34,31
AL102023,2023082806,24,55,8,68.4,10.00,28
AL072025,2025092306,24,120,8,114.2,6.96,19
AL012025,2025062300,48,,8,27.8,6.80,18
AL052023,2023071600,48,35,8,31.6,2.92,8
AL092025,2025092712,72,30,8,65.2,8.96,26
AL042025,2025080400,72,40,7,40.1,8.30,20
AL032023,2023062000,24,35,8,52.4,5.24,17
AL212023,2023102212,48,,6,30.0,4.86,14
AL202023,2023101900,72,35,8,55.5,17.08,53
AL152023,2023091406,72,,7,64.3,14.01,40
AL102025,2025100518,72,,7,73.4,18.76,44
AL082023,2023083100,72,90,7,54.3,10.52,28
AL142024,2024100612,24,50,8,84.1,11.67,32
AL132024,2024101112,48,45,8,39.8,6.20,18
AL052024,2024081212,48,25,7,48.4,8.10,26
AL042023,2023062218,72,30,8,42.2,8.00,18
AL192024,2024111712,24,35,8,27.0,3.30,9
AL182023,2023092712,24,,8,39.6,3.02,9
AL132023,2023090400,72,,6,48.5,14.43,39
AL052025,2025082018,48,95,8,82.0,5.88,18
AL192023,2023100906,72,,8,52.4,16.36,43
AL172023,2023092512,24,45,8,41.4,2.97,9
AL022024,2024070500,24,95,6,51.8,8.13,21
AL052025,2025081318,24,45,8,54.0,8.04,24
AL192023,2023101018,48,,8,37.0,7.48,19
AL182024,2024110300,24,,8,30.5,5.10,16
AL102025,2025100600,72,,7,74.3,22.55,73
AL082025,2025092606,72,65,8,108.2,17.83,44
AL102023,2023082906,72,65,8,43.0,5.29,16
AL082023,2023082906,24,120,8,100.4,11.48,32
AL072025,2025092406,72,100,8,52.8,11.84,37
AL062023,2023090112,48,30,6,27.3,2.88,8
AL042023,2023062300,72,35,8,41.5,7.76,20
AL202023,2023101406,24,,8,32.2,4.06,13
AL142023,2023091318,24,80,8,70.6,7.78,18
AL132025,2025102512,24,60,8,90.8,9.19,26
AL112023,2023082518,24,,6,30.5,4.23,11
AL062025,2025082206,24,,7,33.1,3.13,9
AL032023,2023062100,72,45,8,42.0,8.73,23
AL182024,2024110318,72,30,8,75.9,21.74,66
AL132023,2023091118,24,100,8,106.2,9.87,31
AL122024,2024100306,24,105,8,107.5,5.95,15
AL092024,2024092718,24,30,7,15.0,6.43,20
AL062023,2023081900,24,,7,31.1,2.27,6
AL192023,2023101100,48,30,7,40.0,8.45,21
AL142024,2024100712,72,120,8,77.5,7.76,19
AL102024,2024092518,72,,6,59.8,6.82,17
AL202023,2023102700,24,,8,47.5,5.95,16
AL182023,2023092812,72,35,8,37.2,13.49,38
AL152023,2023092206,24,60,6,47.7,4.13,11
AL112023,2023090112,24,50,6,58.2,2.64,7
AL172023,2023092612,72,40,7,29.9,5.46,16
AL102023,2023083100,48,55,8,39.1,6.71,19
AL072024,2024091106,24,,8,33.6,2.62,8
AL022024,2024070600,72,50,7,42.6,8.24,20
AL052025,2025081418,72,50,8,96.9,13.07,32
AL132023,2023091200,24,100,8,100.2,8.24,25
AL052023,2023071206,48,,8,44.6,9.61,28
AL032023,2023061906,24,,8,40.9,3.31,10
AL202023,2023102718,72,55,7,26.4,4.31,13
AL172024,2024110200,72,,8,32.9,7.22,22
AL112024,2024092606,48,,8,57.0,15.36,50
AL202023,2023101506,72,,8,45.1,10.25,26
AL142023,2023091418,72,70,8,45.8,4.89,16
AL092023,2023082106,48,,7,27.7,3.95,13
AL062025,2025082306,72,,6,47.3,9.40,21
AL142023,2023090618,48,,6,36.5,10.25,27
AL132023,2023091218,72,100,8,76.6,4.75,13
AL122024,2024100406,72,125,8,80.8,6.43,20
AL072023,2023082312,48,,8,52.8,8.66,27
AL052025,2025081912,48,90,8,86.4,10.66,27
AL052023,2023071800,24,35,8,33.2,3.28,11
AL202023,2023102800,72,50,7,26.0,10.38,29
AL022024,2024070106,24,105,7,108.9,10.85,28
AL042025,2025080500,48,40,8,42.9,10.40,25
AL152023,2023091506,48,,8,56.8,10.86,28
AL122023,2023083012,48,,6,32.8,6.11,16
AL102025,2025100618,48,,8,66.4,14.46,45
AL072024,2024091206,72,30,7,31.9,7.97,23
AL152023,2023091112,24,,8,28.8,2.87,9
AL132023,2023091300,72,100,8,75.8,5.42,15
AL062024,2024090812,48,,8,44.2,12.12,32
AL042023,2023062318,48,45,8,45.0,6.21,14
AL052024,2024081412,24,60,8,73.0,3.96,14
AL182023,2023093006,24,45,8,36.5,4.63,13
AL132025,2025102118,24,45,8,52.5,5.50,17
AL132024,2024100100,24,,8,26.9,2.75,9
AL132023,2023090500,48,,8,68.0,13.01,33
AL052025,2025082218,24,80,8,58.8,8.31,27
AL092024,2024092312,24,25,8,43.0,5.78,17
AL102025,2025100700,48,,8,71.2,17.19,50
AL082025,2025092706,48,125,8,120.1,6.13,17
AL082023,2023090106,24,70,8,66.2,5.80,15
AL012024,2024061806,72,35,7,26.6,3.69,9
AL072025,2025092506,48,75,8,52.8,5.85,18
AL062023,2023090312,24,50,8,44.5,2.78,7
AL052023,2023071900,72,35,7,47.0,9.35,26
AL042023,2023062400,48,45,8,42.2,4.77,15
AL172023,2023100212,24,45,8,48.0,3.63,11
AL172023,2023092218,72,,8,61.2,16.62,52
AL162024,2024101406,72,,7,39.7,10.32,28
AL132025,2025102200,24,45,8,46.9,6.56,22
AL072025,2025092112,24,55,8,75.1,12.96,36
AL062024,2024091118,24,80,8,34.4,2.83,7
AL022024,2024070206,72,145,7,81.9,15.76,41
AL032023,2023062200,48,55,8,44.4,6.23,19
AL182024,2024110418,48,40,8,71.0,9.99,32
AL032024,2024062912,24,,7,33.7,5.09,15
AL032024,2024063006,48,,6,21.7,6.56,15
AL192023,2023101300,24,40,8,36.2,2.49,8
AL152023,2023091212,72,,6,47.5,13.29,34
AL142024,2024100812,48,130,8,76.2,10.54,30
AL102024,2024092618,48,45,8,64.1,5.51,15
AL052024,2024081512,72,75,7,76.1,5.70,15
AL022024,2024062712,24,,7,32.9,2.34,6
AL182023,2023092912,48,40,8,33.1,8.41,25
AL142023,2023091012,72,45,7,69.6,4.72,13
AL132025,2025102218,72,45,8,64.8,17.97,46
AL132024,2024100200,72,,8,67.0,13.42,40
AL082025,2025093000,24,105,7,76.4,7.98,19
AL172023,2023092712,48,45,8,38.4,8.03,21
AL092024,2024092412,72,40,8,48.5,4.84,16
AL052025,2025081518,48,65,8,110.5,9.61,27
AL022024,2024070700,48,50,7,38.6,4.72,12
AL182024,2024110500,48,40,7,67.3,3.59,10
AL052023,2023071406,24,45,8,43.5,6.46,19
AL202023,2023102818,48,40,8,27.5,7.63,22
AL172024,2024110300,48,50,8,38.8,5.31,16
AL172023,2023100312,72,40,7,50.7,7.57,20
AL142023,2023091518,48,55,8,37.4,1.19,4
AL132025,2025102300,72,45,8,71.1,24.83,76
AL082023,2023082712,24,85,8,102.2,6.71,17
AL072025,2025092212,72,105,8,74.1,10.38,28
AL062025,2025082406,48,35,8,40.8,4.50,12
AL142023,2023090818,24,35,8,42.6,4.75,14
AL132023,2023091318,48,90,8,72.4,4.41,13
AL122024,2024100506,48,110,8,75.8,6.50,18
AL042024,2024080606,48,40,8,42.9,4.02,12
AL052024,2024081018,24,,8,27.6,6.05,16
AL172023,2023093018,24,45,7,55.4,6.92,20
AL022024,2024062812,72,,7,78.9,8.67,24
AL202023,2023102900,48,35,8,21.2,3.69,11
AL092025,2025092500,48,,6,30.8,3.43,9
AL082024,2024091506,48,,8,28.8,8.89,27
AL072024,2024091306,48,30,8,28.9,4.45,13
AL022023,2023060218,24,35,8,27.2,2.38,7
AL022025,2025062818,48,25,7,28.0,4.62,14
AL142023,2023090900,24,35,8,47.4,6.14,17
AL132025,2025103018,24,90,8,66.5,5.53,18
AL132024,2024101000,24,90,8,76.6,5.24,18
AL132023,2023091400,48,90,8,74.0,3.46,10
AL052023,2023071506,72,40,8,34.5,4.72,14
AL042023,2023062518,24,40,7,31.1,5.30,16
AL132023,2023090700,24,70,8,77.9,10.26,30
AL092025,2025100100,72,75,7,53.1,12.52,33
AL102024,2024093012,72,50,6,29.0,3.29,9
AL082023,2023082812,72,125,8,91.1,6.90,23
AL142023,2023090918,72,40,8,60.0,9.23,26
AL132024,2024101018,72,60,8,37.1,6.75,18
AL102025,2025100900,24,55,8,53.9,7.68,24
AL082025,2025092906,24,115,8,98.1,7.10,22
AL052024,2024081118,72,25,8,63.2,11.76,33
AL012024,2024061906,48,35,7,27.0,4.47,15
AL192024,2024111518,48,45,7,34.6,7.79,19
AL042023,2023062600,24,35,7,26.9,3.72,9
AL172023,2023092318,48,35,7,42.3,9.62,30
AL032023,2023062400,24,45,8,38.5,5.07,16
AL022024,2024070306,48,125,7,81.1,13.06,35
AL202023,2023102000,72,50,8,71.1,12.16,33
AL152023,2023091312,48,,8,40.8,11.55,36
AL132024,2024101100,72,55,8,35.4,10.06,25
AL102024,2024092818,24,85,7,62.7,4.54,12
AL052024,2024081612,48,85,7,67.3,10.16,25
AL202023,2023101200,48,,8,26.0,5.18,18
AL142023,2023091112,48,60,8,74.0,8.21,24
AL132025,2025102318,48,40,8,68.2,21.20,56
AL132024,2024100300,48,35,8,72.1,10.58,30
AL132023,2023090800,72,135,8,122.9,9.78,31
AL032023,2023061812,72,,8,72.4,12.65,33
AL172023,2023092912,24,40,8,46.1,5.08,15
AL092024,2024092512,48,60,8,50.9,3.18,9
AL042024,2024080200,48,,7,37.0,3.96,11
AL052025,2025081718,24,110,8,114.5,7.87,21
AL192023,2023101006,72,,7,38.7,10.37,29
AL182024,2024110700,24,90,8,87.0,6.85,19
AL162023,2023092200,48,35,8,35.0,5.48,18
AL202023,2023102506,48,85,8,54.5,3.30,8
AL092025,2025092618,24,30,8,42.2,5.15,14
AL222023,2023111618,24,30,8,38.1,7.20,23
AL202023,2023101806,24,,8,42.8,4.89,13
AL172023,2023100412,48,40,8,49.0,4.07,12
AL132025,2025102400,48,40,8,74.0,17.34,56
AL132024,2024100906,24,70,8,74.1,6.36,19
AL112023,2023082406,48,,8,32.6,8.67,27
AL102023,2023083006,72,105,7,48.7,6.92,22
AL082023,2023083006,24,95,8,86.8,6.09,15
AL072025,2025092312,48,120,8,81.2,6.63,20
AL132023,2023091006,48,90,8,108.6,10.72,30
AL122024,2024100706,24,65,6,50.2,5.67,13
AL072025,2025091612,24,,8,43.0,3.74,10
AL052025,2025081800,24,110,8,112.8,7.44,19
AL042024,2024080806,24,45,8,29.4,3.25,11
AL192023,2023101500,48,30,7,32.0,8.52,23
AL132023,2023090306,24,,8,25.5,8.37,25
AL102024,2024092918,72,60,6,33.2,1.72,4
AL092025,2025100118,48,85,8,54.4,14.31,42
AL062023,2023082000,24,30,8,30.6,4.81,11
AL022024,2024062912,48,55,7,98.6,13.87,40
AL092025,2025092700,24,30,8,40.1,4.26,11
AL082025,2025092500,24,40,8,52.4,7.98,25
AL052025,2025081818,72,120,8,89.6,12.48,33
AL182024,2024110800,72,90,8,37.9,6.79,18
AL132023,2023091600,24,70,8,44.2,4.65,14
AL012025,2025062306,48,,8,31.2,4.06,13
AL042023,2023062206,24,30,8,40.0,3.25,10
AL052023,2023071606,48,35,8,32.0,3.25,9
AL162024,2024101100,48,,8,27.9,5.25,16
AL092025,2025100200,48,85,8,56.1,8.25,27
AL032023,2023062006,24,35,8,51.2,8.45,23
AL042025,2025080406,72,40,8,43.6,8.48,22
AL212023,2023102218,48,,8,29.0,8.07,24
AL202023,2023101906,72,45,8,65.6,12.88,44
AL112024,2024092612,24,,6,52.0,20.87,54
AL082023,2023083106,72,85,7,47.1,8.51,23
AL082023,2023082912,48,115,7,91.6,4.79,13
AL142024,2024100618,24,70,8,107.2,6.14,17
AL132024,2024101118,48,45,8,43.4,6.95,18
AL072025,2025091712,72,40,8,44.6,9.43,30
AL062025,2025082212,48,,7,53.4,10.66,33
AL062024,2024090718,72,,8,34.0,7.05,19
AL052025,2025081900,72,115,8,90.0,12.06,32
AL052024,2024081218,48,35,8,62.0,13.26,33
AL192024,2024111718,24,30,8,25.5,3.82,10
AL182023,2023092718,24,,8,44.0,6.70,21
AL132023,2023090406,72,,7,72.3,12.12,36
AL052025,2025082012,48,95,8,88.1,9.52,22
AL172023,2023092518,24,40,8,35.9,2.64,7
AL092025,2025092800,72,30,8,66.2,9.25,25
AL022024,2024070506,24,95,7,57.0,7.39,19
AL182024,2024110306,24,,8,35.8,5.57,16
AL102025,2025100606,72,,8,65.8,19.71,65
AL202023,2023102100,48,70,7,73.3,13.14,37
AL152023,2023091512,24,30,7,41.7,6.29,19
AL142024,2024100700,24,75,6,104.7,9.69,25
AL132024,2024101200,48,45,8,38.5,3.66,10
AL072024,2024091112,48,30,7,40.6,7.04,17
AL062024,2024090800,72,,8,35.9,12.88,43
AL062023,2023090118,48,35,8,34.0,6.16,17
AL052024,2024081812,24,60,7,68.0,5.42,14
AL042023,2023062306,72,40,8,46.6,7.71,18
AL132024,2024100500,24,65,8,59.5,11.31,28
AL132023,2023090900,48,105,8,109.0,13.56,40
AL032023,2023062106,72,50,8,41.4,9.91,26
AL032023,2023061912,48,30,8,57.6,9.46,29
AL172023,2023092600,24,45,8,42.1,4.52,13
AL112024,2024092712,72,35,6,37.3,10.86,31
AL092024,2024092712,24,45,7,18.7,6.45,19
AL042024,2024080400,24,40,8,60.0,7.73,22
AL062023,2023081906,24,,7,31.9,3.67,10
AL192023,2023101106,48,35,8,36.1,6.64,18
AL162023,2023092400,24,30,8,24.5,3.25,8
AL142024,2024100718,72,150,8,73.6,12.57,40
AL082023,2023082012,72,,8,47.8,7.54,23
AL172023,2023100100,48,45,7,46.7,11.43,31
AL172023,2023092618,72,40,8,28.5,4.99,15
AL132025,2025102600,24,90,8,109.1,8.17,24
AL102023,2023083106,48,50,8,38.2,5.47,15
AL072025,2025092512,24,65,8,61.9,7.00,19
AL052023,2023072000,72,45,8,49.4,7.44,25
AL022024,2024070606,72,50,7,34.7,2.43,7
AL182024,2024110406,72,30,8,69.2,13.22,40
AL132023,2023091206,24,100,8,98.6,6.19,19
AL022024,2024070112,48,115,7,92.1,11.88,37
AL172024,2024110206,72,45,8,31.0,6.21,20
AL152023,2023091612,72,30,8,84.6,12.68,32
AL142024,2024100800,72,150,7,64.6,16.55,53
AL032024,2024063012,24,,7,29.4,3.95,12
AL132024,2024100600,72,70,8,45.1,11.74,36
AL082023,2023082518,48,45,8,53.2,8.61,22
AL182023,2023093012,48,40,7,25.7,8.64,23
AL172023,2023092700,72,40,8,30.8,7.83,21
AL072023,2023082318,48,,8,45.8,4.59,12
AL042024,2024080500,72,60,8,40.2,6.82,22
AL052025,2025081918,48,90,8,88.9,10.06,27
AL192024,2024111312,24,,8,30.9,6.51,18
AL182024,2024110900,48,65,8,33.0,6.46,17
AL162024,2024102000,48,75,8,47.2,24.41,66
AL052023,2023071806,24,35,8,35.8,2.82,8
AL202023,2023102806,72,45,7,22.1,3.53,9
AL162024,2024101300,24,,8,25.8,2.05,6
AL042025,2025080506,48,35,8,38.6,10.60,28
AL132025,2025102700,72,125,8,82.4,11.84,36
AL122023,2023083018,48,,6,36.5,6.77,19
AL152023,2023091118,24,,8,28.4,2.97,10
AL142023,2023090706,48,,7,47.9,5.98,17
AL132023,2023091306,72,100,8,70.6,5.78,17
AL072025,2025091812,48,45,8,41.4,7.03,18
AL072023,2023082400,48,,8,48.1,6.81,20
AL062025,2025082412,24,35,8,39.2,1.83,5
AL062024,2024090818,48,45,8,53.4,15.23,40
AL052024,2024081418,24,65,7,81.1,2.19,6
AL132024,2024100106,24,,8,31.0,3.66,9
AL132023,2023090506,48,,8,68.0,8.88,23
AL122024,2024100512,24,105,8,85.5,5.53,15
AL092025,2025092900,48,35,8,62.2,4.50,14
AL092024,2024092318,24,30,8,45.6,5.76,16
AL052025,2025081000,24,,7,29.7,3.30,9
AL102025,2025100706,48,,8,68.0,15.08,45
AL102023,2023090100,72,55,8,52.1,9.86,31
AL082023,2023090100,24,75,8,73.6,6.70,20
AL082023,2023081918,72,,6,47.0,9.21,26
AL202023,2023102300,24,75,8,71.8,10.58,33
AL192024,2024111412,72,30,8,33.6,5.13,15
AL072024,2024091312,24,35,8,35.4,1.60,5
AL062024,2024090900,48,45,8,62.2,15.36,49
AL052023,2023071906,72,35,8,50.1,6.36,17
AL042023,2023062406,48,50,8,44.0,7.46,21
AL062023,2023090318,24,45,7,41.1,3.24,10
AL172023,2023100218,24,45,7,41.0,3.37,11
AL162024,2024101400,72,,7,37.9,12.25,34
AL142023,2023091000,24,45,8,51.5,4.47,13
AL132025,2025102206,24,45,8,48.4,6.19,17
AL072025,2025092118,24,65,8,85.2,14.13,45
AL062024,2024091112,24,80,8,40.0,6.14,18
AL032023,2023062206,48,60,8,43.9,4.85,16
AL112024,2024092812,48,45,7,33.1,4.10,12
AL092024,2024092400,24,30,8,42.6,4.93,15
AL032024,2024062918,24,,7,36.1,3.08,8
AL192023,2023101306,24,40,8,35.2,3.28,9
AL152023,2023091218,72,,8,50.8,10.54,27
AL142024,2024100818,48,140,8,72.1,11.99,34
AL022024,2024062718,24,,7,37.7,4.46,12
AL052024,2024081518,72,75,7,74.9,6.41,16
AL182023,2023092918,48,40,6,31.8,7.99,19
AL142023,2023091018,72,55,8,72.4,6.72,21
AL132024,2024100206,72,,8,71.6,14.01,45
AL122024,2024100612,72,85,6,43.5,8.31,24
AL102025,2025101000,24,50,7,46.1,5.46,17
AL082025,2025093006,24,90,8,71.2,6.34,19
AL082023,2023082112,48,45,8,45.4,7.01,21
AL072023,2023081800,72,,6,37.8,9.11,22
AL172023,2023100300,24,45,6,42.0,5.10,14
AL172023,2023092718,48,45,8,40.6,10.78,29
AL162024,2024101906,48,,7,31.3,7.54,21
AL092024,2024092418,72,40,7,35.3,5.02,14
AL052023,2023072100,48,45,7,45.6,4.72,14
AL052025,2025081100,72,,8,53.5,12.29,38
AL182024,2024110506,48,45,8,69.4,6.28,19
AL022024,2024070312,24,125,7,88.3,11.73,29
AL202023,2023102400,72,65,8,54.5,7.80,25
AL152023,2023091712,48,50,8,87.8,9.59,23
AL142024,2024100900,48,140,6,64.5,16.45,45
AL072024,2024091412,72,40,8,31.0,13.28,34
AL022024,2024062800,24,,7,37.6,5.68,15
AL172023,2023100318,72,40,7,46.7,4.86,14
AL142023,2023091100,72,55,7,74.6,6.29,16
AL132025,2025102306,72,45,8,85.1,32.31,90
AL132024,2024100700,48,80,8,52.9,10.09,27
AL112023,2023082300,72,,7,26.9,6.26,17
AL082023,2023082718,24,85,8,100.9,4.76,14
AL072025,2025092218,72,115,8,75.2,7.69,21
AL172023,2023092800,48,45,8,42.1,14.96,39
AL092024,2024092500,72,50,8,33.0,3.70,10
AL052025,2025081606,48,90,8,121.5,5.71,14
AL042024,2024080600,48,40,8,40.4,5.58,14
AL162024,2024102200,24,35,8,37.4,6.00,16
AL022024,2024062818,72,30,7,90.3,12.75,31
AL202023,2023102906,48,35,6,21.7,3.93,11
AL102025,2025101100,72,50,7,41.7,16.61,52
AL092025,2025092506,48,,8,36.6,4.90,15
AL172023,2023100400,72,40,8,49.2,9.44,26
AL132025,2025102800,48,150,8,88.2,16.42,54
AL102024,2024093000,24,55,7,40.4,1.51,4
AL142023,2023090906,24,40,8,49.9,3.60,11
AL132024,2024101006,24,90,8,62.8,5.39,16
AL132023,2023091406,48,85,8,68.0,3.02,9
AL022024,2024070412,72,100,7,53.3,5.85,19
AL132023,2023090706,24,70,7,90.3,5.02,15
AL092025,2025100106,72,75,7,49.6,11.79,34
AL022024,2024062900,72,35,7,96.7,10.03,26
AL032023,2023061718,24,,8,33.1,5.33,19
AL082023,2023082818,72,125,8,85.6,5.83,18
AL022024,2024063012,48,105,7,110.9,10.37,28
AL102025,2025100906,24,55,8,60.9,12.69,41
AL102023,2023090200,48,45,7,48.0,11.78,31
AL022023,2023060306,24,35,8,30.1,3.80,10
AL192024,2024111512,48,45,8,46.6,15.14,41
AL182023,2023092512,48,,7,33.3,5.50,17
AL112023,2023083100,24,30,8,32.0,2.45,7
AL042023,2023062606,24,,7,24.0,4.12,12
AL012025,2025062312,24,,8,32.6,3.58,9
AL042025,2025080312,48,,8,42.9,5.74,19
AL202023,2023102006,72,50,8,78.1,16.06,50
AL202023,2023101812,48,,8,55.0,9.23,29
AL152023,2023091318,48,,8,45.9,11.46,32
AL132024,2024101106,72,50,8,31.8,5.34,15
AL082023,2023083012,48,95,8,69.9,5.38,17
AL052024,2024081618,48,85,7,70.7,4.72,11
AL202023,2023101206,48,,8,25.2,4.20,13
AL142023,2023091118,48,65,8,77.6,11.20,30
AL132024,2024100306,48,35,8,70.5,15.83,39
AL132023,2023090806,72,145,8,123.4,9.27,29
AL082023,2023082312,24,40,8,42.9,5.69,16
AL072023,2023081900,48,,8,35.9,4.64,14
AL052025,2025082000,72,90,8,79.6,6.28,17
AL032023,2023061818,72,,8,74.2,16.40,48
AL172023,2023092406,48,40,8,42.5,10.18,30
AL092024,2024092518,48,75,8,42.0,4.66,15
AL052023,2023072300,24,65,8,48.1,4.70,14
AL052025,2025081200,48,40,8,64.1,12.10,31
AL182024,2024110706,24,90,8,86.6,9.77,23
AL162023,2023092206,48,40,8,30.1,5.57,18
AL122023,2023090112,48,30,6,29.8,5.12,13
AL202023,2023102500,48,75,8,56.0,7.09,22
AL152023,2023091912,24,80,8,76.4,6.72,18
AL102024,2024092906,24,70,7,51.9,3.44,11
AL072024,2024091512,48,35,8,29.0,8.96,26
AL142023,2023091200,48,70,8,78.5,11.08,28
AL132025,2025102406,48,40,8,81.2,17.32,52
AL132024,2024100900,24,70,8,72.2,3.85,13
AL072025,2025092318,48,115,8,68.5,6.23,18
AL052023,2023071712,72,30,8,39.8,5.34,18
AL132023,2023091000,48,95,8,113.8,10.65,30
AL122024,2024093012,72,45,8,89.4,17.55,51
AL092024,2024092600,48,75,7,31.1,6.15,20
AL072025,2025091618,24,,8,41.2,2.87,10
AL052025,2025081806,24,115,8,108.8,7.48,22
AL032023,2023062012,48,35,8,50.1,11.21,30
AL192023,2023101506,48,30,6,27.0,4.98,14
AL062023,2023082006,24,30,8,27.9,3.31,11
AL022024,2024062918,48,60,7,101.4,6.27,20
AL092025,2025092706,24,30,8,42.8,3.15,9
AL082023,2023082412,72,50,8,64.1,10.74,33
AL222023,2023111706,24,30,7,30.7,5.22,14
AL172023,2023100500,48,35,7,47.4,8.10,22
AL182024,2024110806,72,105,8,40.1,10.51,29
AL132023,2023091606,24,70,8,42.0,4.81,12
AL102023,2023083112,24,50,8,44.4,3.54,12
AL072025,2025091700,24,,8,39.1,3.27,10
AL042023,2023062200,24,,8,35.5,4.24,13
AL022024,2024070512,48,80,7,58.0,10.39,33
AL162024,2024101106,48,,6,24.2,4.79,13
AL092025,2025100206,48,80,8,53.9,9.82,31
AL112024,2024092618,24,,6,42.3,3.44,10
AL082023,2023082918,48,110,8,85.4,3.34,9
AL142023,2023090600,72,,7,44.1,13.58,35
AL072025,2025091718,72,45,8,43.2,8.71,26
AL072023,2023082306,72,,8,52.1,6.06,17
AL062025,2025082218,48,,6,51.3,7.39,22
AL052025,2025081906,72,100,8,87.1,11.97,33
AL062023,2023081912,48,,8,30.1,6.60,19
AL192023,2023101212,72,35,8,25.0,4.54,15
AL182024,2024111000,48,40,8,28.5,3.38,9
AL092025,2025092806,72,30,8,66.2,6.23,17
AL212023,2023102306,48,,8,25.0,3.59,10
AL042025,2025080512,24,35,8,42.8,7.52,21
AL202023,2023102106,48,70,8,75.9,10.55,30
AL152023,2023091518,24,30,8,40.9,4.61,14
AL142024,2024100706,24,90,8,121.1,18.80,47
AL132024,2024101206,48,45,8,35.5,2.88,8
AL072025,2025091800,72,45,8,40.8,7.67,23
AL072024,2024091118,48,30,8,43.0,10.70,30
AL062024,2024090806,72,,8,44.0,12.88,41
AL052024,2024081818,24,65,7,67.9,7.45,23
AL132025,2025102000,48,,6,41.2,5.85,15
AL132024,2024100506,24,70,8,65.5,9.13,24
AL132023,2023090906,48,100,8,113.6,18.13,52
AL122024,2024092918,72,30,7,76.4,12.77,32
AL052025,2025082100,48,95,8,79.8,8.78,22
AL032023,2023061918,48,35,8,63.6,8.85,24
AL172023,2023092606,24,45,8,41.4,3.25,10
AL132023,2023090512,24,30,8,50.4,6.78,17
AL112024,2024092718,72,45,6,36.5,8.46,24
AL052025,2025081400,24,45,8,54.0,9.74,31
AL042024,2024080406,24,45,8,59.6,7.65,20
AL122023,2023090312,24,35,8,28.2,3.54,12
AL092025,2025093000,48,55,7,76.3,7.93,22
AL082023,2023082018,72,40,8,49.4,9.29,23
AL072024,2024091712,24,30,7,30.3,5.56,16
AL052024,2024081900,24,70,7,67.3,5.82,18
AL172023,2023100106,48,45,7,44.1,11.92,30
AL142023,2023091400,24,75,8,67.0,7.67,21
AL132025,2025102606,24,110,8,118.0,7.56,21
AL072025,2025092518,24,60,8,55.8,6.67,19
AL062024,2024091000,48,55,8,59.4,5.76,15
AL052023,2023072006,72,45,8,47.4,5.29,15
AL052023,2023071812,48,35,8,42.2,4.43,14
AL112024,2024092800,72,45,7,42.0,17.43,51
AL032023,2023062212,24,60,8,52.5,4.47,13
AL022024,2024070118,48,130,7,93.4,9.36,28
AL042025,2025080612,72,45,7,37.0,4.43,12
AL152023,2023091618,72,30,8,84.6,10.98,38
AL142024,2024100806,72,135,8,55.5,15.05,48
AL102024,2024092600,72,45,6,60.0,5.02,13
AL032025,2025070412,24,,7,31.9,2.79,9
AL032024,2024063018,24,30,7,24.1,3.53,10
AL132024,2024100606,72,70,8,45.4,9.24,29
AL082023,2023082512,48,45,8,66.0,12.12,39
AL182023,2023093018,48,40,7,28.4,6.08,17
AL172023,2023092706,72,40,8,35.4,8.45,25
AL132023,2023090612,72,60,8,117.0,13.05,39
AL042024,2024080506,72,70,8,41.6,7.33,23
AL052025,2025081500,72,60,8,107.8,11.71,37
AL192024,2024111318,24,25,8,36.2,11.12,34
AL182024,2024110906,48,55,8,30.6,3.29,9
AL162024,2024102006,48,70,8,37.6,10.53,29
AL162024,2024101912,24,45,7,38.0,6.35,16
AL122023,2023090412,72,30,8,24.5,5.58,17
AL022024,2024070712,24,55,7,55.6,3.78,12
AL072024,2024091812,72,,8,39.5,10.16,34
AL172024,2024110312,24,40,8,30.9,3.52,9
AL142024,2024101000,48,105,7,47.9,12.64,33
AL142023,2023091500,72,65,7,47.7,6.47,18
AL132025,2025102706,72,135,8,87.8,10.38,26
AL142023,2023090700,48,,8,38.0,6.50,20
AL132025,2025101906,48,,6,34.5,6.95,18
AL072025,2025091818,48,45,8,52.2,4.23,13
AL072023,2023082406,48,,8,47.0,6.95,21
AL062025,2025082418,24,40,8,42.9,2.30,6
AL032023,2023062312,72,50,6,27.2,4.71,14
AL192024,2024111400,24,25,8,38.9,4.58,13
AL122024,2024100518,24,105,8,82.8,5.55,14
AL072023,2023081706,24,,6,33.8,4.36,12
AL062023,2023082206,48,25,6,19.8,5.46,14
AL192023,2023101312,48,35,8,28.0,6.32,16
AL172023,2023092200,24,,8,32.8,3.37,12
AL122025,2025101312,24,45,7,42.6,5.16,13
AL092025,2025092906,48,40,8,64.9,3.56,11
AL052025,2025081006,24,,8,27.2,6.98,20
AL102023,2023090106,72,50,8,44.9,7.92,21
AL202023,2023102306,24,70,8,69.8,9.00,25
AL192024,2024111418,72,35,8,44.4,18.17,50
AL182023,2023092418,72,,8,38.4,8.88,24
AL072025,2025091900,48,45,8,58.5,9.56,29
AL072024,2024091318,24,35,8,31.9,4.39,11
AL062024,2024090906,48,45,8,67.8,12.30,43
AL022024,2024070812,72,65,7,27.4,3.36,9
AL182024,2024110612,72,90,8,77.5,22.12,60
AL152024,2024101812,72,,6,29.2,4.31,12
AL142023,2023091006,24,45,8,52.9,4.55,16
AL102023,2023082612,24,,8,26.2,3.11,10
AL112024,2024092818,48,40,7,31.4,4.72,12
AL092024,2024092406,24,30,8,47.6,8.03,20
AL022024,2024063000,72,75,7,98.1,14.86,39
AL202023,2023101718,72,,8,76.8,20.94,69
AL192024,2024111500,72,35,7,33.9,14.36,32
AL182023,2023092500,72,,7,43.1,12.36,33
AL122024,2024100618,72,80,6,42.2,9.56,28
AL102025,2025101006,24,45,8,41.0,2.00,6
AL082023,2023082118,48,45,8,41.4,3.66,10
AL072023,2023081806,72,,8,39.4,9.36,25
AL172023,2023100306,24,45,7,41.0,3.65,11
AL172023,2023092300,72,,8,53.2,9.72,28
AL122025,2025101412,72,40,7,32.1,10.73,26
AL062024,2024091200,24,70,8,33.5,2.88,7
AL052023,2023072106,48,45,8,45.0,3.59,8
AL052025,2025081106,72,,8,61.0,11.36,37
AL112024,2024092900,48,40,7,32.9,5.46,18
AL022024,2024070318,24,120,7,85.6,14.84,36
AL042025,2025080712,48,50,8,38.0,4.17,14
AL202023,2023102406,72,65,8,51.2,6.67,21
AL152023,2023091718,48,55,8,99.5,12.08,32
AL142024,2024100906,48,140,8,63.9,17.53,59
AL102024,2024092700,48,50,8,62.9,3.68,11
AL082025,2025092412,72,,7,60.6,12.27,35
AL072024,2024091418,72,40,8,28.9,11.51,29
AL052024,2024081606,72,85,7,79.9,10.79,32
AL142023,2023091106,72,55,8,69.6,4.44,13
AL132024,2024100706,48,80,8,53.1,10.95,29
AL102023,2023082712,72,30,8,62.1,6.27,19
AL082023,2023082200,48,45,8,45.9,3.76,12
AL202023,2023101212,24,,8,26.4,4.84,16
AL172023,2023092806,48,45,8,49.2,11.15,34
AL132024,2024100312,24,40,8,57.0,2.56,8
AL132023,2023090712,48,80,8,126.9,15.76,38
AL092024,2024092506,72,55,8,26.6,4.57,13
AL072023,2023082000,48,,6,28.7,2.73,7
AL052025,2025081600,48,75,8,115.4,9.90,31
AL162024,2024102206,24,35,8,37.4,3.58,11
AL122024,2024100112,24,60,8,75.2,10.18,29
AL042024,2024080212,24,25,7,31.4,3.10,7
AL162023,2023092212,24,45,8,42.9,3.87,11
AL152023,2023091800,48,60,8,96.2,10.35,30
AL102025,2025101106,72,50,7,38.1,12.71,36
AL102025,2025100912,48,55,8,59.5,7.71,27
AL082025,2025092918,48,120,8,77.1,9.13,23
AL172023,2023100406,72,40,7,48.9,8.17,22
AL152023,2023092012,24,80,8,72.9,6.01,16
AL142023,2023091600,48,55,7,36.0,1.83,5
AL132025,2025102806,48,150,8,93.0,12.65,40
AL102024,2024093006,24,55,8,41.0,2.14,7
AL042023,2023062006,48,,8,50.8,9.65,25
AL022024,2024070418,72,95,7,56.1,12.36,38
AL032023,2023062412,48,40,6,23.0,6.72,19
AL052024,2024081100,24,,8,32.9,4.52,13
AL022024,2024062906,72,40,7,100.4,11.60,28
AL032023,2023061712,24,,6,28.7,6.09,14
AL192023,2023101512,24,25,8,24.9,3.14,9
AL022024,2024063018,48,115,7,105.9,8.21,24
AL202023,2023101312,72,,8,35.0,10.23,31
AL132024,2024100412,72,55,8,65.2,17.13,46
AL102023,2023090206,48,50,8,46.1,10.45,28
AL022023,2023060300,24,35,8,27.5,2.93,8
AL182023,2023100100,24,35,7,28.1,2.41,7
AL182023,2023092518,48,,8,34.4,5.18,15
AL132025,2025103100,24,85,8,62.6,6.07,17
AL122024,2024100212,72,75,8,101.5,10.68,37
AL112023,2023083106,24,35,8,36.8,1.04,3
AL042024,2024080312,72,25,8,34.6,6.02,17
AL062023,2023081818,72,,6,29.5,5.99,16
AL182024,2024110712,48,90,8,54.8,11.59,31
AL012025,2025062318,24,,7,35.0,2.71,7
AL162024,2024101112,24,,8,33.0,3.12,9
AL152023,2023092112,72,75,6,46.7,11.17,30
AL042025,2025080318,48,,8,42.5,4.72,14
AL202023,2023101818,48,35,8,51.2,8.75,22
AL082023,2023083018,48,90,8,70.4,5.83,16
AL052024,2024081200,72,25,8,57.8,11.94,38
AL192024,2024111600,48,45,7,29.6,3.51,9
AL182023,2023092600,48,,8,38.1,6.40,19
AL082023,2023082318,24,35,8,40.6,6.67,20
AL072023,2023081906,48,,8,35.0,4.78,14
AL052025,2025082006,72,85,8,72.4,6.59,16
